content_id,url,type,title,category,status,published_at,updated_at,content_hash,source_count,review_state,primary_intent,gsc_clicks,gsc_impressions,gsc_window,gsc_available,proposed_action,reason,evidence,approval_needed
blog-366,/blog/adult-cat-adoption-guide,blog,성묘 입양의 모든 것 — 새끼 고양이보다 쉬운 이유,1,published,2026-07-17T09:00:00.000Z,,sha256:c44f2e234dda3f2ffdb4a76b9bb5a2628da028d400293b5412c17acf3d344cec,3,UNVERIFIED,not_semantically_classified,,,,false,NEEDS_HUMAN_REVIEW,Repository seed inventory only; body value and source support require separate review,db/seeds/blog-posts-49.ts,true
blog-606,/blog/adult-dog-socialization-guide,blog,"성견 사회화 — 어릴 때 놓친 것, 성견이 되어서도 가능한가",1,published,2026-11-14T09:00:00.000Z,,sha256:e037c73b2c97df333da22bb418b68fa2291bd3187cf83faaeb18c2703d20cc1e,2,UNVERIFIED,not_semantically_classified,,,,false,NEEDS_HUMAN_REVIEW,Repository seed inventory only; body value and source support require separate review,db/seeds/blog-posts-97.ts,true
blog-254,/blog/animal-abuse-neglect-report-guide,blog,반려동물 학대·방치 신고 절차 — 목격했을 때 어떻게 해야 하나,4,published,2026-06-03T12:00:00.000Z,,sha256:0d5e3758df6141ec313d5b82990c64313206714d3b6578ba295bdca66818ac03,3,UNVERIFIED,not_semantically_classified,,,,false,NEEDS_HUMAN_REVIEW,Repository seed inventory only; body value and source support require separate review,db/seeds/blog-posts-27.ts,true
blog-478,/blog/animal-abuse-reporting-guide,blog,"동물학대 신고 — 어떻게, 어디에 신고해야 하나",4,published,2026-09-11T09:00:00.000Z,,sha256:10c73a96652ef871428513f2fd371a420d74a913a2f09229dbc6262d621296b9,2,UNVERIFIED,not_semantically_classified,,,,false,NEEDS_HUMAN_REVIEW,Repository seed inventory only; body value and source support require separate review,db/seeds/blog-posts-71.ts,true
blog-325,/blog/animal-cruelty-reporting-guide,blog,동물 학대를 목격했을 때 — 신고 절차와 보호자가 알아야 할 법적 권리,4,published,2026-06-26T11:00:00.000Z,,sha256:b2a870d8931cd6c204992a0c8a1a031c4f2decfdb42095540855d925ae21b50c,3,UNVERIFIED,not_semantically_classified,,,,false,NEEDS_HUMAN_REVIEW,Repository seed inventory only; body value and source support require separate review,db/seeds/blog-posts-40.ts,true
seed-guide-animal-hospital-guide,/guide/animal-hospital-guide,guide,동물병원 선택 가이드 — 믿을 수 있는 병원 고르는 기준,3,published,2026-05-22T00:00:00.000Z,,sha256:45bebf6736057f798c96b6480b89ad03aaadcaa2e0991b51b5814998e6d17280,3,UNVERIFIED,not_semantically_classified,,,,false,NEEDS_HUMAN_REVIEW,Repository seed inventory only; body value and source support require separate review,db/seeds/contents.ts,true
seed-guide-animal-protection-law,/guide/animal-protection-law-basics,guide,동물보호법 기초 — 반려인이 꼭 알아야 할 법률 상식,4,published,2026-05-22T00:00:00.000Z,,sha256:d4b9ba07d32e8a5242a9e2623281b61d717add1329b5cb24f2b7a4a2ed75d0a3,3,UNVERIFIED,not_semantically_classified,,,,false,NEEDS_HUMAN_REVIEW,Repository seed inventory only; body value and source support require separate review,db/seeds/contents.ts,true
blog-animal-protection-law-guide,/blog/animal-protection-law-guide,blog,2024년 동물보호법 핵심 정리 — 보호자가 알아야 할 의무와 권리,4,published,,,sha256:7f324d377e625f27d916fb5b324f1381a25995c2c428304195b1fdab1be2e1e2,3,UNVERIFIED,not_semantically_classified,,,,false,NEEDS_HUMAN_REVIEW,Repository seed inventory only; body value and source support require separate review,db/seeds/blog-posts-9.ts,true
blog-244,/blog/animal-registration-change-cancel-guide,blog,동물등록 변경·말소 신청 방법 — 이사·분양·사망 시 어떻게 하나,1,published,2026-06-02T12:00:00.000Z,,sha256:96cb285839db3b15ebf45f86f19540cba4a1680eac018fbf22305cc1ff66dcb1,3,UNVERIFIED,not_semantically_classified,,,,false,NEEDS_HUMAN_REVIEW,Repository seed inventory only; body value and source support require separate review,db/seeds/blog-posts-25.ts,true
blog-495,/blog/animal-registration-chip-guide,blog,동물등록·마이크로칩 완전 가이드 — 신청부터 조회까지,4,published,2026-09-19T11:00:00.000Z,,sha256:1b7e11006478ea8bea1d3070e881a8bdd98a86586387dcd8a7f555f8c93b40e9,2,UNVERIFIED,not_semantically_classified,,,,false,NEEDS_HUMAN_REVIEW,Repository seed inventory only; body value and source support require separate review,db/seeds/blog-posts-74.ts,true
blog-625,/blog/anticipatory-grief-pet-guide,blog,예기 슬픔 — 반려동물이 아직 살아있는데 이미 슬픈 이유,6,published,2026-11-23T11:00:00.000Z,,sha256:9ac0505e14202967d5e7cba483fa6b3ef4489530febc24bc16dd5625a2c6cd9a,2,UNVERIFIED,not_semantically_classified,,,,false,NEEDS_HUMAN_REVIEW,Repository seed inventory only; body value and source support require separate review,db/seeds/blog-posts-100.ts,true
blog-448,/blog/anxiety-vest-thunder-shirt-guide,blog,"강아지 불안 조끼(썬더셔츠) — 효과가 있는지, 언제 사용하는지",5,published,2026-08-27T09:00:00.000Z,,sha256:8b34db5cb14a11ce7b1dea6292124a3759aa301054a49ab4aab806c4b8d4da07,2,UNVERIFIED,not_semantically_classified,,,,false,NEEDS_HUMAN_REVIEW,Repository seed inventory only; body value and source support require separate review,db/seeds/blog-posts-65.ts,true
blog-apartment-pet-dispute-guide,/blog/apartment-pet-dispute-guide,blog,아파트에서 반려동물로 인한 분쟁 — 법적 기준과 해결 방법,4,published,,,sha256:0f325f0e27889a7e6ecd41d542172aa0ae95915515ea22b1c8e71c1a96a4e4f7,3,UNVERIFIED,not_semantically_classified,,,,false,NEEDS_HUMAN_REVIEW,Repository seed inventory only; body value and source support require separate review,db/seeds/blog-posts-10.ts,true
blog-390,/blog/autumn-pet-care-guide,blog,가을 반려동물 케어 — 털갈이·건조함·진드기 시즌을 대비하는 방법,5,published,2026-07-29T09:00:00.000Z,,sha256:4b5a3f0cdd1deb3566d4604cc3b38ff833bab11e5b79b19db81051b96dc45884,3,UNVERIFIED,not_semantically_classified,,,,false,NEEDS_HUMAN_REVIEW,Repository seed inventory only; body value and source support require separate review,db/seeds/blog-posts-53.ts,true
blog-743,/blog/blind-deaf-dog-adoption-guide,blog,시각·청각 장애견 입양 — 특수 요구 반려견과 함께,1,published,2027-01-22T09:00:00.000Z,,sha256:a0fb65382dbde74b557c21696751f43bd6c64607572ac24f57c03267af6144ba,2,UNVERIFIED,not_semantically_classified,,,,false,NEEDS_HUMAN_REVIEW,Repository seed inventory only; body value and source support require separate review,db/seeds/blog-posts-124.ts,true
blog-694,/blog/breed-specific-legislation-korea,blog,한국 견종 규제법 — 맹견 지정 기준과 보호자 의무,4,published,2026-12-28T09:00:00.000Z,,sha256:44f68458dd44d58963dbcf55b91100bdcc27120d42d92c59f320f9f7fbf8d9f9,2,UNVERIFIED,not_semantically_classified,,,,false,NEEDS_HUMAN_REVIEW,Repository seed inventory only; body value and source support require separate review,db/seeds/blog-posts-114.ts,true
blog-188,/blog/british-shorthair-care-guide,blog,브리티시 숏헤어 완전 케어 가이드 — 특성·건강·생활,5,published,2026-06-23T18:00:00.000Z,,sha256:539f4bb8906f2c4d4850ec67bd3a7bfe50849cfe3b63fbc5d3572842356a9ad4,0,UNVERIFIED,not_semantically_classified,,,,false,NEEDS_HUMAN_REVIEW,Repository seed inventory only; body value and source support require separate review,db/seeds/blog-posts-19.ts,true
seed-guide-carrier-training,/guide/carrier-training-guide,guide,반려동물 이동장 훈련 — 고양이·강아지 스트레스 없이 적응시키기,5,published,2026-05-22T00:00:00.000Z,,sha256:e0c34a3b497acfe8c40b77aaa54e349ac6994774de652faff734b7ec9a5ded38,3,UNVERIFIED,not_semantically_classified,,,,false,NEEDS_HUMAN_REVIEW,Repository seed inventory only; body value and source support require separate review,db/seeds/contents.ts,true
blog-310,/blog/cat-adoption-checklist,blog,고양이 입양 전 체크리스트 — 퍼스트캣 준비물부터 성격 맞춤까지,1,published,2026-06-19T09:00:00.000Z,,sha256:0f370a7940dfa03d4da7601e08d07ae2f132144ea2b5a9d085ee1fa9dd16ed02,3,UNVERIFIED,not_semantically_classified,,,,false,NEEDS_HUMAN_REVIEW,Repository seed inventory only; body value and source support require separate review,db/seeds/blog-posts-37.ts,true
seed-guide-cat-adoption-checklist,/guide/cat-adoption-checklist,guide,고양이 입양 전 체크리스트 — 준비부터 첫 검진까지,1,published,2026-05-16T00:00:00.000Z,,sha256:014808509591c1fdfd7cf66432f86d0774c98e30382bdaad3535b03a7fe09206,2,UNVERIFIED,not_semantically_classified,,,,false,NEEDS_HUMAN_REVIEW,Repository seed inventory only; body value and source support require separate review,db/seeds/contents.ts,true
blog-232,/blog/cat-anal-gland-guide,blog,고양이 항문낭 완전 가이드 — 강아지와 다른 케어 포인트,3,published,2026-07-02T22:00:00.000Z,,sha256:93b849547007c57ce1e71268bf8c71c25300921e22dd2e62489cd6fad62a886c,1,UNVERIFIED,not_semantically_classified,,,,false,NEEDS_HUMAN_REVIEW,Repository seed inventory only; body value and source support require separate review,db/seeds/blog-posts-24.ts,true
blog-637,/blog/cat-aortic-thromboembolism-guide,blog,고양이 대동맥 혈전 색전증 — 갑자기 뒷다리가 마비되는 응급,3,published,2026-11-29T11:00:00.000Z,,sha256:fd1aca637ff5a2296fb4ec223d547a114d6c7321742151cc5acaf5dc66de5a51,2,UNVERIFIED,not_semantically_classified,,,,false,NEEDS_HUMAN_REVIEW,Repository seed inventory only; body value and source support require separate review,db/seeds/blog-posts-103.ts,true
blog-cat-appetite-loss-guide,/blog/cat-appetite-loss-guide,blog,고양이 밥 안 먹을 때 — 원인과 식욕 돌리는 방법,5,published,,,sha256:068dce4f845a274ab5a3967f6aaefdcdb97e974fc314ebaed622f1fbc770ae10,3,UNVERIFIED,not_semantically_classified,,,,false,NEEDS_HUMAN_REVIEW,Repository seed inventory only; body value and source support require separate review,db/seeds/blog-posts-12.ts,true
seed-condition-cat-asthma,/condition/cat-asthma,condition,고양이 천식·기관지염 — 증상·원인·환경 관리,3,published,2026-05-21T00:00:00.000Z,,sha256:67ff720257f6c3ee508fb1b70c731048b129eb41395e12ac0d3e8050882bb6ba,3,UNVERIFIED,not_semantically_classified,,,,false,NEEDS_HUMAN_REVIEW,Repository seed inventory only; body value and source support require separate review,db/seeds/contents.ts,true
blog-399,/blog/cat-asthma-bronchitis-guide,blog,"고양이 천식·기관지염 — 기침하는 고양이, 헤어볼인지 천식인지",3,published,2026-08-02T11:00:00.000Z,,sha256:4e36c67a547b5803cfbe0ca911c34fe5b27544c5c7b955d7eacbcd5f74714c22,3,UNVERIFIED,not_semantically_classified,,,,false,NEEDS_HUMAN_REVIEW,Repository seed inventory only; body value and source support require separate review,db/seeds/blog-posts-55.ts,true
blog-488,/blog/cat-asthma-bronchitis-guide,blog,고양이 천식·기관지염 — 기침·쌕쌕거리는 숨소리가 신호다,3,published,2026-09-16T09:00:00.000Z,,sha256:697b117795e6efa7909770fdd33a9c563727cb63814bad813adfc1e35e3527ba,2,UNVERIFIED,not_semantically_classified,,,,false,NEEDS_HUMAN_REVIEW,Repository seed inventory only; body value and source support require separate review,db/seeds/blog-posts-73.ts,true
blog-742,/blog/cat-asthma-chronic-cough,blog,고양이 천식 — 기침·헥헥거림이 반복될 때,3,published,2027-01-21T11:00:00.000Z,,sha256:3a9b0171025e304a415193f3b1c46ec7fb4bf71fab3f0df9e66f8093a8e29a9f,2,UNVERIFIED,not_semantically_classified,,,,false,NEEDS_HUMAN_REVIEW,Repository seed inventory only; body value and source support require separate review,db/seeds/blog-posts-124.ts,true
blog-370,/blog/cat-biting-scratching-correction,blog,고양이가 물고 할퀴는 행동 교정 — 공격이 아닌 의사소통임을 이해하기,5,published,2026-07-19T09:00:00.000Z,,sha256:dfec321ebe43d591c59c5c584c846efeb78fc9ebc6db41555bd5bba6b615012b,3,UNVERIFIED,not_semantically_classified,,,,false,NEEDS_HUMAN_REVIEW,Repository seed inventory only; body value and source support require separate review,db/seeds/blog-posts-49.ts,true
blog-574,/blog/cat-body-language-guide,blog,고양이 바디랭귀지 — '괜찮아요'와 '그만해요'를 구분하는 방법,5,published,2026-10-29T09:00:00.000Z,,sha256:f1bb86a1bfc956a7791cda8f73f993a0f296ea54d808b81430854a0a02b7bf5c,2,UNVERIFIED,not_semantically_classified,,,,false,NEEDS_HUMAN_REVIEW,Repository seed inventory only; body value and source support require separate review,db/seeds/blog-posts-90.ts,true
blog-258,/blog/cat-breed-guide-personality-environment,blog,고양이 품종별 성격 완전 비교 — 활동량·친화도·독립성으로 고르는 법,1,published,2026-06-03T16:00:00.000Z,,sha256:bcb8b4e8d9e05ec4b6c9573fb3c336935b6d5f94fa598254e7a8d55ad017e0d7,3,UNVERIFIED,not_semantically_classified,,,,false,NEEDS_HUMAN_REVIEW,Repository seed inventory only; body value and source support require separate review,db/seeds/blog-posts-28.ts,true
blog-723,/blog/cat-breed-personality-before-adoption,blog,고양이 품종별 성격 특성 — 입양 전 알아야 할 현실,1,published,2027-01-12T09:00:00.000Z,,sha256:0c8f2bb3ee9f0864412bc93dbfcb0b189609f7136d29d3f5d979809c5c78bc63,2,UNVERIFIED,not_semantically_classified,,,,false,NEEDS_HUMAN_REVIEW,Repository seed inventory only; body value and source support require separate review,db/seeds/blog-posts-120.ts,true
blog-cat-breed-selection-guide,/blog/cat-breed-selection-guide,blog,고양이 품종 선택 가이드 — 성격과 환경에 맞는 품종 고르는 법,1,published,,,sha256:52c2b75cc59ed54bea646e279c1f708f3ddb08bc513b48828f3ad51fb84984b2,3,UNVERIFIED,not_semantically_classified,,,,false,NEEDS_HUMAN_REVIEW,Repository seed inventory only; body value and source support require separate review,db/seeds/blog-posts-4.ts,true
blog-739,/blog/cat-calorie-calculation-obesity-prevention,blog,고양이 사료 칼로리 계산 — 비만 예방 급여량 기준,2,published,2027-01-20T09:00:00.000Z,,sha256:02028c6a38e85b51188f927c41a3488f2387995b1793530cde54635814dc4d02,2,UNVERIFIED,not_semantically_classified,,,,false,NEEDS_HUMAN_REVIEW,Repository seed inventory only; body value and source support require separate review,db/seeds/blog-posts-123.ts,true
blog-396,/blog/cat-carbohydrate-diet-truth,blog,고양이에게 탄수화물이 나쁜가 — 그레인프리 열풍의 진실,2,published,2026-08-01T09:00:00.000Z,,sha256:f0a74d4d22108f316a87f4f23cbb197e46b1f347b1a38104eb5c1dd9023450d6,3,UNVERIFIED,not_semantically_classified,,,,false,NEEDS_HUMAN_REVIEW,Repository seed inventory only; body value and source support require separate review,db/seeds/blog-posts-55.ts,true
blog-449,/blog/cat-cardboard-box-psychology,blog,고양이가 박스를 좋아하는 이유 — 과학으로 읽는 고양이 심리,5,published,2026-08-27T11:00:00.000Z,,sha256:812245c7a8548b0c4699299b774bbad5619a74475f3dd39ef33e1a5d8b3de679,2,UNVERIFIED,not_semantically_classified,,,,false,NEEDS_HUMAN_REVIEW,Repository seed inventory only; body value and source support require separate review,db/seeds/blog-posts-65.ts,true
blog-147,/blog/cat-carrier-training-guide,blog,고양이 이동장 적응 훈련 — 스트레스 없이 이동하는 법,5,published,2026-06-15T05:00:00.000Z,,sha256:54eca816cad34a08f2e38b4918bc2f888c90cc3d8960dbadd95c28d44512a7fb,0,UNVERIFIED,not_semantically_classified,,,,false,NEEDS_HUMAN_REVIEW,Repository seed inventory only; body value and source support require separate review,db/seeds/blog-posts-15.ts,true
blog-651,/blog/cat-chronic-gingivitis-prevention,blog,고양이 만성 치은염 예방 — 매일 구강 관리의 실제 효과,3,published,2026-12-06T11:00:00.000Z,,sha256:38f59b427121fe410469e7cf03f5efb2dad87ebf0c10914c8e2b97e648da5a45,2,UNVERIFIED,not_semantically_classified,,,,false,NEEDS_HUMAN_REVIEW,Repository seed inventory only; body value and source support require separate review,db/seeds/blog-posts-106.ts,true
seed-condition-cat-ckd,/condition/cat-chronic-kidney-disease,condition,고양이 만성 신부전(CKD) — 조기 신호·단계·관리,3,published,2026-05-20T00:00:00.000Z,,sha256:f3e7547a50d5323c8658632526ef309e0a9623fa911c72a46089c018b4d52b13,3,UNVERIFIED,not_semantically_classified,,,,false,NEEDS_HUMAN_REVIEW,Repository seed inventory only; body value and source support require separate review,db/seeds/contents.ts,true
blog-458,/blog/cat-chronic-pain-recognition,blog,고양이 만성 통증 인지하기 — 아픔을 숨기는 동물의 신호,3,published,2026-09-01T09:00:00.000Z,,sha256:093fc89d60861b7a11d1bb5487b12c180db957fd8a4104ccee5399e04241c61b,2,UNVERIFIED,not_semantically_classified,,,,false,NEEDS_HUMAN_REVIEW,Repository seed inventory only; body value and source support require separate review,db/seeds/blog-posts-67.ts,true
blog-513,/blog/cat-ckd-diet-management,blog,고양이 CKD 식이 관리 — 신장 처방식 거부할 때 어떻게 하나,3,published,2026-09-28T11:00:00.000Z,,sha256:2412f45249d1101de191e0a657c36f7e347dfd8ec7044879ad30173cd0f1a150,2,UNVERIFIED,not_semantically_classified,,,,false,NEEDS_HUMAN_REVIEW,Repository seed inventory only; body value and source support require separate review,db/seeds/blog-posts-78.ts,true
blog-cat-clicker-training-guide,/blog/cat-clicker-training-guide,blog,고양이 클리커 훈련 — 고양이도 훈련이 가능하다,5,published,,,sha256:93e84968a9adb40fad85f43ec540ffe78014f51f30af4f3decc80423fa3965a1,3,UNVERIFIED,not_semantically_classified,,,,false,NEEDS_HUMAN_REVIEW,Repository seed inventory only; body value and source support require separate review,db/seeds/blog-posts-12.ts,true
blog-430,/blog/cat-coat-color-personality-myth,blog,삼색 고양이·고등어 고양이 — 색깔로 성격을 판단해도 될까,1,published,2026-08-18T09:00:00.000Z,,sha256:965ebec3cb17f68fda4c52ca9736935da22e502322ced2ac23df60b70c140dc1,2,UNVERIFIED,not_semantically_classified,,,,false,NEEDS_HUMAN_REVIEW,Repository seed inventory only; body value and source support require separate review,db/seeds/blog-posts-61.ts,true
blog-196,/blog/cat-cold-weather-guide,blog,고양이 추운 날씨 케어 가이드 — 저체온·건조·실내 환경 관리,5,published,2026-06-25T10:00:00.000Z,,sha256:95a5a0ab09825360fecf9964a156dfa5bb1072185f6b586758b9074f48c79f1d,0,UNVERIFIED,not_semantically_classified,,,,false,NEEDS_HUMAN_REVIEW,Repository seed inventory only; body value and source support require separate review,db/seeds/blog-posts-20.ts,true
blog-cat-conjunctivitis-guide,/blog/cat-conjunctivitis-guide,blog,고양이 결막염 — 눈이 빨갛고 눈곱이 심하다면,3,published,,,sha256:e76fecd25ec2cd41c4ecd7b7000a5df2467e627fecf393b31f0d9b3450ad1be3,3,UNVERIFIED,not_semantically_classified,,,,false,NEEDS_HUMAN_REVIEW,Repository seed inventory only; body value and source support require separate review,db/seeds/blog-posts-8.ts,true
blog-692,/blog/cat-conjunctivitis-home-vs-vet,blog,고양이 결막염 — 집에서 할 수 있는 것과 없는 것,3,published,2026-12-27T09:00:00.000Z,,sha256:a008672ec017cec761523e3a62e48cca8f264165510cb889e8bf310844e8434a,2,UNVERIFIED,not_semantically_classified,,,,false,NEEDS_HUMAN_REVIEW,Repository seed inventory only; body value and source support require separate review,db/seeds/blog-posts-114.ts,true
seed-condition-cat-constipation,/condition/cat-constipation,condition,고양이 변비 — 원인·증상·가정 관리와 병원 방문 기준,3,published,2026-05-22T00:00:00.000Z,,sha256:1e3d1f917ace88208c1bc63f0dbeb5e3749948904c02de05a7eceb2be12777d7,3,UNVERIFIED,not_semantically_classified,,,,false,NEEDS_HUMAN_REVIEW,Repository seed inventory only; body value and source support require separate review,db/seeds/contents.ts,true
blog-cat-constipation-guide,/blog/cat-constipation-guide,blog,고양이 변비 — 원인·증상·응급 신호·집에서 할 수 있는 것,3,published,,,sha256:45e5d96a8f289136112266dc9c202c731bf8b9990d7097a03a889ba9ec1b36ff,3,UNVERIFIED,not_semantically_classified,,,,false,NEEDS_HUMAN_REVIEW,Repository seed inventory only; body value and source support require separate review,db/seeds/blog-posts-8.ts,true
blog-441,/blog/cat-corneal-eye-injury-guide,blog,고양이 눈 상처·각막 궤양 — 찡그린 눈을 지나치면 안 되는 이유,3,published,2026-08-23T11:00:00.000Z,,sha256:acd19715338c8d50ab555164ffd4e22462953d7753b3d001325d7117e5465729,2,UNVERIFIED,not_semantically_classified,,,,false,NEEDS_HUMAN_REVIEW,Repository seed inventory only; body value and source support require separate review,db/seeds/blog-posts-64.ts,true
blog-662,/blog/cat-corneal-ulcer-guide,blog,"고양이 각막 궤양 — 눈 비비는 행동, 집에서 기다리면 안 되는 이유",3,published,2026-12-12T09:00:00.000Z,,sha256:1cdbc4e8e1856023280128c39439633d65505108e4d4ce76d78356a8e9c0e34c,2,UNVERIFIED,not_semantically_classified,,,,false,NEEDS_HUMAN_REVIEW,Repository seed inventory only; body value and source support require separate review,db/seeds/blog-posts-108.ts,true
blog-487,/blog/cat-daily-food-amount-guide,blog,고양이 하루 사료 적정량 — 눈대중으로 주면 안 되는 이유,2,published,2026-09-15T11:00:00.000Z,,sha256:65808870ab1c4f105d0682db1a5c55b01683dfa40272a97c6651849e159ab073,2,UNVERIFIED,not_semantically_classified,,,,false,NEEDS_HUMAN_REVIEW,Repository seed inventory only; body value and source support require separate review,db/seeds/blog-posts-73.ts,true
blog-cat-dental-care,/blog/cat-dental-care,blog,고양이 치아·구강 관리 — 칫솔질부터 스케일링까지,5,published,2026-05-03,,sha256:56e7cacc5e3fa6d3b6a8ef3c8018647379013273b3a389609360a93e15b894e2,3,UNVERIFIED,not_semantically_classified,,,,false,NEEDS_HUMAN_REVIEW,Repository seed inventory only; body value and source support require separate review,db/seeds/blog-posts-3.ts,true
blog-351,/blog/cat-dental-care-complete,blog,고양이 치아 관리 완전 가이드 — 칫솔질부터 치과 처치까지,3,published,2026-07-09T11:00:00.000Z,,sha256:8806745eb2ebd5753d9f7c5d07f1299b6d22214af9af7d8af461091a03e61dc5,3,UNVERIFIED,not_semantically_classified,,,,false,NEEDS_HUMAN_REVIEW,Repository seed inventory only; body value and source support require separate review,db/seeds/blog-posts-46.ts,true
seed-guide-cat-dental-care,/guide/cat-dental-care-guide,guide,고양이 치아 건강 관리 — 양치 방법과 치주 질환 예방,5,published,2026-05-20T00:00:00.000Z,,sha256:c556f21096c84ed0f34e2008d840bec06c6f15b4c4e14e3fa9cab9736cf1b430,3,UNVERIFIED,not_semantically_classified,,,,false,NEEDS_HUMAN_REVIEW,Repository seed inventory only; body value and source support require separate review,db/seeds/contents.ts,true
blog-572,/blog/cat-dental-care-home-guide,blog,고양이 치아 관리 — 칫솔질을 싫어하는 고양이 설득하는 방법,3,published,2026-10-28T09:00:00.000Z,,sha256:faa99141cf4ba31ddcf39b271496857128f6dc47f612e9845a7ce102a8f05e58,2,UNVERIFIED,not_semantically_classified,,,,false,NEEDS_HUMAN_REVIEW,Repository seed inventory only; body value and source support require separate review,db/seeds/blog-posts-90.ts,true
cond-cat-dental-disease,/condition/cat-dental-disease,condition,고양이 치주 질환 — 예방과 홈케어,3,review_queue,,,sha256:53918294d03e33f7b5e069227aa8cca51682a286648eb028ec0c6745f1fa1131,2,UNVERIFIED,not_semantically_classified,,,,false,NEEDS_HUMAN_REVIEW,Repository seed inventory only; body value and source support require separate review,db/seeds/conditions-batch-1.ts,true
blog-727,/blog/cat-dental-extraction-recovery,blog,고양이 발치 후 회복 — 수술 후 식이와 통증 관리,3,published,2027-01-14T09:00:00.000Z,,sha256:6d57f633660c8492cc31775fa6773dc6a2f4af91c6811603da8f7bed23e98b22,2,UNVERIFIED,not_semantically_classified,,,,false,NEEDS_HUMAN_REVIEW,Repository seed inventory only; body value and source support require separate review,db/seeds/blog-posts-121.ts,true
seed-condition-cat-diabetes,/condition/cat-diabetes,condition,고양이 당뇨 — 증상·진단·인슐린 치료와 식이 관리,3,published,2026-05-22T00:00:00.000Z,,sha256:affa497c29fa8b65ccd34f8bdb598911a28a9f8b65740b4b9f83975758076339,3,UNVERIFIED,not_semantically_classified,,,,false,NEEDS_HUMAN_REVIEW,Repository seed inventory only; body value and source support require separate review,db/seeds/contents.ts,true
blog-532,/blog/cat-diabetes-insulin-guide,blog,고양이 당뇨 — 인슐린 투여와 관해(Remission)를 위한 핵심 관리,3,published,2026-10-08T09:00:00.000Z,,sha256:69b23943b8ecf5043dc9c9947723b2acb620151c4855f9369634d573f048ee9f,2,UNVERIFIED,not_semantically_classified,,,,false,NEEDS_HUMAN_REVIEW,Repository seed inventory only; body value and source support require separate review,db/seeds/blog-posts-82.ts,true
blog-cat-diabetes-management,/blog/cat-diabetes-management,blog,고양이 당뇨 — 진단 후 일상 관리 완전 가이드,3,published,,,sha256:c0055abc325c9e68fddbc142855d38c949334af639292e84408946db50e4e4b3,3,UNVERIFIED,not_semantically_classified,,,,false,NEEDS_HUMAN_REVIEW,Repository seed inventory only; body value and source support require separate review,db/seeds/blog-posts-7.ts,true
blog-413,/blog/cat-diabetes-management-guide,blog,고양이 당뇨 — 진단 후 집에서 관리하는 방법,3,published,2026-08-09T11:00:00.000Z,,sha256:36d5459a9152d78098ac271d75d3144237abe493a36c7ff2198f8762e30f816c,3,UNVERIFIED,not_semantically_classified,,,,false,NEEDS_HUMAN_REVIEW,Repository seed inventory only; body value and source support require separate review,db/seeds/blog-posts-58.ts,true
blog-623,/blog/cat-dog-first-meeting-guide,blog,고양이와 강아지 첫 만남 — 평화로운 공존을 위한 단계별 방법,1,published,2026-11-22T11:00:00.000Z,,sha256:6b59c5658266a141db428b79b2c7f61d5302f69c1d3dea9f1e12f1c74a86fdcd,2,UNVERIFIED,not_semantically_classified,,,,false,NEEDS_HUMAN_REVIEW,Repository seed inventory only; body value and source support require separate review,db/seeds/blog-posts-100.ts,true
blog-225,/blog/cat-dog-harmony-guide,blog,고양이와 강아지 평화로운 공존 — 관계 심화 완전 가이드,5,published,2026-07-01T11:00:00.000Z,,sha256:d81ba1158bddfed4d703a2a8d47a96affb0a829a25f05767097f6d73b60e79fa,0,UNVERIFIED,not_semantically_classified,,,,false,NEEDS_HUMAN_REVIEW,Repository seed inventory only; body value and source support require separate review,db/seeds/blog-posts-23.ts,true
blog-480,/blog/cat-elimination-diet-guide,blog,고양이 알레르기 제거 식이 — 제대로 하는 방법과 흔한 실수,2,published,2026-09-12T09:00:00.000Z,,sha256:b80329fcfa204f7dc8e7af9091265eebc2e742bed83ca160fa69f8be849c5c13,2,UNVERIFIED,not_semantically_classified,,,,false,NEEDS_HUMAN_REVIEW,Repository seed inventory only; body value and source support require separate review,db/seeds/blog-posts-71.ts,true
blog-599,/blog/cat-enrichment-toys-guide,blog,고양이 장난감 선택 완전 가이드 — 어떤 장난감이 왜 좋은가,5,published,2026-11-10T11:00:00.000Z,,sha256:7d7879eba3b825f8d74d80e78753b81b878ee7ad7a6c5f3da755f65ff0c17ec0,2,UNVERIFIED,not_semantically_classified,,,,false,NEEDS_HUMAN_REVIEW,Repository seed inventory only; body value and source support require separate review,db/seeds/blog-posts-95.ts,true
blog-cat-environmental-enrichment,/blog/cat-environmental-enrichment,blog,고양이 환경 풍요화 — 실내 고양이의 삶을 풍요롭게 만드는 방법,5,published,,,sha256:0582721b407e906bd1fb6d3918ade5f696007bdb87c37368e940ac6c64bd117d,3,UNVERIFIED,not_semantically_classified,,,,false,NEEDS_HUMAN_REVIEW,Repository seed inventory only; body value and source support require separate review,db/seeds/blog-posts-11.ts,true
blog-470,/blog/cat-euthanasia-preparation,blog,고양이 안락사 — 결정 전에 알아야 할 것들,6,published,2026-09-07T09:00:00.000Z,,sha256:8844bf91cc5164a66d329bbb50df77340fb689230611d5f5ed3414013dae79ee,2,UNVERIFIED,not_semantically_classified,,,,false,NEEDS_HUMAN_REVIEW,Repository seed inventory only; body value and source support require separate review,db/seeds/blog-posts-69.ts,true
blog-cat-eye-discharge-guide,/blog/cat-eye-discharge-guide,blog,고양이 눈곱이 많아졌다면 — 원인별 증상과 대처법,3,published,2026-05-22T09:00:00.000Z,,sha256:2d456c35f23882ffa4a8374155283581c3362991df847118a1794ee7fd6b0e4b,4,UNVERIFIED,not_semantically_classified,,,,false,NEEDS_HUMAN_REVIEW,Repository seed inventory only; body value and source support require separate review,db/seeds/blog-posts.ts,true
blog-293,/blog/cat-feline-hypertension-symptoms-management,blog,"고양이 고혈압 — 증상이 거의 없는 침묵의 질환, 어떻게 발견하나",3,published,2026-06-09T09:00:00.000Z,,sha256:fc1e17299f810cb4774f571fabf61cce9bcc488877edc20635ef8880055f3bb9,3,UNVERIFIED,not_semantically_classified,,,,false,NEEDS_HUMAN_REVIEW,Repository seed inventory only; body value and source support require separate review,db/seeds/blog-posts-34.ts,true
blog-cat-felv-guide,/blog/cat-felv-guide,blog,고양이 백혈병 바이러스(FeLV) — 감염 경로·검사·관리 완전 정리,3,published,,,sha256:7ad6631b078f6038b3c4b7396ab388894bdb4588d26596b957b94971a5df83af,3,UNVERIFIED,not_semantically_classified,,,,false,NEEDS_HUMAN_REVIEW,Repository seed inventory only; body value and source support require separate review,db/seeds/blog-posts-9.ts,true
blog-618,/blog/cat-felv-management-guide,blog,고양이 FeLV(백혈병 바이러스) — 진단 후 알아야 할 것,3,published,2026-11-20T09:00:00.000Z,,sha256:a2cc8af5d6ef311d6433087471caeca6543b7e608ebe6c28182d9702c641cc54,2,UNVERIFIED,not_semantically_classified,,,,false,NEEDS_HUMAN_REVIEW,Repository seed inventory only; body value and source support require separate review,db/seeds/blog-posts-99.ts,true
blog-501,/blog/cat-fip-gs441524-treatment,blog,고양이 FIP 신약 GS-441524 — 불치에서 치료 가능으로 바뀐 질환,3,published,2026-09-22T11:00:00.000Z,,sha256:2bcfd5e5f8bc9bb6d0deec5594fa91196bd14a83a2475e68f99816469817cde2,2,UNVERIFIED,not_semantically_classified,,,,false,NEEDS_HUMAN_REVIEW,Repository seed inventory only; body value and source support require separate review,db/seeds/blog-posts-76.ts,true
blog-cat-fip-guide,/blog/cat-fip-guide,blog,고양이 전염성 복막염(FIP) — 최신 치료까지 알아야 할 것,3,published,,,sha256:4510c980c0b26d8c48a098ff0c5cd9d0c54f0698a8e0f2c2a7d3edf3b66e688c,3,UNVERIFIED,not_semantically_classified,,,,false,NEEDS_HUMAN_REVIEW,Repository seed inventory only; body value and source support require separate review,db/seeds/blog-posts-9.ts,true
blog-702,/blog/cat-fip-new-treatment-guide,blog,고양이 FIP(전염성 복막염) — 새로운 치료제 현황,3,published,2027-01-01T11:00:00.000Z,,sha256:5721579ff061a0b5c139ba36dc1e7d9e0b35725936b58223059f6be7743b503f,2,UNVERIFIED,not_semantically_classified,,,,false,NEEDS_HUMAN_REVIEW,Repository seed inventory only; body value and source support require separate review,db/seeds/blog-posts-116.ts,true
blog-363,/blog/cat-fip-treatment-guide,blog,고양이 FIP(전염성 복막염) — 한때 불치였던 병이 치료 가능해진 현재,3,published,2026-07-15T11:00:00.000Z,,sha256:461f5ac99da43e6af7f802b51929bd73c3a8705ea6954b59d945ca3243ea14ac,3,UNVERIFIED,not_semantically_classified,,,,false,NEEDS_HUMAN_REVIEW,Repository seed inventory only; body value and source support require separate review,db/seeds/blog-posts-48.ts,true
blog-cat-first-adoption-kit,/blog/cat-first-adoption-kit,blog,고양이 처음 입양 전 준비물 체크리스트,1,published,2026-03-02,,sha256:1c49301adf10711800dc09d552df9e496e34b1283182bb11f62c51e2fd9f6e82,3,UNVERIFIED,not_semantically_classified,,,,false,NEEDS_HUMAN_REVIEW,Repository seed inventory only; body value and source support require separate review,db/seeds/blog-posts-3.ts,true
seed-condition-cat-fiv-felv,/condition/cat-fiv-felv,condition,고양이 에이즈(FIV)·백혈병(FeLV) — 증상·감염 경로·관리,3,published,2026-05-22T00:00:00.000Z,,sha256:25913e2ba095b286f37143557e141106c3b2701fb9ea87652c977ef1f92fafdd,3,UNVERIFIED,not_semantically_classified,,,,false,NEEDS_HUMAN_REVIEW,Repository seed inventory only; body value and source support require separate review,db/seeds/contents.ts,true
blog-382,/blog/cat-fiv-felv-testing-guide,blog,고양이 에이즈(FIV)·백혈병(FeLV) — 검사·관리·함께 사는 법,3,published,2026-07-25T09:00:00.000Z,,sha256:54285c4adb123c0a718c2875ecdbe1b608654661cd967f48adcf0c7118bd5c06,3,UNVERIFIED,not_semantically_classified,,,,false,NEEDS_HUMAN_REVIEW,Repository seed inventory only; body value and source support require separate review,db/seeds/blog-posts-52.ts,true
blog-cat-fiv-guide,/blog/cat-fiv-guide,blog,고양이 면역결핍 바이러스(FIV) — 양성이어도 함께 살 수 있다,3,published,,,sha256:07803346bcf0557c10ee3f809bb971ee5952752af985ab40b58c2fa953bb5bde,3,UNVERIFIED,not_semantically_classified,,,,false,NEEDS_HUMAN_REVIEW,Repository seed inventory only; body value and source support require separate review,db/seeds/blog-posts-9.ts,true
blog-611,/blog/cat-fiv-management-guide,blog,고양이 FIV(면역결핍 바이러스) — 양성 고양이도 오래 산다,3,published,2026-11-16T11:00:00.000Z,,sha256:1b7f8762c6db440808c0ce365463bd409418ac5afa47375c487c9651d12fa4bb,2,UNVERIFIED,not_semantically_classified,,,,false,NEEDS_HUMAN_REVIEW,Repository seed inventory only; body value and source support require separate review,db/seeds/blog-posts-98.ts,true
blog-168,/blog/cat-flea-tick-prevention,blog,고양이 벼룩·진드기 예방 — 제품 선택과 관리법,3,published,2026-06-19T14:00:00.000Z,,sha256:972ba7e93aeb862070d0cd700ecee88a4863312babcd992af0fe4a8f6cbfb4dc,3,UNVERIFIED,not_semantically_classified,,,,false,NEEDS_HUMAN_REVIEW,Repository seed inventory only; body value and source support require separate review,db/seeds/blog-posts-17.ts,true
seed-condition-cat-flutd,/condition/cat-flutd,condition,고양이 하부요로기질환 (FLUTD),3,published,2026-05-18T00:00:00.000Z,,sha256:46b6152661ace58e9baaa5e04aa812fa95dde65622cef78c9c1e63e3df00df2e,3,UNVERIFIED,not_semantically_classified,,,,false,NEEDS_HUMAN_REVIEW,Repository seed inventory only; body value and source support require separate review,db/seeds/contents.ts,true
blog-cat-flutd-guide,/blog/cat-flutd-guide,blog,고양이 하부요로계 질환(FLUTD) — 원인·증상·예방 완전 정리,3,published,,,sha256:e3d235979c1c5a7f346a142382ed7a933884682d6f01b379c34f4baf1d750700,3,UNVERIFIED,not_semantically_classified,,,,false,NEEDS_HUMAN_REVIEW,Repository seed inventory only; body value and source support require separate review,db/seeds/blog-posts-7.ts,true
blog-372,/blog/cat-flutd-lower-urinary-guide,blog,고양이 하부 요로기 질환(FLUTD) — 수컷 고양이 보호자가 꼭 알아야 할 것,3,published,2026-07-20T09:00:00.000Z,,sha256:6463b847e111fb1aa2531565e7bd837e690344c365573ae6a35a372526f1b936,3,UNVERIFIED,not_semantically_classified,,,,false,NEEDS_HUMAN_REVIEW,Repository seed inventory only; body value and source support require separate review,db/seeds/blog-posts-50.ts,true
blog-407,/blog/cat-food-allergy-elimination-diet,blog,고양이 음식 알레르기 제거식 테스트 — 8~12주 프로토콜 완전 가이드,2,published,2026-08-06T11:00:00.000Z,,sha256:459ed0703ede957e844ed03b80a8734442bf12fff22a5aa18de99f555fe073bf,3,UNVERIFIED,not_semantically_classified,,,,false,NEEDS_HUMAN_REVIEW,Repository seed inventory only; body value and source support require separate review,db/seeds/blog-posts-57.ts,true
guide-cat-food-complete,/guide/cat-food-complete-guide,guide,"고양이 사료 완벽 가이드 — 건사료 vs 습식, 선택 기준",2,published,,,sha256:be635521260f5abd31187f851389e9b20d6669298afebf18cbd5643688dbc077,0,UNVERIFIED,not_semantically_classified,,,,false,NEEDS_HUMAN_REVIEW,Repository seed inventory only; body value and source support require separate review,db/seeds/guides-batch-1.ts,true
seed-guide-cat-food-guide,/guide/cat-food-guide,guide,고양이 사료 선택 가이드 — 습식·건식·생식 비교와 성분 보는 법,2,published,2026-05-18T00:00:00.000Z,,sha256:7bcf743cacbd81158a987781b72ba857654d301183ac766fa636f62528a6f35f,3,UNVERIFIED,not_semantically_classified,,,,false,NEEDS_HUMAN_REVIEW,Repository seed inventory only; body value and source support require separate review,db/seeds/contents.ts,true
blog-cat-food-label-guide,/blog/cat-food-label-guide,blog,고양이 사료 원료 표시 읽는 법 — 좋은 사료 고르는 기준,2,published,2026-05-20T06:00:00.000Z,,sha256:aff60ea65964df1f9eb8dfd699531d93e6bd88674df5a9b3f3c9c2c99e9fe978,4,UNVERIFIED,not_semantically_classified,,,,false,NEEDS_HUMAN_REVIEW,Repository seed inventory only; body value and source support require separate review,db/seeds/blog-posts.ts,true
blog-596,/blog/cat-food-label-reading-guide,blog,고양이 사료 라벨 완전 해독 — 브랜드 마케팅에 속지 않는 법,2,published,2026-11-09T09:00:00.000Z,,sha256:ed2253a3306cff24ec5f60fec5cb911f5fe408e184a63e8bb5a66edd0e849dc0,2,UNVERIFIED,not_semantically_classified,,,,false,NEEDS_HUMAN_REVIEW,Repository seed inventory only; body value and source support require separate review,db/seeds/blog-posts-95.ts,true
blog-640,/blog/cat-food-palatability-tips,blog,고양이 밥투정 해결 — 사료를 거부하는 고양이 설득하는 방법,2,published,2026-12-01T09:00:00.000Z,,sha256:05d541db17a9bfb3dbf070e0e8373b97653ec39cab1a810fbed941f3a53e1743,2,UNVERIFIED,not_semantically_classified,,,,false,NEEDS_HUMAN_REVIEW,Repository seed inventory only; body value and source support require separate review,db/seeds/blog-posts-103.ts,true
blog-556,/blog/cat-food-transition-guide,blog,고양이 사료 전환 — 갑자기 바꾸면 안 되는 이유와 단계별 방법,2,published,2026-10-20T09:00:00.000Z,,sha256:0a332df05dc5e12faf1843e4149ecfa5545cefc92928562a5f4a675cc9b60cac,2,UNVERIFIED,not_semantically_classified,,,,false,NEEDS_HUMAN_REVIEW,Repository seed inventory only; body value and source support require separate review,db/seeds/blog-posts-87.ts,true
blog-699,/blog/cat-freeze-dried-raw-comparison,blog,고양이 동결건조 사료 vs 생식 — 어떤 것이 더 안전한가,2,published,2026-12-30T11:00:00.000Z,,sha256:f36496075933e46859445dddb5f583fb911b81d9dc7c111d0843fdde3ca9aa82,2,UNVERIFIED,not_semantically_classified,,,,false,NEEDS_HUMAN_REVIEW,Repository seed inventory only; body value and source support require separate review,db/seeds/blog-posts-115.ts,true
guide-cat-fur-care-grooming,/guide/cat-fur-care-grooming-guide,guide,고양이 털 관리·그루밍 완벽 가이드 — 브러싱·헤어볼·미용,5,published,,,sha256:e000b35ee9ce7018932fc61fd53376b1c1898f328c8f6721a2339043bae831bc,0,UNVERIFIED,not_semantically_classified,,,,false,NEEDS_HUMAN_REVIEW,Repository seed inventory only; body value and source support require separate review,db/seeds/guides-batch-3.ts,true
blog-166,/blog/cat-grooming-basics-guide,blog,고양이 그루밍 기초 — 집에서 하는 케어 루틴 완전 가이드,5,published,2026-06-19T04:00:00.000Z,,sha256:c6bb5ee31dae6c7844d6832d3074266f0a0a9ed3d51a730758bb213bb8f5699c,0,UNVERIFIED,not_semantically_classified,,,,false,NEEDS_HUMAN_REVIEW,Repository seed inventory only; body value and source support require separate review,db/seeds/blog-posts-17.ts,true
blog-331,/blog/cat-grooming-hairball-guide,blog,고양이 그루밍과 헤어볼 — 스스로 잘 닦는 것 같지만 도움이 필요한 이유,5,published,2026-06-29T11:00:00.000Z,,sha256:0e310f1a68591ac9140d549d98e71881438ae6d6d3d59ad2c24a115db7694d39,3,UNVERIFIED,not_semantically_classified,,,,false,NEEDS_HUMAN_REVIEW,Repository seed inventory only; body value and source support require separate review,db/seeds/blog-posts-42.ts,true
blog-cat-grooming-hairball-prevention,/blog/cat-grooming-hairball-prevention,blog,고양이 헤어볼 예방 — 털 뭉침 줄이는 일상 관리법,5,published,,,sha256:158675957f8c5b81747b756263702b04701852f351b448726dd249d2b0a0b825,3,UNVERIFIED,not_semantically_classified,,,,false,NEEDS_HUMAN_REVIEW,Repository seed inventory only; body value and source support require separate review,db/seeds/blog-posts-11.ts,true
blog-472,/blog/cat-hairball-prevention-diet,blog,고양이 헤어볼 완전 정복 — 식이로 예방하는 방법,2,published,2026-09-08T09:00:00.000Z,,sha256:4b85db3c23368181de4d73974a24a8b6467d02d1f7cb3930d35f373f98eb91b8,2,UNVERIFIED,not_semantically_classified,,,,false,NEEDS_HUMAN_REVIEW,Repository seed inventory only; body value and source support require separate review,db/seeds/blog-posts-70.ts,true
blog-697,/blog/cat-hcm-daily-management,blog,고양이 비대성 심근병증(HCM) 일상 관리 — 진단 후 보호자가 할 일,3,published,2026-12-29T11:00:00.000Z,,sha256:8218f1efde0edd70d8a727bdcff2d045ca6f3874b5ad4cf41ebcb260a2d17747,2,UNVERIFIED,not_semantically_classified,,,,false,NEEDS_HUMAN_REVIEW,Repository seed inventory only; body value and source support require separate review,db/seeds/blog-posts-115.ts,true
blog-277,/blog/cat-heart-disease-early-signs,blog,고양이 심장 질환 초기 신호 — 보호자가 먼저 알아채는 방법,3,published,2026-06-06T10:00:00.000Z,,sha256:5c8b2a7f2711dfce71b06e4fc6be756dec1761f955956d1770312a895f3b6480,3,UNVERIFIED,not_semantically_classified,,,,false,NEEDS_HUMAN_REVIEW,Repository seed inventory only; body value and source support require separate review,db/seeds/blog-posts-31.ts,true
blog-707,/blog/cat-herpesvirus-upper-respiratory,blog,고양이 헤르페스 바이러스 — 평생 보균과 재발 관리,3,published,2027-01-04T09:00:00.000Z,,sha256:597f0dea1fb273ad4eeecffe36be3edd78876c0c7fcf8a129a86ee5be7bfa758,2,UNVERIFIED,not_semantically_classified,,,,false,NEEDS_HUMAN_REVIEW,Repository seed inventory only; body value and source support require separate review,db/seeds/blog-posts-117.ts,true
blog-152,/blog/cat-hydration-tips,blog,고양이 수분 섭취 늘리는 법 — 물 안 마시는 고양이 완전 해결책,2,published,2026-06-16T06:00:00.000Z,,sha256:3b76023e58d9fe2a7de50111b85c7f21aa1c540acd21e0205a2d4cdee41fa44e,0,UNVERIFIED,not_semantically_classified,,,,false,NEEDS_HUMAN_REVIEW,Repository seed inventory only; body value and source support require separate review,db/seeds/blog-posts-16.ts,true
guide-cat-hydration-water,/guide/cat-hydration-water-guide,guide,고양이 수분 섭취 완벽 가이드 — 물 안 마시는 고양이 해결법,2,published,,,sha256:62f01865642103fd6547e84b9764be789ac95b60f98c2f722a9c074c13d1d783,0,UNVERIFIED,not_semantically_classified,,,,false,NEEDS_HUMAN_REVIEW,Repository seed inventory only; body value and source support require separate review,db/seeds/guides-batch-2.ts,true
blog-542,/blog/cat-hypertension-management,blog,고양이 고혈압 — 눈이 빨개지거나 갑자기 보이지 않는다면,3,published,2026-10-13T09:00:00.000Z,,sha256:a18890d4c23150f1c177a20614d82ae7c2b1a0eaab1874a3db069de29b730de9,2,UNVERIFIED,not_semantically_classified,,,,false,NEEDS_HUMAN_REVIEW,Repository seed inventory only; body value and source support require separate review,db/seeds/blog-posts-84.ts,true
seed-condition-cat-hyperthyroidism,/condition/cat-hyperthyroidism,condition,고양이 갑상선기능항진증 — 증상·원인·관리,3,published,2026-05-17T00:00:00.000Z,,sha256:a688132e523fff2ee451e54a4adc5907b672825a6b2e7d43e0a4088e17558f9c,3,UNVERIFIED,not_semantically_classified,,,,false,NEEDS_HUMAN_REVIEW,Repository seed inventory only; body value and source support require separate review,db/seeds/contents.ts,true
blog-337,/blog/cat-hyperthyroidism-guide,blog,고양이 갑상선 기능항진증 — 잘 먹는데 살이 빠진다면,3,published,2026-07-02T11:00:00.000Z,,sha256:64c24e20533d8a482d3d8250e4cbdde77dd2bcf428f3f691a9b220f6d77f17ad,3,UNVERIFIED,not_semantically_classified,,,,false,NEEDS_HUMAN_REVIEW,Repository seed inventory only; body value and source support require separate review,db/seeds/blog-posts-43.ts,true
blog-cat-hyperthyroidism-guide,/blog/cat-hyperthyroidism-guide,blog,고양이 갑상선 기능항진증 — 잘 먹어도 살이 빠진다면,3,published,,,sha256:72bb3e608cc8174328885132f46866e5e5e150a9dfd2a42ed5eea09dd4f2d4a8,3,UNVERIFIED,not_semantically_classified,,,,false,NEEDS_HUMAN_REVIEW,Repository seed inventory only; body value and source support require separate review,db/seeds/blog-posts-7.ts,true
blog-492,/blog/cat-hyperthyroidism-symptoms,blog,고양이 갑상선 기능항진증 — 먹어도 살이 빠지는 노령묘의 신호,3,published,2026-09-18T09:00:00.000Z,,sha256:fbed58dbe74643b34a11661857278a24d951dcb0b6ef5eb9460a778dea2f6933,2,UNVERIFIED,not_semantically_classified,,,,false,NEEDS_HUMAN_REVIEW,Repository seed inventory only; body value and source support require separate review,db/seeds/blog-posts-74.ts,true
blog-737,/blog/cat-hypokalemia-neck-ventroflexion,blog,고양이 저칼륨혈증 — 갑자기 목이 처질 때,3,published,2027-01-19T09:00:00.000Z,,sha256:05cf88f6782e2d22de972b884a1097e2ae069e2439b1a219b665ff4b37777356,2,UNVERIFIED,not_semantically_classified,,,,false,NEEDS_HUMAN_REVIEW,Repository seed inventory only; body value and source support require separate review,db/seeds/blog-posts-123.ts,true
blog-319,/blog/cat-indoor-enrichment-guide,blog,실내 고양이 환경 풍요화 — 좁은 집에서도 충분히 행복한 고양이 만들기,5,published,2026-06-23T11:00:00.000Z,,sha256:2c14125ec33720127f5736f761d93a275c86804d0721c66dc5626ee62e7b104a,3,UNVERIFIED,not_semantically_classified,,,,false,NEEDS_HUMAN_REVIEW,Repository seed inventory only; body value and source support require separate review,db/seeds/blog-posts-39.ts,true
guide-cat-indoor-enrichment,/guide/cat-indoor-enrichment-guide,guide,실내 고양이 환경 풍부화 가이드 — 스트레스 없는 집 만들기,5,published,,,sha256:2a8efcf4a5843196097ddb570e0b2dc53eb363eee30c8da97a1b0021dbe43edb,0,UNVERIFIED,not_semantically_classified,,,,false,NEEDS_HUMAN_REVIEW,Repository seed inventory only; body value and source support require separate review,db/seeds/guides-batch-2.ts,true
blog-512,/blog/cat-indoor-outdoor-transition,blog,외출 고양이를 실내묘로 전환 — 단계별 성공 가이드,1,published,2026-09-28T09:00:00.000Z,,sha256:65bc624ab56cbe69839b4ef04fd6e04a776ac201b6a2c58d2f37117b35f388c5,2,UNVERIFIED,not_semantically_classified,,,,false,NEEDS_HUMAN_REVIEW,Repository seed inventory only; body value and source support require separate review,db/seeds/blog-posts-78.ts,true
seed-guide-cat-indoor-safety,/guide/cat-indoor-safety-guide,guide,고양이 실내 안전 가이드 — 위험 요소 완벽 점검,5,published,2026-05-21T00:00:00.000Z,,sha256:ac0d04a30af79616233934f56ec3cf52e2624a52e66fb130bdcbe0c9f2548290,3,UNVERIFIED,not_semantically_classified,,,,false,NEEDS_HUMAN_REVIEW,Repository seed inventory only; body value and source support require separate review,db/seeds/contents.ts,true
blog-cat-indoor-vs-outdoor,/blog/cat-indoor-vs-outdoor,blog,실내묘 vs 실외묘 — 고양이 생활 방식 선택의 모든 것,1,published,,,sha256:bd9b428208ac4bd7ee1d249580d637460a1f5153d33f75096c69008d380fc895,3,UNVERIFIED,not_semantically_classified,,,,false,NEEDS_HUMAN_REVIEW,Repository seed inventory only; body value and source support require separate review,db/seeds/blog-posts-5.ts,true
blog-474,/blog/cat-indoor-window-enrichment,blog,실내 고양이를 위한 창문 버드워칭 환경 만들기,5,published,2026-09-09T09:00:00.000Z,,sha256:fe184594fe027145ddaf9d21dfb47d6a26bcfa5d887055a6053ff7a297a60797,2,UNVERIFIED,not_semantically_classified,,,,false,NEEDS_HUMAN_REVIEW,Repository seed inventory only; body value and source support require separate review,db/seeds/blog-posts-70.ts,true
blog-421,/blog/cat-inflammatory-bowel-disease,blog,고양이 염증성 장질환(IBD) — 구토·설사·체중 감소가 반복될 때,3,published,2026-08-13T11:00:00.000Z,,sha256:581c8567b4ca10c08f5d41fc8b19871680ff4768c4869a89696ad730aac7640c,3,UNVERIFIED,not_semantically_classified,,,,false,NEEDS_HUMAN_REVIEW,Repository seed inventory only; body value and source support require separate review,db/seeds/blog-posts-60.ts,true
blog-558,/blog/cat-inflammatory-bowel-disease,blog,고양이 염증성 장질환(IBD) — 만성 구토·설사의 숨은 원인,3,published,2026-10-21T09:00:00.000Z,,sha256:205dabc638527736180ed401b12db2dea2851535289084d74645e641e9a9dfbb,2,UNVERIFIED,not_semantically_classified,,,,false,NEEDS_HUMAN_REVIEW,Repository seed inventory only; body value and source support require separate review,db/seeds/blog-posts-87.ts,true
blog-722,/blog/cat-inflammatory-bowel-disease-ibd,blog,고양이 염증성 장질환(IBD) — 만성 구토·설사의 진짜 원인,3,published,2027-01-11T11:00:00.000Z,,sha256:692c09ecf7e944cb0ef9586386ff6c673264ff1a99b937f860f24845bcf27ec6,2,UNVERIFIED,not_semantically_classified,,,,false,NEEDS_HUMAN_REVIEW,Repository seed inventory only; body value and source support require separate review,db/seeds/blog-posts-120.ts,true
blog-216,/blog/cat-interactive-toy-guide,blog,고양이 인터랙티브 장난감 완전 가이드 — 사냥 본능 자극법,5,published,2026-06-29T14:00:00.000Z,,sha256:90cabd1808922834bdd05fb9d93a75f2c2d4e547e1b4af61695bcbe54e1b7166,0,UNVERIFIED,not_semantically_classified,,,,false,NEEDS_HUMAN_REVIEW,Repository seed inventory only; body value and source support require separate review,db/seeds/blog-posts-22.ts,true
blog-647,/blog/cat-iodine-restricted-hyperthyroid-diet,blog,고양이 갑상선항진증 요오드 제한 식이 — 힐스 y/d 완전 해설,2,published,2026-12-04T11:00:00.000Z,,sha256:3aaced939ff2711b3c79b5c603e242b600b782970a05485f55f8a0e7ab0720fb,2,UNVERIFIED,not_semantically_classified,,,,false,NEEDS_HUMAN_REVIEW,Repository seed inventory only; body value and source support require separate review,db/seeds/blog-posts-105.ts,true
blog-154,/blog/cat-kidney-diet-guide,blog,고양이 신장 건강 식이 가이드 — 신부전 예방과 관리 식단,2,published,2026-06-16T16:00:00.000Z,,sha256:cb4c764bc957618f5f00f76e03f63e2d30d99e624142827515c8f2602dbbfa41,0,UNVERIFIED,not_semantically_classified,,,,false,NEEDS_HUMAN_REVIEW,Repository seed inventory only; body value and source support require separate review,db/seeds/blog-posts-16.ts,true
blog-334,/blog/cat-kidney-disease-early-signs,blog,고양이 신장 질환 초기 신호 — 노령묘 사망 원인 1위를 조기에 발견하는 법,3,published,2026-07-01T09:00:00.000Z,,sha256:b3f0f9e9e3cbaf61f54b5d8e7ddfc30c6599b2af15e25c46332a009c126116f4,3,UNVERIFIED,not_semantically_classified,,,,false,NEEDS_HUMAN_REVIEW,Repository seed inventory only; body value and source support require separate review,db/seeds/blog-posts-42.ts,true
blog-cat-kidney-disease-early-signs,/blog/cat-kidney-disease-early-signs,blog,고양이 만성 신부전 초기 신호 — 조기 발견이 중요한 이유,3,published,,,sha256:a07d4da9d2f95df42e5d5c8021bdf237f243020f3db124723d86d72442b5b9b6,3,UNVERIFIED,not_semantically_classified,,,,false,NEEDS_HUMAN_REVIEW,Repository seed inventory only; body value and source support require separate review,db/seeds/blog-posts-7.ts,true
cond-cat-kidney-disease-guide,/condition/cat-kidney-disease-guide,condition,고양이 만성 신장 질환 — 초기 증상·식이 관리,3,review_queue,,,sha256:de84182de37b9b888d17e58563d38afaa4cacb14c09eb12041c72a2b4e304c7f,2,UNVERIFIED,not_semantically_classified,,,,false,NEEDS_HUMAN_REVIEW,Repository seed inventory only; body value and source support require separate review,db/seeds/conditions-batch-1.ts,true
blog-cat-litter-box-guide,/blog/cat-litter-box-guide,blog,고양이 화장실 위치·개수·청소 주기 완벽 정리,5,published,2026-05-19T06:00:00.000Z,,sha256:4ce23d33b6ccbda963ed7c069fc4d2f13e0e05ffdad86308f50651d29283d85e,4,UNVERIFIED,not_semantically_classified,,,,false,NEEDS_HUMAN_REVIEW,Repository seed inventory only; body value and source support require separate review,db/seeds/blog-posts.ts,true
blog-548,/blog/cat-litter-box-placement-science,blog,고양이 화장실 배치의 과학 — 왜 화장실 밖에 볼일을 보는가,5,published,2026-10-16T09:00:00.000Z,,sha256:19dd56440fd435d99858b13eb832cbf8401575c1bf7b80449c21122e7476a286,2,UNVERIFIED,not_semantically_classified,,,,false,NEEDS_HUMAN_REVIEW,Repository seed inventory only; body value and source support require separate review,db/seeds/blog-posts-85.ts,true
guide-cat-litter-box-setup,/guide/cat-litter-box-setup-guide,guide,고양이 화장실 완벽 세팅 가이드 — 위치·모래·개수,5,published,,,sha256:246b1e382e034f293e4058a6e94127a00a6997eb67f570412ecbc4064625b72e,0,UNVERIFIED,not_semantically_classified,,,,false,NEEDS_HUMAN_REVIEW,Repository seed inventory only; body value and source support require separate review,db/seeds/guides-batch-2.ts,true
seed-guide-cat-litter-guide,/guide/cat-litter-guide,guide,고양이 화장실·모래 선택 가이드 — 종류별 비교와 위치 설정,5,published,2026-05-18T00:00:00.000Z,,sha256:ca63986633b12e06177fb8fcd6cbf85f78988b7de11a6268a79c771573e5dbb3,2,UNVERIFIED,not_semantically_classified,,,,false,NEEDS_HUMAN_REVIEW,Repository seed inventory only; body value and source support require separate review,db/seeds/contents.ts,true
blog-297,/blog/cat-loss-of-appetite-causes-solutions,blog,고양이 밥을 안 먹어요 — 원인 8가지와 집에서 할 수 있는 대처법,2,published,2026-06-11T11:00:00.000Z,,sha256:94e9273d9dfec748bfb7759bd5b3850fcc09b65121d5f0bae109dc0fae858be2,3,UNVERIFIED,not_semantically_classified,,,,false,NEEDS_HUMAN_REVIEW,Repository seed inventory only; body value and source support require separate review,db/seeds/blog-posts-35.ts,true
blog-538,/blog/cat-lymphoma-guide,blog,"고양이 림프종 — 가장 흔한 암, 그러나 치료 가능성이 있다",3,published,2026-10-11T09:00:00.000Z,,sha256:207415592f2236acc22570c72f023f98318b6c076558a8a2951a8fd5f3a310a0,2,UNVERIFIED,not_semantically_classified,,,,false,NEEDS_HUMAN_REVIEW,Repository seed inventory only; body value and source support require separate review,db/seeds/blog-posts-83.ts,true
blog-667,/blog/cat-lymphoma-most-common-cancer,blog,고양이 림프종 — 고양이 암 1위의 특징과 치료,3,published,2026-12-14T11:00:00.000Z,,sha256:11e3c55566362f77110a924d6cc301b6d9d1ccd9554711c0b74f40234fe0af5f,2,UNVERIFIED,not_semantically_classified,,,,false,NEEDS_HUMAN_REVIEW,Repository seed inventory only; body value and source support require separate review,db/seeds/blog-posts-109.ts,true
blog-712,/blog/cat-megacolon-chronic-constipation,blog,"고양이 거대결장 — 만성 변비의 끝, 수술까지 가는 이유",3,published,2027-01-06T11:00:00.000Z,,sha256:5fa15f3fa0cc311b94eda26071caf0236f71a27dcd973b2b248b389bd0256846,2,UNVERIFIED,not_semantically_classified,,,,false,NEEDS_HUMAN_REVIEW,Repository seed inventory only; body value and source support require separate review,db/seeds/blog-posts-118.ts,true
blog-468,/blog/cat-megacolon-constipation,blog,고양이 거대결장과 만성 변비 — 방치하면 수술까지 가는 이유,3,published,2026-09-06T09:00:00.000Z,,sha256:07793f35be0d8e0baeddcc8b4fa61822ee23eedc111d33bb4f81ff6fd31bcf65,2,UNVERIFIED,not_semantically_classified,,,,false,NEEDS_HUMAN_REVIEW,Repository seed inventory only; body value and source support require separate review,db/seeds/blog-posts-69.ts,true
blog-360,/blog/cat-moving-new-home-guide,blog,고양이와 이사하기 — 루틴 변화에 가장 민감한 동물의 이사 관리법,5,published,2026-07-14T09:00:00.000Z,,sha256:b50c810c0f06fd0f513d4c91bf7de91e8bec2757be65751d6f7338ed3d5cbca7,3,UNVERIFIED,not_semantically_classified,,,,false,NEEDS_HUMAN_REVIEW,Repository seed inventory only; body value and source support require separate review,db/seeds/blog-posts-47.ts,true
blog-302,/blog/cat-nail-trimming-complete-guide,blog,고양이 발톱 관리 완전 가이드 — 잘라야 할 길이와 싫어하는 고양이 다루는 법,5,published,2026-06-14T11:00:00.000Z,,sha256:35cd6429dca0740c5f416b65e6fcf8b8f7b0db911b876789d5294c41fa929da4,3,UNVERIFIED,not_semantically_classified,,,,false,NEEDS_HUMAN_REVIEW,Repository seed inventory only; body value and source support require separate review,db/seeds/blog-posts-36.ts,true
blog-cat-nail-trimming-guide,/blog/cat-nail-trimming-guide,blog,고양이 발톱 자르기 — 거부하는 고양이도 할 수 있는 방법,5,published,,,sha256:35985a372f3e2a7ebaef405065744b1cc0d1339c629917fd8b4f3e2f3b328d7c,3,UNVERIFIED,not_semantically_classified,,,,false,NEEDS_HUMAN_REVIEW,Repository seed inventory only; body value and source support require separate review,db/seeds/blog-posts-11.ts,true
blog-cat-neutering-guide,/blog/cat-neutering-guide,blog,고양이 중성화 수술 — 시기·비용·회복까지 한 번에,3,published,2026-05-22T12:00:00.000Z,,sha256:001b974c86799c3d25f48238837aae20d09480b7d5398df61901aaac159d5697,3,UNVERIFIED,not_semantically_classified,,,,false,NEEDS_HUMAN_REVIEW,Repository seed inventory only; body value and source support require separate review,db/seeds/blog-posts-2.ts,true
seed-guide-cat-neutering-guide,/guide/cat-neutering-spaying-guide,guide,고양이 중성화 수술 완전 가이드 — 시기·비용·회복,1,published,2026-05-20T00:00:00.000Z,,sha256:6e8df108808159d7b3916d2b5e26f425e632934f07b8e8bc35ab1e47ae19f502,3,UNVERIFIED,not_semantically_classified,,,,false,NEEDS_HUMAN_REVIEW,Repository seed inventory only; body value and source support require separate review,db/seeds/contents.ts,true
blog-519,/blog/cat-nighttime-activity-management,blog,고양이 새벽 소란 — 야행성 습관을 보호자 수면과 맞추는 방법,5,published,2026-10-01T11:00:00.000Z,,sha256:2d8f6a40f242a4e9a60dbca8d79bde8a4595b1103f9070985351ea9ab583431a,2,UNVERIFIED,not_semantically_classified,,,,false,NEEDS_HUMAN_REVIEW,Repository seed inventory only; body value and source support require separate review,db/seeds/blog-posts-79.ts,true
seed-condition-cat-obesity,/condition/cat-obesity,condition,고양이 비만 — 원인·진단·식이 관리,3,published,2026-05-22T00:00:00.000Z,,sha256:a6e9857d79a72a2ec5b5849d2ecd0ce11478bf14490fe87fd08afb2ff4101ade,3,UNVERIFIED,not_semantically_classified,,,,false,NEEDS_HUMAN_REVIEW,Repository seed inventory only; body value and source support require separate review,db/seeds/contents.ts,true
blog-354,/blog/cat-obesity-diet-management,blog,고양이 비만 — 통통한 것이 귀엽지만 심각한 건강 문제가 된다,2,published,2026-07-11T09:00:00.000Z,,sha256:016db05d27a834b212fd1b0895f67165ed6f35bc5605cef0634493329b752277,3,UNVERIFIED,not_semantically_classified,,,,false,NEEDS_HUMAN_REVIEW,Repository seed inventory only; body value and source support require separate review,db/seeds/blog-posts-46.ts,true
blog-249,/blog/cat-obesity-diet-management-guide,blog,고양이 비만 관리 가이드 — 체중 측정부터 다이어트 사료 전환까지 단계별,2,published,2026-06-02T17:00:00.000Z,,sha256:abf79cf5f5d4c1779da65c822a34eb90fb5af4318d3bc46638ae26a1aaf5fe7f,3,UNVERIFIED,not_semantically_classified,,,,false,NEEDS_HUMAN_REVIEW,Repository seed inventory only; body value and source support require separate review,db/seeds/blog-posts-26.ts,true
blog-530,/blog/cat-omega3-fish-oil-guide,blog,"고양이 오메가-3 — 언제, 얼마나, 어떤 제품을 줘야 하나",2,published,2026-10-07T09:00:00.000Z,,sha256:170484bde7dc08ca58cd1d5774454e3b95d767bedeae1f98707cbcbb54e868e3,2,UNVERIFIED,not_semantically_classified,,,,false,NEEDS_HUMAN_REVIEW,Repository seed inventory only; body value and source support require separate review,db/seeds/blog-posts-81.ts,true
blog-237,/blog/cat-outdoor-enclosure-guide,blog,고양이 야외 케이지·캣테리어 완전 가이드 — 설치부터 활용까지,5,published,2026-07-03T23:00:00.000Z,,sha256:98c85fd8e00c938b7a7cb39017eaf0c8971e575a54b9300e791eafbb5b199d15,0,UNVERIFIED,not_semantically_classified,,,,false,NEEDS_HUMAN_REVIEW,Repository seed inventory only; body value and source support require separate review,db/seeds/blog-posts-24.ts,true
blog-235,/blog/cat-outdoor-safety-guide,blog,고양이 외출·산책 안전 가이드 — 하네스 적응부터 위험 요소까지,5,published,2026-07-03T13:00:00.000Z,,sha256:61678938d3df3bdfbe4e36a0d1a7359bff4473b4b911c2096d8f26e4d50ff071,0,UNVERIFIED,not_semantically_classified,,,,false,NEEDS_HUMAN_REVIEW,Repository seed inventory only; body value and source support require separate review,db/seeds/blog-posts-24.ts,true
blog-672,/blog/cat-pancreatitis-guide,blog,고양이 췌장염 — 증상 불명확한 이유와 진단,3,published,2026-12-17T09:00:00.000Z,,sha256:4d28ed3e3eff5e436c98a362245b5521fcebe85e7104c20d8a4f68762f268701,2,UNVERIFIED,not_semantically_classified,,,,false,NEEDS_HUMAN_REVIEW,Repository seed inventory only; body value and source support require separate review,db/seeds/blog-posts-110.ts,true
blog-587,/blog/cat-panleukopenia-prevention,blog,"고양이 범백혈구 감소증(범백) — 치명률 높은 바이러스, 예방이 전부",3,published,2026-11-04T11:00:00.000Z,,sha256:9ea860f02d1e8852822157d4f973b27cff6afc20fcbfbe50237e4ba80521acbf,2,UNVERIFIED,not_semantically_classified,,,,false,NEEDS_HUMAN_REVIEW,Repository seed inventory only; body value and source support require separate review,db/seeds/blog-posts-93.ts,true
blog-509,/blog/cat-pkd-polycystic-kidney,blog,고양이 다낭성 신장병(PKD) — 페르시안·엑조틱 보호자 필독,3,published,2026-09-26T11:00:00.000Z,,sha256:fddf107a0e89a487ba663c58d195885ce723aad1c665ddca9dcc3f6fcb6a7d53,2,UNVERIFIED,not_semantically_classified,,,,false,NEEDS_HUMAN_REVIEW,Repository seed inventory only; body value and source support require separate review,db/seeds/blog-posts-77.ts,true
blog-686,/blog/cat-pleural-effusion-breathing,blog,고양이 흉막 삼출 — 갑작스러운 호흡 곤란의 응급 원인,3,published,2026-12-24T09:00:00.000Z,,sha256:716067188112e74fedac7eb601e4dfcffbe21e1504bcc1b2bbd8830dc6d3103a,2,UNVERIFIED,not_semantically_classified,,,,false,NEEDS_HUMAN_REVIEW,Repository seed inventory only; body value and source support require separate review,db/seeds/blog-posts-113.ts,true
blog-717,/blog/cat-polycystic-kidney-disease-pkd,blog,고양이 다낭성 신장 질환(PKD) — 유전 검사와 관리,3,published,2027-01-09T09:00:00.000Z,,sha256:6a60282728586e30c6f2fe1c511880c70aeb305391c18fa324a2437c41d38e91,2,UNVERIFIED,not_semantically_classified,,,,false,NEEDS_HUMAN_REVIEW,Repository seed inventory only; body value and source support require separate review,db/seeds/blog-posts-119.ts,true
blog-642,/blog/cat-polyuria-polydipsia-workup,blog,고양이 물 많이 마시고 소변 많이 볼 때 — 원인 파악 방법,3,published,2026-12-02T09:00:00.000Z,,sha256:7c720c39b9122b8f689cea2b0165c8552c4ba1e78625d6912f9ed5129dc06ca1,2,UNVERIFIED,not_semantically_classified,,,,false,NEEDS_HUMAN_REVIEW,Repository seed inventory only; body value and source support require separate review,db/seeds/blog-posts-104.ts,true
blog-cat-prescription-diet-guide,/blog/cat-prescription-diet-guide,blog,고양이 처방식 완전 가이드 — 질환별 사료 선택과 전환법,2,published,,,sha256:238092fcc5d69056d9062f408dc65c849c7cdd87d49f0f80073789f73034b7ee,3,UNVERIFIED,not_semantically_classified,,,,false,NEEDS_HUMAN_REVIEW,Repository seed inventory only; body value and source support require separate review,db/seeds/blog-posts-6.ts,true
blog-517,/blog/cat-prescription-diet-guide,blog,고양이 처방식 사료 완전 해설 — 왜 수의사 처방 없이는 안 되는가,2,published,2026-09-30T11:00:00.000Z,,sha256:cd77056dbea68b9e5ebf00bda176b3e730f72be447538fb9a1e3786303020abd,2,UNVERIFIED,not_semantically_classified,,,,false,NEEDS_HUMAN_REVIEW,Repository seed inventory only; body value and source support require separate review,db/seeds/blog-posts-79.ts,true
blog-cat-problem-behavior-guide,/blog/cat-problem-behavior-guide,blog,고양이 문제 행동 TOP 5 — 보호자를 힘들게 하는 것들의 해결책,5,published,,,sha256:be76d7be3957ba8c8607e59b1d65fe323a397c288fcbe0ad2157ba27b7e3368c,3,UNVERIFIED,not_semantically_classified,,,,false,NEEDS_HUMAN_REVIEW,Repository seed inventory only; body value and source support require separate review,db/seeds/blog-posts-12.ts,true
blog-605,/blog/cat-protein-quality-guide,blog,고양이 사료 단백질 품질 — 함량만 보면 안 되는 이유,2,published,2026-11-13T11:00:00.000Z,,sha256:faa4c6e58b222f326943141048479a21471364431e575a64bf406553e970957f,2,UNVERIFIED,not_semantically_classified,,,,false,NEEDS_HUMAN_REVIEW,Repository seed inventory only; body value and source support require separate review,db/seeds/blog-posts-96.ts,true
blog-cat-protein-requirements,/blog/cat-protein-requirements,blog,고양이 단백질 필요량 완벽 정리 — 육식동물의 영양 비밀,2,published,,,sha256:eb809603ecf968a3375eba19d84956d87c76c74cbae6d190d03856ed49203479,3,UNVERIFIED,not_semantically_classified,,,,false,NEEDS_HUMAN_REVIEW,Repository seed inventory only; body value and source support require separate review,db/seeds/blog-posts-5.ts,true
blog-220,/blog/cat-puzzle-toy-guide,blog,고양이 퍼즐 장난감 완전 가이드 — 먹이 탐색 본능 활용하기,5,published,2026-06-30T10:00:00.000Z,,sha256:47871a0c6f722e1f5f335ef33ac1cb9766f22ffe53dd0dd2e4d16a0695f9a544,0,UNVERIFIED,not_semantically_classified,,,,false,NEEDS_HUMAN_REVIEW,Repository seed inventory only; body value and source support require separate review,db/seeds/blog-posts-22.ts,true
blog-cat-raw-diet-guide,/blog/cat-raw-diet-guide,blog,고양이 생식 완전 가이드 — 장점·위험·안전한 도입법,2,published,,,sha256:04ace81169d1b3d69491d5515a07c0d4d31b28e7d1a75bd211ef0fb0c56d6667,3,UNVERIFIED,not_semantically_classified,,,,false,NEEDS_HUMAN_REVIEW,Repository seed inventory only; body value and source support require separate review,db/seeds/blog-posts-14.ts,true
blog-505,/blog/cat-raw-diet-pros-cons,blog,고양이 생육(Raw Meat) 급여 — 지지론과 반대론의 실제 근거,2,published,2026-09-24T11:00:00.000Z,,sha256:f7b77fbdf4921973ac4f0e86f806f585fdaa51c9e903c418c347984777f73da3,2,UNVERIFIED,not_semantically_classified,,,,false,NEEDS_HUMAN_REVIEW,Repository seed inventory only; body value and source support require separate review,db/seeds/blog-posts-76.ts,true
blog-657,/blog/cat-renal-vs-urinary-diet-guide,blog,고양이 신장식 vs 비뇨기식 — 어떤 차이인가,3,published,2026-12-09T11:00:00.000Z,,sha256:0c6cf532f89835e7c8c3218740f3e90e6dd1c691efc76d99726a4a6ccc78a95f,2,UNVERIFIED,not_semantically_classified,,,,false,NEEDS_HUMAN_REVIEW,Repository seed inventory only; body value and source support require separate review,db/seeds/blog-posts-107.ts,true
blog-307,/blog/cat-respiratory-infection-guide,blog,고양이 상기도 감염 — 재채기·콧물·눈곱이 멈추지 않을 때,3,published,2026-06-17T11:00:00.000Z,,sha256:116b48bcedd4693770004a3dc518a60c4641204defd68bc56f32dc02c8ac42eb,3,UNVERIFIED,not_semantically_classified,,,,false,NEEDS_HUMAN_REVIEW,Repository seed inventory only; body value and source support require separate review,db/seeds/blog-posts-37.ts,true
blog-cat-respiratory-problems-guide,/blog/cat-respiratory-problems-guide,blog,고양이 재채기·콧물·호흡 곤란 — 원인과 응급 판단 기준,3,published,,,sha256:15a4996c18df962a35215ebcd751811c448b8bc456af0ab77bbdccec6f34943b,3,UNVERIFIED,not_semantically_classified,,,,false,NEEDS_HUMAN_REVIEW,Repository seed inventory only; body value and source support require separate review,db/seeds/blog-posts-8.ts,true
seed-condition-cat-ringworm,/condition/cat-ringworm,condition,고양이 피부사상균증(링웜) — 증상·전염·치료와 사람 전염 예방,3,published,2026-05-22T00:00:00.000Z,,sha256:93b4751f27d723398a1d2395423ae17dfe8c3aeded51bea082fdfe181d0cb82f,3,UNVERIFIED,not_semantically_classified,,,,false,NEEDS_HUMAN_REVIEW,Repository seed inventory only; body value and source support require separate review,db/seeds/contents.ts,true
blog-568,/blog/cat-ringworm-treatment,blog,고양이 피부사상균증(링웜) — 사람에게도 옮는 진균 감염,3,published,2026-10-26T09:00:00.000Z,,sha256:f2a468ec6c78fdb7393e2d068f571e0f152d5e462434baaf5f976f4a02a5bda2,2,UNVERIFIED,not_semantically_classified,,,,false,NEEDS_HUMAN_REVIEW,Repository seed inventory only; body value and source support require separate review,db/seeds/blog-posts-89.ts,true
blog-344,/blog/cat-scratch-furniture-prevention,blog,고양이 가구 긁기 — 막는 방법이 아닌 올바른 장소로 유도하는 방법,5,published,2026-07-06T09:00:00.000Z,,sha256:7c8945b431bed3902349afc153ffb72df96d681ff3ceae29d83579d551d50265,3,UNVERIFIED,not_semantically_classified,,,,false,NEEDS_HUMAN_REVIEW,Repository seed inventory only; body value and source support require separate review,db/seeds/blog-posts-44.ts,true
blog-cat-scratcher-guide,/blog/cat-scratcher-guide,blog,고양이 스크래처 종류별 비교 — 우리 고양이에게 맞는 걸 고르는 법,5,published,2026-05-22T16:00:00.000Z,,sha256:e48f38451087e52c7d2bf48ec01d6c1fa109aeb23aa393d7225ac8a7afbe1d03,3,UNVERIFIED,not_semantically_classified,,,,false,NEEDS_HUMAN_REVIEW,Repository seed inventory only; body value and source support require separate review,db/seeds/blog-posts-2.ts,true
blog-529,/blog/cat-scratching-post-selection,blog,고양이 스크래처 선택 — 왜 사놓은 스크래처를 안 쓰는가,5,published,2026-10-06T11:00:00.000Z,,sha256:a01bc96e46361d30459c2d55cdbe8e40b33baa17107ebeb329d41e5395e47838,2,UNVERIFIED,not_semantically_classified,,,,false,NEEDS_HUMAN_REVIEW,Repository seed inventory only; body value and source support require separate review,db/seeds/blog-posts-81.ts,true
blog-160,/blog/cat-senior-diet-transition,blog,노령묘 식이 전환 가이드 — 7세부터 달라지는 영양 요구,2,published,2026-06-17T22:00:00.000Z,,sha256:ca37e20c387b0b36b1215b10ed545c706ec53304504d1c4c5f0d285f24227bf2,0,UNVERIFIED,not_semantically_classified,,,,false,NEEDS_HUMAN_REVIEW,Repository seed inventory only; body value and source support require separate review,db/seeds/blog-posts-16.ts,true
guide-cat-senior-nutrition-complete,/guide/cat-senior-nutrition-complete-guide,guide,노령묘 영양 완벽 가이드 — 10세 이상 고양이 식이 관리,2,published,,,sha256:2a767ae940e140d15267bc50ffcc5d8af3fc562fbbabd2eff00471af3930aeef,0,UNVERIFIED,not_semantically_classified,,,,false,NEEDS_HUMAN_REVIEW,Repository seed inventory only; body value and source support require separate review,db/seeds/guides-batch-3.ts,true
blog-cat-shedding-management,/blog/cat-shedding-management,blog,고양이 털 빠짐 관리 — 털 날림 줄이는 실전 방법,5,published,,,sha256:af2dde359a855c94f9bc92210924783526c31cc50a212e9ca2ac10c39b8aa9e9,3,UNVERIFIED,not_semantically_classified,,,,false,NEEDS_HUMAN_REVIEW,Repository seed inventory only; body value and source support require separate review,db/seeds/blog-posts-10.ts,true
blog-cat-skin-problems-guide,/blog/cat-skin-problems-guide,blog,고양이 피부 문제 — 가려움·탈모·딱지 원인과 대처법,3,published,,,sha256:0c37708fa147d8b86822fab8dc3f664b96545a3fa8631383f6b415728762eb4c,3,UNVERIFIED,not_semantically_classified,,,,false,NEEDS_HUMAN_REVIEW,Repository seed inventory only; body value and source support require separate review,db/seeds/blog-posts-7.ts,true
blog-cat-sleep-patterns,/blog/cat-sleep-patterns,blog,고양이 수면 패턴 — 하루 16시간 자는 이유와 정상 범위,5,published,,,sha256:62c017b3dca0525533e3a0836fc39f9dfd22e35929fcc16741fc7027d4700cc9,3,UNVERIFIED,not_semantically_classified,,,,false,NEEDS_HUMAN_REVIEW,Repository seed inventory only; body value and source support require separate review,db/seeds/blog-posts-11.ts,true
blog-264,/blog/cat-snack-selection-guide,blog,고양이 간식 잘 고르는 법 — 성분 읽기부터 급여량까지 완전 정리,2,published,2026-06-04T12:00:00.000Z,,sha256:5574b4c64b728ce36a95dc9c6774c14d12ad59d6eb81b1cffedc8108d5ea14c9,3,UNVERIFIED,not_semantically_classified,,,,false,NEEDS_HUMAN_REVIEW,Repository seed inventory only; body value and source support require separate review,db/seeds/blog-posts-28.ts,true
seed-condition-cat-stomatitis,/condition/cat-stomatitis,condition,고양이 구내염 — 증상·원인·치료·발치 결정,3,published,2026-05-22T00:00:00.000Z,,sha256:7d7410443dfd3ef9616e7eea063b59bd0887483c79b4ea294abeaca831663f11,3,UNVERIFIED,not_semantically_classified,,,,false,NEEDS_HUMAN_REVIEW,Repository seed inventory only; body value and source support require separate review,db/seeds/contents.ts,true
blog-cat-stomatitis-guide,/blog/cat-stomatitis-guide,blog,고양이 구내염 — 밥 안 먹고 침 흘린다면 확인해야 할 것,3,published,,,sha256:fa0565bbd7a59a5c281cc08998a1642784ef25f80e3d84800a9eacdc48e4ee9a,3,UNVERIFIED,not_semantically_classified,,,,false,NEEDS_HUMAN_REVIEW,Repository seed inventory only; body value and source support require separate review,db/seeds/blog-posts-8.ts,true
blog-601,/blog/cat-stomatitis-long-term-management,blog,고양이 구내염 장기 관리 — 발치 후에도 재발하는 이유,3,published,2026-11-11T11:00:00.000Z,,sha256:66ccfa8d0fcac46d1db9d906747310afa45096ed0bd0044f3dc63d6fd35ea7a7,2,UNVERIFIED,not_semantically_classified,,,,false,NEEDS_HUMAN_REVIEW,Repository seed inventory only; body value and source support require separate review,db/seeds/blog-posts-96.ts,true
blog-cat-stress-signals-guide,/blog/cat-stress-signals-guide,blog,고양이 스트레스 신호 — 집사가 놓치기 쉬운 행동 10가지,5,published,,,sha256:6f3e8e3b6ffee9aa84d742438e5e8a6bc717fcd0750019ee95600906e14a7e10,3,UNVERIFIED,not_semantically_classified,,,,false,NEEDS_HUMAN_REVIEW,Repository seed inventory only; body value and source support require separate review,db/seeds/blog-posts-12.ts,true
blog-cat-summer-heatstroke-prevention,/blog/cat-summer-heatstroke-prevention,blog,고양이 여름 열사병 예방 — 더위를 이기는 실내 환경 만들기,5,published,,,sha256:150d6678b3b542f40760092f5d73c41631d55bc71e4d3a5e939bb62e4024cc05,3,UNVERIFIED,not_semantically_classified,,,,false,NEEDS_HUMAN_REVIEW,Repository seed inventory only; body value and source support require separate review,db/seeds/blog-posts-10.ts,true
blog-162,/blog/cat-summer-safety-guide,blog,고양이 여름 안전 가이드 — 열사병·탈수·고온 환경 관리,3,published,2026-06-18T08:00:00.000Z,,sha256:174f7b272ee78cefa744a8cdc400611a5ebe394a26b3fe2d40027fa3570784f2,2,UNVERIFIED,not_semantically_classified,,,,false,NEEDS_HUMAN_REVIEW,Repository seed inventory only; body value and source support require separate review,db/seeds/blog-posts-17.ts,true
blog-676,/blog/cat-systemic-hypertension-guide,blog,고양이 전신 고혈압 — 증상 없이 진행되는 침묵의 병,3,published,2026-12-19T09:00:00.000Z,,sha256:4ce4d583c655746c7dbdc268d81cac1796ccb353dc36b320ed11071c11eb41bc,2,UNVERIFIED,not_semantically_classified,,,,false,NEEDS_HUMAN_REVIEW,Repository seed inventory only; body value and source support require separate review,db/seeds/blog-posts-111.ts,true
blog-566,/blog/cat-taurine-deficiency-guide,blog,고양이 타우린 결핍 — 생선만 먹이면 안 되는 핵심 이유,2,published,2026-10-25T09:00:00.000Z,,sha256:ff7091603a6a6e1150df165fc2e0f5cc4cff49bc6a935d23cf2ada8a785e9bed,2,UNVERIFIED,not_semantically_classified,,,,false,NEEDS_HUMAN_REVIEW,Repository seed inventory only; body value and source support require separate review,db/seeds/blog-posts-89.ts,true
blog-cat-territory-marking-guide,/blog/cat-territory-marking-guide,blog,고양이 영역 표시 — 스프레이·긁기·비비기 이해하기,5,published,,,sha256:c4fdf3081f93382d4c27dfd8cce2fa259c32e4822eebad999649a791bdf590c8,3,UNVERIFIED,not_semantically_classified,,,,false,NEEDS_HUMAN_REVIEW,Repository seed inventory only; body value and source support require separate review,db/seeds/blog-posts-11.ts,true
blog-145,/blog/cat-toilet-problem-guide,blog,고양이 배변 실수 해결 가이드 — 원인 분석부터 재발 방지까지,5,published,2026-06-14T19:00:00.000Z,,sha256:0ac4a33307959a345d8d2f69e068e681ff673da65370a1299d0347fbf6dbf250,0,UNVERIFIED,not_semantically_classified,,,,false,NEEDS_HUMAN_REVIEW,Repository seed inventory only; body value and source support require separate review,db/seeds/blog-posts-15.ts,true
blog-cat-tower-guide,/blog/cat-tower-guide,blog,고양이 캣타워 선택 완전 가이드 — 크기·재질·설치 위치,5,published,,,sha256:636e7ab17e6210cb109f6283d5d8f358ebc684ac9d7accb41cac4e8514cd375d,3,UNVERIFIED,not_semantically_classified,,,,false,NEEDS_HUMAN_REVIEW,Repository seed inventory only; body value and source support require separate review,db/seeds/blog-posts-14.ts,true
blog-cat-toxic-foods,/blog/cat-toxic-foods,blog,고양이 먹으면 안 되는 음식 완전 목록 — 독성 원인까지,2,published,,,sha256:b41610e472987175aa95b15ae0a8446ddba4a5060d81efde42137a9c2323c9b0,3,UNVERIFIED,not_semantically_classified,,,,false,NEEDS_HUMAN_REVIEW,Repository seed inventory only; body value and source support require separate review,db/seeds/blog-posts-6.ts,true
blog-619,/blog/cat-toxic-indoor-plants-list,blog,고양이에게 독성인 실내 식물 — 인테리어 전에 확인해야 할 목록,5,published,2026-11-20T11:00:00.000Z,,sha256:defbe7409a0cebac65b541d73b7d066643af5ec23101cdd6d7644033774a176a,2,UNVERIFIED,not_semantically_classified,,,,false,NEEDS_HUMAN_REVIEW,Repository seed inventory only; body value and source support require separate review,db/seeds/blog-posts-99.ts,true
blog-581,/blog/cat-toxoplasmosis-guide,blog,"고양이 톡소플라즈마 — 임신부 위험, 실제 감염 확률, 올바른 예방",3,published,2026-11-01T11:00:00.000Z,,sha256:0151d1247f1b35d47fbbcc6be5e8e3573abcd82233a7916e2f6e657a6267a614,2,UNVERIFIED,not_semantically_classified,,,,false,NEEDS_HUMAN_REVIEW,Repository seed inventory only; body value and source support require separate review,db/seeds/blog-posts-92.ts,true
blog-435,/blog/cat-toy-selection-guide,blog,고양이 장난감 선택 가이드 — 개체별 사냥 본능에 맞는 장난감 찾기,5,published,2026-08-20T11:00:00.000Z,,sha256:d03032fe3a883d3a04a03a4d0c0ba75dc90da3a8c1b03c98549cade6512cc9b6,2,UNVERIFIED,not_semantically_classified,,,,false,NEEDS_HUMAN_REVIEW,Repository seed inventory only; body value and source support require separate review,db/seeds/blog-posts-62.ts,true
blog-cat-treats-guide,/blog/cat-treats-guide,blog,고양이 간식 잘 고르는 법 — 성분부터 급여량까지,2,published,,,sha256:2c3626f39032bf26921cee45e8474f6e11fb7248221aae9b6206ea242f16c8af,3,UNVERIFIED,not_semantically_classified,,,,false,NEEDS_HUMAN_REVIEW,Repository seed inventory only; body value and source support require separate review,db/seeds/blog-posts-6.ts,true
blog-452,/blog/cat-tuna-addiction-risks,blog,고양이 참치 중독 — 매일 참치를 먹이면 안 되는 이유,2,published,2026-08-29T09:00:00.000Z,,sha256:400b19154cb678c9e5023b36aeb27bbfb152865827aee880c7445256176d2411,2,UNVERIFIED,not_semantically_classified,,,,false,NEEDS_HUMAN_REVIEW,Repository seed inventory only; body value and source support require separate review,db/seeds/blog-posts-66.ts,true
blog-592,/blog/cat-upper-respiratory-infection,blog,고양이 상부 호흡기 감염 — 재채기·콧물·눈곱의 원인과 관리,3,published,2026-11-07T09:00:00.000Z,,sha256:9ec0eafc31ce26fd62ce1746b2c5bee578675d6bb544d2f1a487de3be26cca58,2,UNVERIFIED,not_semantically_classified,,,,false,NEEDS_HUMAN_REVIEW,Repository seed inventory only; body value and source support require separate review,db/seeds/blog-posts-94.ts,true
seed-condition-cat-upper-respiratory,/condition/cat-upper-respiratory-infection,condition,고양이 상부 호흡기 감염 — 증상·원인·치료,3,published,2026-05-20T00:00:00.000Z,,sha256:54137a2ce356c99881803ac2137024228b83faa4fe64faba9470749c7672be9b,3,UNVERIFIED,not_semantically_classified,,,,false,NEEDS_HUMAN_REVIEW,Repository seed inventory only; body value and source support require separate review,db/seeds/contents.ts,true
blog-732,/blog/cat-urethral-obstruction-male-emergency,blog,수컷 고양이 요도 폐색 — 이틀을 다투는 응급 상황,3,published,2027-01-16T11:00:00.000Z,,sha256:23e4c12ba41d91e489bf64f6cf64aa9efd769b18039bc0144664826d286f8e86,2,UNVERIFIED,not_semantically_classified,,,,false,NEEDS_HUMAN_REVIEW,Repository seed inventory only; body value and source support require separate review,db/seeds/blog-posts-122.ts,true
blog-477,/blog/cat-urinary-blockage-prevention,blog,고양이 요로폐색 예방 — 수컷 고양이 보호자 필독,3,published,2026-09-10T11:00:00.000Z,,sha256:8a3e415d81854397ff4bc93d5826f3e9b259579539b77df633eb4aaea0ac7b4c,2,UNVERIFIED,not_semantically_classified,,,,false,NEEDS_HUMAN_REVIEW,Repository seed inventory only; body value and source support require separate review,db/seeds/blog-posts-71.ts,true
blog-616,/blog/cat-urinary-prescription-diet-guide,blog,고양이 요로 처방식 — 결석 종류에 따라 다른 사료가 필요하다,2,published,2026-11-19T09:00:00.000Z,,sha256:0cea31408c30920858d8d2d64c70d6ac082dcdab095d6ba6b1a3b0bc9d03aad2,2,UNVERIFIED,not_semantically_classified,,,,false,NEEDS_HUMAN_REVIEW,Repository seed inventory only; body value and source support require separate review,db/seeds/blog-posts-99.ts,true
cond-cat-urinary-tract-disease,/condition/cat-urinary-tract-disease,condition,고양이 하부 요로 질환(FLUTD) — 증상·응급처치,3,review_queue,,,sha256:c7f36fc93149b5b89cc68597090fdca996e1d7b082b455d761483dd65ef698fc,1,UNVERIFIED,not_semantically_classified,,,,false,NEEDS_HUMAN_REVIEW,Repository seed inventory only; body value and source support require separate review,db/seeds/conditions-batch-1.ts,true
seed-guide-cat-vaccination-schedule,/guide/cat-vaccination-schedule,guide,고양이 예방접종 스케줄 — 기초부터 추가접종까지,3,published,2026-05-10T00:00:00.000Z,,sha256:47cdba198e688bc1d57d32b0fce576a0713206059f2240b4810a1b5880ee7133,3,UNVERIFIED,not_semantically_classified,,,,false,NEEDS_HUMAN_REVIEW,Repository seed inventory only; body value and source support require separate review,db/seeds/contents.ts,true
blog-627,/blog/cat-vaccine-sarcoma-guide,blog,고양이 주사 유발 육종 — 예방접종 맞은 자리에 혹이 생겼다면,3,published,2026-11-24T11:00:00.000Z,,sha256:1c2c62966da1a418f4a51099e6f408def191eb4827f6bd8042d823c2cf0a7ba0,2,UNVERIFIED,not_semantically_classified,,,,false,NEEDS_HUMAN_REVIEW,Repository seed inventory only; body value and source support require separate review,db/seeds/blog-posts-101.ts,true
seed-condition-cat-vomiting,/condition/cat-vomiting,condition,고양이 구토 — 원인·증상·병원 가야 할 때,3,published,2026-05-21T00:00:00.000Z,,sha256:f392e0e70774929f5af26499faaba42179db32bb328a549c5babf479942689ef,3,UNVERIFIED,not_semantically_classified,,,,false,NEEDS_HUMAN_REVIEW,Repository seed inventory only; body value and source support require separate review,db/seeds/contents.ts,true
cond-cat-vomiting-causes,/condition/cat-vomiting-causes,condition,고양이 구토 원인 — 급성 vs 만성 구분법,3,review_queue,,,sha256:c2c3d4bb8f5d994329a41503ce222c56dadc5e9033de5cb9fe6bfb249a6afdde,1,UNVERIFIED,not_semantically_classified,,,,false,NEEDS_HUMAN_REVIEW,Repository seed inventory only; body value and source support require separate review,db/seeds/conditions-batch-1.ts,true
blog-323,/blog/cat-vomiting-causes-guide,blog,고양이 구토 — 언제 괜찮고 언제 병원을 가야 하나,3,published,2026-06-25T11:00:00.000Z,,sha256:ece59ae69cf68ccb71ccea475145d228fd00f53d9f93cdaa08c278899daa2622,3,UNVERIFIED,not_semantically_classified,,,,false,NEEDS_HUMAN_REVIEW,Repository seed inventory only; body value and source support require separate review,db/seeds/blog-posts-40.ts,true
blog-cat-vomiting-when-to-vet,/blog/cat-vomiting-when-to-vet,blog,고양이 구토 — 헤어볼인지 응급인지 구별하는 법,3,published,2026-03-14,,sha256:cb1c96b8e7362ddd482ec15d611ee3f6c1bc70c3fbf3914bbe4433be03496379,3,UNVERIFIED,not_semantically_classified,,,,false,NEEDS_HUMAN_REVIEW,Repository seed inventory only; body value and source support require separate review,db/seeds/blog-posts-3.ts,true
blog-315,/blog/cat-water-intake-guide,blog,고양이 물 하루 얼마나 마셔야 하나 — 수분 부족이 신장에 미치는 영향,2,published,2026-06-21T11:00:00.000Z,,sha256:ca06ac2fee2b640ee7067539c4330c495ec1b33a439710b03b2e56302d8ebf60,3,UNVERIFIED,not_semantically_classified,,,,false,NEEDS_HUMAN_REVIEW,Repository seed inventory only; body value and source support require separate review,db/seeds/blog-posts-38.ts,true
blog-562,/blog/cat-water-intake-increase-tips,blog,고양이 음수량 늘리기 — 안 마시는 고양이를 위한 7가지 방법,2,published,2026-10-23T09:00:00.000Z,,sha256:38b93a8dc0ee70422079ec976429c17471746acdd6dc5dc7fb5b9e3ebd178653,2,UNVERIFIED,not_semantically_classified,,,,false,NEEDS_HUMAN_REVIEW,Repository seed inventory only; body value and source support require separate review,db/seeds/blog-posts-88.ts,true
blog-cat-water-intake-tips,/blog/cat-water-intake-tips,blog,고양이가 물을 안 마신다 — 섭취량 늘리는 실전 방법 7가지,2,published,,,sha256:7a0179e450b1fdfa4919ac4ed52afaf2c6d768f9d0ae9680b3235e24ea03716d,3,UNVERIFIED,not_semantically_classified,,,,false,NEEDS_HUMAN_REVIEW,Repository seed inventory only; body value and source support require separate review,db/seeds/blog-posts-6.ts,true
blog-282,/blog/cat-water-intake-tips-dehydration,blog,고양이 음수량 늘리는 법과 탈수 예방 — 하루 필요량 계산부터 실전 팁까지,2,published,2026-06-06T15:00:00.000Z,,sha256:428cf7a62988954866ad6843c506db3d17ab612205a50a66aba38a0ed99b4a24,3,UNVERIFIED,not_semantically_classified,,,,false,NEEDS_HUMAN_REVIEW,Repository seed inventory only; body value and source support require separate review,db/seeds/blog-posts-32.ts,true
blog-cat-weight-management,/blog/cat-weight-management,blog,고양이 비만 관리 — 이상 체중 확인부터 다이어트 식단까지,2,published,2026-04-10,,sha256:d3ad317637ba30fefb00718446a43336e6cacd1d919b066d389b994e7770b35b,3,UNVERIFIED,not_semantically_classified,,,,false,NEEDS_HUMAN_REVIEW,Repository seed inventory only; body value and source support require separate review,db/seeds/blog-posts-3.ts,true
blog-462,/blog/cat-wet-dry-food-mixing,blog,고양이 습식·건식 사료 혼합 급여 — 오해와 진실,2,published,2026-09-03T09:00:00.000Z,,sha256:03d389478fb3ea95e19f57303c12c9131d24f1dc02858b7039ceb6c44d7f67f4,2,UNVERIFIED,not_semantically_classified,,,,false,NEEDS_HUMAN_REVIEW,Repository seed inventory only; body value and source support require separate review,db/seeds/blog-posts-68.ts,true
blog-584,/blog/cat-wet-food-selection-guide,blog,고양이 습식 사료 선택 기준 — 라벨을 읽지 않으면 모르는 것들,2,published,2026-11-03T09:00:00.000Z,,sha256:2bca041d562b2fb06d56842b5635dd43a44ed255d71ea2d7f4c290c0ccbb6567,2,UNVERIFIED,not_semantically_classified,,,,false,NEEDS_HUMAN_REVIEW,Repository seed inventory only; body value and source support require separate review,db/seeds/blog-posts-92.ts,true
blog-cat-wet-vs-dry-food,/blog/cat-wet-vs-dry-food,blog,고양이 습식 vs 건식 사료 — 어느 것이 더 좋을까,2,published,,,sha256:d54c91022b26708899c017816bb1bdd704bafa309017866fc6e49bb7f0840ce8,3,UNVERIFIED,not_semantically_classified,,,,false,NEEDS_HUMAN_REVIEW,Repository seed inventory only; body value and source support require separate review,db/seeds/blog-posts-5.ts,true
blog-240,/blog/cat-window-bird-watching,blog,고양이 창문 새 구경 — 실내 고양이 시각·청각 자극 완전 가이드,5,published,2026-07-04T14:00:00.000Z,,sha256:ea87b415888d8e8df5e9ef9f9c25dfe7b35f49b34360398a6a907bed9ada703b,0,UNVERIFIED,not_semantically_classified,,,,false,NEEDS_HUMAN_REVIEW,Repository seed inventory only; body value and source support require separate review,db/seeds/blog-posts-24.ts,true
blog-405,/blog/cat-window-bird-watching-setup,blog,고양이를 위한 창문 뷰 만들기 — 새 모이통부터 캣TV까지,5,published,2026-08-05T11:00:00.000Z,,sha256:ccf239c1091d2fad4fb9261ff4119762fe8b6ca9c74122025988bf2794b2d358,3,UNVERIFIED,not_semantically_classified,,,,false,NEEDS_HUMAN_REVIEW,Repository seed inventory only; body value and source support require separate review,db/seeds/blog-posts-56.ts,true
blog-633,/blog/cat-window-fall-prevention,blog,고양이 고층 추락 예방 — '고양이는 높은 곳에서 떨어져도 안전하다'는 오해,5,published,2026-11-27T11:00:00.000Z,,sha256:24f0bd7cbf8a6c718bfd214df2e5d18fe4555195603784a193657fa40d821f28,2,UNVERIFIED,not_semantically_classified,,,,false,NEEDS_HUMAN_REVIEW,Repository seed inventory only; body value and source support require separate review,db/seeds/blog-posts-102.ts,true
blog-172,/blog/cat-window-safety-guide,blog,고양이 추락 방지 완전 가이드 — 발코니·창문 안전 만들기,5,published,2026-06-20T10:00:00.000Z,,sha256:45c9337f3d35ec12bf6359d61d663fc109464539360086da0892684127309e32,0,UNVERIFIED,not_semantically_classified,,,,false,NEEDS_HUMAN_REVIEW,Repository seed inventory only; body value and source support require separate review,db/seeds/blog-posts-18.ts,true
blog-412,/blog/catio-outdoor-cat-enclosure-guide,blog,캐티오(Catio) 만들기 — 실내 고양이에게 안전한 실외 경험 주기,5,published,2026-08-09T09:00:00.000Z,,sha256:7626db94d497ee7511e4171bb06618a4588bbaa6f961236d3134144bcee5169c,3,UNVERIFIED,not_semantically_classified,,,,false,NEEDS_HUMAN_REVIEW,Repository seed inventory only; body value and source support require separate review,db/seeds/blog-posts-58.ts,true
blog-227,/blog/child-pet-relationship-guide,blog,아이와 반려동물 — 건강한 관계 형성 완전 가이드,1,published,2026-07-01T21:00:00.000Z,,sha256:398790cdfdc5074c9323e18bf295f51807730ec61c560ea44172000d123c3bd8,0,UNVERIFIED,not_semantically_classified,,,,false,NEEDS_HUMAN_REVIEW,Repository seed inventory only; body value and source support require separate review,db/seeds/blog-posts-23.ts,true
blog-638,/blog/designer-dog-crossbreed-reality,blog,디자이너 견종의 현실 — 말티푸·포메라니안믹스는 정말 건강한가,1,published,2026-11-30T09:00:00.000Z,,sha256:2555e901789a2376b2f9bd245ac8d1c0b642d65f83fb5153c08b26592651a5f7,2,UNVERIFIED,not_semantically_classified,,,,false,NEEDS_HUMAN_REVIEW,Repository seed inventory only; body value and source support require separate review,db/seeds/blog-posts-103.ts,true
blog-656,/blog/dog-addison-disease-guide,blog,강아지 애디슨병 — 부신피질기능저하증의 위험 신호,3,published,2026-12-09T09:00:00.000Z,,sha256:57fafaadd10c35bda39525478bef584f5b3190e583815652676e5056ca097b83,2,UNVERIFIED,not_semantically_classified,,,,false,NEEDS_HUMAN_REVIEW,Repository seed inventory only; body value and source support require separate review,db/seeds/blog-posts-107.ts,true
blog-591,/blog/dog-addison-disease-guide,blog,"강아지 에디슨 병(부신피질기능저하증) — 쿠싱의 반대, 더 위험할 수 있다",3,published,2026-11-06T11:00:00.000Z,,sha256:6a6ade8249025edec8bb9ea1ab0ce77b060f0e36aae6ae4cf50f3ab1f26e3814,2,UNVERIFIED,not_semantically_classified,,,,false,NEEDS_HUMAN_REVIEW,Repository seed inventory only; body value and source support require separate review,db/seeds/blog-posts-94.ts,true
blog-403,/blog/dog-addisons-disease-guide,blog,강아지 부신피질기능저하증(에디슨병) — 쿠싱과 반대지만 더 위험한 이유,3,published,2026-08-04T11:00:00.000Z,,sha256:0e69724edc98f8e3f81b8dea2d10d208ee7f2e491f8e2b4be8ac0e39710b93fb,3,UNVERIFIED,not_semantically_classified,,,,false,NEEDS_HUMAN_REVIEW,Repository seed inventory only; body value and source support require separate review,db/seeds/blog-posts-56.ts,true
seed-guide-dog-adoption-checklist,/guide/dog-adoption-checklist,guide,강아지 입양 전 체크리스트 — 준비부터 동물등록까지,1,published,2026-05-05T00:00:00.000Z,,sha256:dec711fc7ad81c3fc9df45cad7ac06d489dd5e89945967b9d46a78f67a3be1a7,2,UNVERIFIED,not_semantically_classified,,,,false,NEEDS_HUMAN_REVIEW,Repository seed inventory only; body value and source support require separate review,db/seeds/contents.ts,true
guide-dog-adoption-complete,/guide/dog-adoption-complete-guide,guide,강아지 입양 완벽 가이드 — 준비부터 첫날까지,1,published,,,sha256:e6366e552ea77af883501eeac57911b902132ccaff75e9e6347f4c7989a01739,0,UNVERIFIED,not_semantically_classified,,,,false,NEEDS_HUMAN_REVIEW,Repository seed inventory only; body value and source support require separate review,db/seeds/guides-batch-1.ts,true
blog-248,/blog/dog-adoption-impulse-check-5-questions,blog,강아지 입양 전 꼭 물어봐야 할 현실 질문 5가지 — 충동 입양을 막는 체크리스트,1,published,2026-06-02T16:00:00.000Z,,sha256:c89416e72a542f0a62c0010a57383911861f5ff3e51d46ff8fb50d8704c4fd0f,3,UNVERIFIED,not_semantically_classified,,,,false,NEEDS_HUMAN_REVIEW,Repository seed inventory only; body value and source support require separate review,db/seeds/blog-posts-26.ts,true
blog-527,/blog/dog-adoption-preparation-checklist,blog,강아지 입양 전 준비 체크리스트 — 집을 '강아지 안전 구역'으로 만드는 법,1,published,2026-10-05T11:00:00.000Z,,sha256:77383356bafe2ec72e0f71680d6460d5792037995d8f794a39a25e7d6c476649,2,UNVERIFIED,not_semantically_classified,,,,false,NEEDS_HUMAN_REVIEW,Repository seed inventory only; body value and source support require separate review,db/seeds/blog-posts-81.ts,true
blog-357,/blog/dog-adoption-vs-purchase-guide,blog,강아지 입양 vs 구매 — 보호소·브리더·펫숍의 차이와 책임 있는 선택,1,published,2026-07-12T11:00:00.000Z,,sha256:a7bedec83515cb7b6fee01583a75cda984f9aeaeca688bb24bf2b5dcdcc7bfb1,3,UNVERIFIED,not_semantically_classified,,,,false,NEEDS_HUMAN_REVIEW,Repository seed inventory only; body value and source support require separate review,db/seeds/blog-posts-47.ts,true
blog-236,/blog/dog-agility-beginner-guide,blog,강아지 어질리티 입문 — 시작 방법·준비물·기초 장애물 훈련,5,published,2026-07-03T18:00:00.000Z,,sha256:eb3b901c032b4030a69840d5eff4adabe6ef12380d56cc8180e6c35120cdf66c,0,UNVERIFIED,not_semantically_classified,,,,false,NEEDS_HUMAN_REVIEW,Repository seed inventory only; body value and source support require separate review,db/seeds/blog-posts-24.ts,true
blog-632,/blog/dog-aging-signs-recognition,blog,강아지 노화 신호 인식 — '나이 들어서'로 넘기면 안 되는 것들,5,published,2026-11-27T09:00:00.000Z,,sha256:82cdb3ae136d5d4b92a124dd549f5a312e38bbf8d75acb16b5e3aab0a1e43580,2,UNVERIFIED,not_semantically_classified,,,,false,NEEDS_HUMAN_REVIEW,Repository seed inventory only; body value and source support require separate review,db/seeds/blog-posts-102.ts,true
blog-dog-allergic-rhinitis-guide,/blog/dog-allergic-rhinitis-guide,blog,강아지 재채기·콧물 잦다면 — 알러지 비염 원인과 관리,3,published,,,sha256:a890df39057b784d4a231f01c87ebf1b2fde8277465670fa48eafc4c337b25ed,3,UNVERIFIED,not_semantically_classified,,,,false,NEEDS_HUMAN_REVIEW,Repository seed inventory only; body value and source support require separate review,db/seeds/blog-posts-8.ts,true
blog-364,/blog/dog-alone-time-training-guide,blog,강아지 혼자 있는 시간 늘리기 — 분리불안 없이 독립심 키우는 방법,5,published,2026-07-16T09:00:00.000Z,,sha256:b9590712c8716dde486ba878927781b0333a8d5946c378a554b7129add5f8149,3,UNVERIFIED,not_semantically_classified,,,,false,NEEDS_HUMAN_REVIEW,Repository seed inventory only; body value and source support require separate review,db/seeds/blog-posts-48.ts,true
seed-condition-dog-anal-gland,/condition/dog-anal-gland,condition,강아지 항문낭 질환 — 분비물 가득 참·감염·파열 예방,3,published,2026-05-22T00:00:00.000Z,,sha256:22c32bb18fcdaf9420ad01b9737013a335d9e59a7810fc4fa15bf9133d4389b7,3,UNVERIFIED,not_semantically_classified,,,,false,NEEDS_HUMAN_REVIEW,Repository seed inventory only; body value and source support require separate review,db/seeds/contents.ts,true
blog-233,/blog/dog-anal-gland-express-guide,blog,강아지 항문낭 문제 — 증상과 진료가 필요한 경우,3,published,2026-07-03T03:00:00.000Z,,sha256:8a56b7336f5227b3aca76f6d726c06f2e98bc5214a31de9bab170e2864b02069,1,UNVERIFIED,not_semantically_classified,,,,false,NEEDS_HUMAN_REVIEW,Repository seed inventory only; body value and source support require separate review,db/seeds/blog-posts-24.ts,true
blog-579,/blog/dog-antioxidant-foods-guide,blog,강아지에게 줄 수 있는 항산화 식품 — 노화·암 예방에 도움이 될까,2,published,2026-10-31T11:00:00.000Z,,sha256:bbeaabd3a81dfd4f67165119805447587ef9aa6b053c257845c2b7f0f8edcbd1,2,UNVERIFIED,not_semantically_classified,,,,false,NEEDS_HUMAN_REVIEW,Repository seed inventory only; body value and source support require separate review,db/seeds/blog-posts-91.ts,true
blog-493,/blog/dog-apartment-enrichment-ideas,blog,아파트에서 키우는 강아지 — 하루 30분으로 행동 문제 예방하는 법,5,published,2026-09-18T11:00:00.000Z,,sha256:fc30f23be8fb52375adad5c09b87666883f5ba82b1c6fb1e0766a3f187a50182,2,UNVERIFIED,not_semantically_classified,,,,false,NEEDS_HUMAN_REVIEW,Repository seed inventory only; body value and source support require separate review,db/seeds/blog-posts-74.ts,true
blog-dog-apartment-living-guide,/blog/dog-apartment-living-guide,blog,아파트에서 강아지 키우기 — 실내 생활 행복하게 만드는 법,5,published,,,sha256:bfaf6e2602a3609e4793f68b75506d9cddd63a53fb2a4a9a5779e2b0709b59d0,3,UNVERIFIED,not_semantically_classified,,,,false,NEEDS_HUMAN_REVIEW,Repository seed inventory only; body value and source support require separate review,db/seeds/blog-posts-12.ts,true
seed-condition-dog-arthritis,/condition/dog-arthritis,condition,강아지 관절염 — 증상·원인·통증 관리,3,published,2026-05-21T00:00:00.000Z,,sha256:b081a8fc134eca2ed2eb4707b1821f670011a05b95872d613d53913376de4d12,3,UNVERIFIED,not_semantically_classified,,,,false,NEEDS_HUMAN_REVIEW,Repository seed inventory only; body value and source support require separate review,db/seeds/contents.ts,true
blog-dog-arthritis-management,/blog/dog-arthritis-management,blog,강아지 관절염 — 초기 신호 파악과 집에서 할 수 있는 관리,3,published,,,sha256:787c2c69ec857653d0b875e7dfff1880e4255ae26c41ec79710b32b239b7fe78,3,UNVERIFIED,not_semantically_classified,,,,false,NEEDS_HUMAN_REVIEW,Repository seed inventory only; body value and source support require separate review,db/seeds/blog-posts-7.ts,true
blog-525,/blog/dog-atopic-dermatitis-management,blog,강아지 아토피 피부염 — 평생 가는 가려움의 원인과 관리,3,published,2026-10-04T11:00:00.000Z,,sha256:9bc0f8bb1615f7604c89bfaacb508faff09e465631dae51c0a7025774271a15d,2,UNVERIFIED,not_semantically_classified,,,,false,NEEDS_HUMAN_REVIEW,Repository seed inventory only; body value and source support require separate review,db/seeds/blog-posts-80.ts,true
blog-528,/blog/dog-atopic-environment-management,blog,강아지 아토피 관리 — 환경 개선으로 긁는 횟수 줄이는 방법,3,published,2026-10-06T09:00:00.000Z,,sha256:1b082a6abf81f199ffd9ebaa2ca8bd683da95d33185f2a38c8703bf8b352d489,2,UNVERIFIED,not_semantically_classified,,,,false,NEEDS_HUMAN_REVIEW,Repository seed inventory only; body value and source support require separate review,db/seeds/blog-posts-81.ts,true
blog-276,/blog/dog-atopy-skin-allergy-guide,blog,강아지 아토피·피부 알레르기 완전 가이드 — 원인·진단·관리까지,3,published,2026-06-06T09:00:00.000Z,,sha256:c09905369ca27fc84524a7d3ff62bf36f5d32bef752689560cecfc26d3343f68,3,UNVERIFIED,not_semantically_classified,,,,false,NEEDS_HUMAN_REVIEW,Repository seed inventory only; body value and source support require separate review,db/seeds/blog-posts-31.ts,true
blog-345,/blog/dog-atopy-skin-guide,blog,강아지 아토피 피부염 — 평생 관리가 필요한 알레르기 피부 질환,3,published,2026-07-06T11:00:00.000Z,,sha256:4b024d1b12100ff5661f03e577cbd20d84ce1f57c56a57b31a1c4d4735c81cad,3,UNVERIFIED,not_semantically_classified,,,,false,NEEDS_HUMAN_REVIEW,Repository seed inventory only; body value and source support require separate review,db/seeds/blog-posts-44.ts,true
blog-dog-baby-teeth-guide,/blog/dog-baby-teeth-guide,blog,강아지 유치 빠지는 시기와 치아 교환 완전 가이드,3,published,,,sha256:5d45fedb03392437ec69d587d82718ea1f7a7b183a3c7c95ac451c951bcd08aa,3,UNVERIFIED,not_semantically_classified,,,,false,NEEDS_HUMAN_REVIEW,Repository seed inventory only; body value and source support require separate review,db/seeds/blog-posts-7.ts,true
blog-141,/blog/dog-barking-guide,blog,강아지 짖음 훈련 완전 가이드 — 원인별 줄이는 방법,5,published,2026-06-13T23:00:00.000Z,,sha256:3ea27596bbcf1317654bec68cedb94bb0a538078beb5bc76266a6eccef1dd55c,0,UNVERIFIED,not_semantically_classified,,,,false,NEEDS_HUMAN_REVIEW,Repository seed inventory only; body value and source support require separate review,db/seeds/blog-posts-15.ts,true
guide-dog-basic-obedience-training,/guide/dog-basic-obedience-training,guide,강아지 기초 복종 훈련 가이드 — 앉아·기다려·이리와,5,published,,,sha256:205f73c6334a63885a9bc9537646772479371ef1d25bd692ffd631ceceef35d6,0,UNVERIFIED,not_semantically_classified,,,,false,NEEDS_HUMAN_REVIEW,Repository seed inventory only; body value and source support require separate review,db/seeds/guides-batch-1.ts,true
blog-dog-basic-training,/blog/dog-basic-training,blog,강아지 기초 훈련: 앉아·기다려·이리와 3단계 가이드,5,published,2026-04-17,,sha256:fabde3c2431199237824248c10a23535b0b11122b162b1c954a66340a84d1130,3,UNVERIFIED,not_semantically_classified,,,,false,NEEDS_HUMAN_REVIEW,Repository seed inventory only; body value and source support require separate review,db/seeds/blog-posts-3.ts,true
seed-guide-dog-basic-training,/guide/dog-basic-training-guide,guide,강아지 기초 훈련법 — 앉아·기다려·이리와 3주 완성,5,published,2026-05-10T00:00:00.000Z,,sha256:f99e2ded969a06674c47b45d41b1669e61761c72929c49b70374d363f8791069,3,UNVERIFIED,not_semantically_classified,,,,false,NEEDS_HUMAN_REVIEW,Repository seed inventory only; body value and source support require separate review,db/seeds/contents.ts,true
blog-dog-bath-guide,/blog/dog-bath-guide,blog,강아지 목욕 주기와 집에서 올바르게 씻기는 방법,5,published,2026-05-19T00:00:00.000Z,,sha256:d9dbb96eabf15214d1525f6136d24360d31d8437eb6432e13bc8512741991759,4,UNVERIFIED,not_semantically_classified,,,,false,NEEDS_HUMAN_REVIEW,Repository seed inventory only; body value and source support require separate review,db/seeds/blog-posts.ts,true
blog-411,/blog/dog-beach-water-safety-guide,blog,강아지와 바다·계곡 물놀이 — 안전하게 즐기기 위한 준비,5,published,2026-08-08T11:00:00.000Z,,sha256:3c1cb9cf33eb23b32c6f4f3ed2eec962fb35b81f4409c7547a59e9fcd2e21597,3,UNVERIFIED,not_semantically_classified,,,,false,NEEDS_HUMAN_REVIEW,Repository seed inventory only; body value and source support require separate review,db/seeds/blog-posts-58.ts,true
blog-586,/blog/dog-bee-sting-allergic-reaction,blog,강아지 벌 쏘임과 알레르기 반응 — 응급 대처 가이드,3,published,2026-11-04T09:00:00.000Z,,sha256:f40f7edecfe28e3b5b317d862e406f169d5e4957b0e570c771eab0437903e296,2,UNVERIFIED,not_semantically_classified,,,,false,NEEDS_HUMAN_REVIEW,Repository seed inventory only; body value and source support require separate review,db/seeds/blog-posts-93.ts,true
blog-149,/blog/dog-bite-inhibition-guide,blog,강아지 물기 억제 훈련 — 새끼 때부터 시작하는 입 조절 훈련,5,published,2026-06-15T15:00:00.000Z,,sha256:44b92fb8f32494236b0986c1b3d7542b8c7b864112c3ab14071c879eee2ecb6b,0,UNVERIFIED,not_semantically_classified,,,,false,NEEDS_HUMAN_REVIEW,Repository seed inventory only; body value and source support require separate review,db/seeds/blog-posts-15.ts,true
blog-553,/blog/dog-bite-liability-compensation,blog,개물림 사고 — 가해견 보호자의 법적 책임과 피해자 보상,4,published,2026-10-18T11:00:00.000Z,,sha256:be2bf8fd30790cadbdbd5af22cdb2182efe33156d805f628fd2933e1af6bbc5a,2,UNVERIFIED,not_semantically_classified,,,,false,NEEDS_HUMAN_REVIEW,Repository seed inventory only; body value and source support require separate review,db/seeds/blog-posts-86.ts,true
seed-guide-dog-bite-liability,/guide/dog-bite-liability-guide,guide,반려견 사고 손해배상 가이드 — 교상·재산피해 시 보호자 책임과 대처법,4,published,2026-05-22T00:00:00.000Z,,sha256:c92f0b90e270b034f01fa5612f0bc1d023daa1e2b17901334a32392b8fda7b92,3,UNVERIFIED,not_semantically_classified,,,,false,NEEDS_HUMAN_REVIEW,Repository seed inventory only; body value and source support require separate review,db/seeds/contents.ts,true
blog-388,/blog/dog-bladder-stones-guide,blog,강아지 방광결석 — 소변 이상의 숨겨진 원인,3,published,2026-07-28T09:00:00.000Z,,sha256:33755d66b39e54e356de9b2e8318d792674e11fd6a8a80f376d372463b85a408,3,UNVERIFIED,not_semantically_classified,,,,false,NEEDS_HUMAN_REVIEW,Repository seed inventory only; body value and source support require separate review,db/seeds/blog-posts-53.ts,true
blog-565,/blog/dog-body-language-guide,blog,강아지 바디랭귀지 — 말 못하는 강아지가 전달하는 신호들,5,published,2026-10-24T11:00:00.000Z,,sha256:55b44ec91aefc83c42ed30006ff62b1f374277889627258d9247db13b52416e8,2,UNVERIFIED,not_semantically_classified,,,,false,NEEDS_HUMAN_REVIEW,Repository seed inventory only; body value and source support require separate review,db/seeds/blog-posts-88.ts,true
blog-158,/blog/dog-bone-chew-guide,blog,강아지 뼈·껌 완전 비교 — 안전한 것 vs 위험한 것,2,published,2026-06-17T12:00:00.000Z,,sha256:3945e240de293cfdc7b9b8842408816b9f2579378456ced71673487fc98185e0,0,UNVERIFIED,not_semantically_classified,,,,false,NEEDS_HUMAN_REVIEW,Repository seed inventory only; body value and source support require separate review,db/seeds/blog-posts-16.ts,true
blog-609,/blog/dog-boredom-behavior-solutions,blog,강아지 지루함 행동 — 파괴·짖음·과잉 핥기의 진짜 원인,5,published,2026-11-15T11:00:00.000Z,,sha256:01200dfd78f26e28e66aa134fa516e930e33544d17634befda23ceb174ad6187,2,UNVERIFIED,not_semantically_classified,,,,false,NEEDS_HUMAN_REVIEW,Repository seed inventory only; body value and source support require separate review,db/seeds/blog-posts-97.ts,true
blog-318,/blog/dog-boredom-enrichment-guide,blog,강아지가 파괴적이고 짖는 이유 — 지루함이 행동 문제의 핵심,5,published,2026-06-23T09:00:00.000Z,,sha256:b2a547124ade120cc828710c4c48d0668b7a20cce87a9ebc501a6c008364cff4,3,UNVERIFIED,not_semantically_classified,,,,false,NEEDS_HUMAN_REVIEW,Repository seed inventory only; body value and source support require separate review,db/seeds/blog-posts-39.ts,true
blog-496,/blog/dog-breed-lifestyle-matching,blog,생활 방식에 맞는 견종 선택 — '귀여워서'가 평생의 실수가 되는 이유,1,published,2026-09-20T09:00:00.000Z,,sha256:8d39ad3f9f052d2e3ccbf32677b1482c5c6929731e9844f3b5a9e6ace5c87aa3,2,UNVERIFIED,not_semantically_classified,,,,false,NEEDS_HUMAN_REVIEW,Repository seed inventory only; body value and source support require separate review,db/seeds/blog-posts-75.ts,true
blog-dog-breed-selection-guide,/blog/dog-breed-selection-guide,blog,강아지 품종 선택 가이드 — 생활 환경에 맞는 견종 고르는 법,1,published,,,sha256:75c50f391ee33a2fba9ab29b991446093243e83b78b776d066dd7e1ad6f917f4,3,UNVERIFIED,not_semantically_classified,,,,false,NEEDS_HUMAN_REVIEW,Repository seed inventory only; body value and source support require separate review,db/seeds/blog-posts-4.ts,true
blog-dog-breed-small-guide,/blog/dog-breed-small-guide,blog,소형견 TOP 5 품종별 특성 비교 — 말티즈부터 치와와까지,1,published,,,sha256:ab787921a6a344e83ce998af3e96295f74adb4bd93a20943e7cc9b166223f1ff,3,UNVERIFIED,not_semantically_classified,,,,false,NEEDS_HUMAN_REVIEW,Repository seed inventory only; body value and source support require separate review,db/seeds/blog-posts-5.ts,true
blog-442,/blog/dog-broken-nail-emergency,blog,강아지 발톱이 부러졌을 때 — 집에서 할 수 있는 응급처치,3,published,2026-08-24T09:00:00.000Z,,sha256:eb740f5fc60236c26d5f6509a553eab3cab1236989d394183b85d18951fcc93c,2,UNVERIFIED,not_semantically_classified,,,,false,NEEDS_HUMAN_REVIEW,Repository seed inventory only; body value and source support require separate review,db/seeds/blog-posts-64.ts,true
blog-dog-broken-nail-guide,/blog/dog-broken-nail-guide,blog,강아지 발톱이 부러졌을 때 — 응급 처치와 동물병원 가야 하는 기준,3,published,,,sha256:660f4e6228fc049b6294c27724f6e5c4cd8a0dc06556ccce164d7653d50477f6,3,UNVERIFIED,not_semantically_classified,,,,false,NEEDS_HUMAN_REVIEW,Repository seed inventory only; body value and source support require separate review,db/seeds/blog-posts-8.ts,true
blog-675,/blog/dog-cafe-pet-friendly-etiquette,blog,반려견 동반 카페·식당 에티켓 — 갈등 없이 즐기기,5,published,2026-12-18T11:00:00.000Z,,sha256:a5103da01ad166458a614e4cc0b8bb15712ea1d704d74066c690092b98cb6156,2,UNVERIFIED,not_semantically_classified,,,,false,NEEDS_HUMAN_REVIEW,Repository seed inventory only; body value and source support require separate review,db/seeds/blog-posts-110.ts,true
blog-498,/blog/dog-calcium-phosphorus-diet,blog,강아지 칼슘·인 균형 — 집밥 사료 보완 시 반드시 알아야 할 것,2,published,2026-09-21T09:00:00.000Z,,sha256:49ea37771e7e9768546d74b96c7e623fda65d6522036aa252c449389adbd3eb6,2,UNVERIFIED,not_semantically_classified,,,,false,NEEDS_HUMAN_REVIEW,Repository seed inventory only; body value and source support require separate review,db/seeds/blog-posts-75.ts,true
blog-dog-calorie-calculation,/blog/dog-calorie-calculation,blog,강아지 하루 칼로리 계산법 — 비만 예방의 첫걸음,2,published,,,sha256:6a6410ee263249d88a33d606ead10f645c97f5e28c89980752ad58d2359f5bc3,3,UNVERIFIED,not_semantically_classified,,,,false,NEEDS_HUMAN_REVIEW,Repository seed inventory only; body value and source support require separate review,db/seeds/blog-posts-6.ts,true
blog-230,/blog/dog-camping-guide,blog,강아지와 캠핑 완전 가이드 — 준비물·안전·야외 생활 팁,5,published,2026-07-02T12:00:00.000Z,,sha256:46b903b1138b1bb425f80b299941874059fbc0fa734f0dfb6027b8e5f7b3699d,0,UNVERIFIED,not_semantically_classified,,,,false,NEEDS_HUMAN_REVIEW,Repository seed inventory only; body value and source support require separate review,db/seeds/blog-posts-23.ts,true
blog-dog-cancer-early-detection,/blog/dog-cancer-early-detection,blog,강아지 암 조기 발견 — 보호자가 알아야 할 10가지 신호,3,published,,,sha256:fe25642db1b72be97fec0f5e1c6b55d8ad317e7a64fe6aecba81619369ae9464,3,UNVERIFIED,not_semantically_classified,,,,false,NEEDS_HUMAN_REVIEW,Repository seed inventory only; body value and source support require separate review,db/seeds/blog-posts-8.ts,true
blog-576,/blog/dog-cancer-early-warning-signs,blog,강아지 암 조기 경고 신호 10가지 — 보호자가 놓치기 쉬운 것들,3,published,2026-10-30T09:00:00.000Z,,sha256:bf0824e0e86aa8eb6acf2e2f5015e76cb8d43d415bde3f11e192bd78423d4023,2,UNVERIFIED,not_semantically_classified,,,,false,NEEDS_HUMAN_REVIEW,Repository seed inventory only; body value and source support require separate review,db/seeds/blog-posts-91.ts,true
blog-713,/blog/dog-car-motion-sickness-anxiety,blog,강아지 차 멀미·차량 공포증 대처법,5,published,2027-01-07T09:00:00.000Z,,sha256:6982e652485281dc6a9c3b0b68ab805bcadd679178f8dc7f8baad86d5e5e3a9d,2,UNVERIFIED,not_semantically_classified,,,,false,NEEDS_HUMAN_REVIEW,Repository seed inventory only; body value and source support require separate review,db/seeds/blog-posts-118.ts,true
blog-178,/blog/dog-car-sickness-guide,blog,강아지 차 멀미 완전 가이드 — 원인·예방·해결법,5,published,2026-06-21T16:00:00.000Z,,sha256:aab13805af112ce65936d5daea09ca61e1a3804ba9fa09a5e938a8c256f57d4f,0,UNVERIFIED,not_semantically_classified,,,,false,NEEDS_HUMAN_REVIEW,Repository seed inventory only; body value and source support require separate review,db/seeds/blog-posts-18.ts,true
blog-479,/blog/dog-car-travel-safety,blog,강아지 차량 이동 안전 — 이동장 없이 달리면 생기는 일,5,published,2026-09-11T11:00:00.000Z,,sha256:3682a28cb2a72c06074a365117054788ea2dd1b4f43296f2fbcf1180dbdaeaf6,2,UNVERIFIED,not_semantically_classified,,,,false,NEEDS_HUMAN_REVIEW,Repository seed inventory only; body value and source support require separate review,db/seeds/blog-posts-71.ts,true
blog-309,/blog/dog-car-travel-safety-guide,blog,강아지 차량 이동 안전 — 1시간이든 5시간이든 지켜야 할 것들,5,published,2026-06-18T11:00:00.000Z,,sha256:80ae36d06e67a2247b8780ebb2e46dbc0236580c22475982eb930c315cd2c69b,3,UNVERIFIED,not_semantically_classified,,,,false,NEEDS_HUMAN_REVIEW,Repository seed inventory only; body value and source support require separate review,db/seeds/blog-posts-37.ts,true
guide-dog-car-travel-safety,/guide/dog-car-travel-safety-guide,guide,강아지 자동차 이동 안전 가이드 — 카시트·하네스·멀미,5,published,,,sha256:e7297158ac92d14ea8fc37e7b3c49f4f3b17aed2c0675806513c585f2a58ee6c,0,UNVERIFIED,not_semantically_classified,,,,false,NEEDS_HUMAN_REVIEW,Repository seed inventory only; body value and source support require separate review,db/seeds/guides-batch-2.ts,true
blog-271,/blog/dog-cat-dental-oral-health-guide,blog,강아지·고양이 구강 건강 완전 가이드 — 칫솔질·스케일링·구취 원인까지,3,published,2026-06-05T09:00:00.000Z,,sha256:8b3cc73efca8e53e0e3f2169eec36e5c4ee1600f4419f77cfb8a1abe585d7259,3,UNVERIFIED,not_semantically_classified,,,,false,NEEDS_HUMAN_REVIEW,Repository seed inventory only; body value and source support require separate review,db/seeds/blog-posts-30.ts,true
blog-dog-cat-introduction,/blog/dog-cat-introduction,blog,강아지와 고양이 합사 — 첫 만남부터 공존까지 단계별 가이드,1,published,,,sha256:7433ac9402be32872258b8b6bedc031751e7e2bc3e41fb71da3eda428cfde3d6,3,UNVERIFIED,not_semantically_classified,,,,false,NEEDS_HUMAN_REVIEW,Repository seed inventory only; body value and source support require separate review,db/seeds/blog-posts-4.ts,true
blog-659,/blog/dog-cat-omega3-fish-oil-guide,blog,강아지·고양이 오메가3 선택 가이드 — 어유 품질과 복용량,2,published,2026-12-10T11:00:00.000Z,,sha256:51032c7736ea086f7baf214435087fc1d875c8241ee05d28ff6e72c4085074c6,2,UNVERIFIED,not_semantically_classified,,,,false,NEEDS_HUMAN_REVIEW,Repository seed inventory only; body value and source support require separate review,db/seeds/blog-posts-107.ts,true
blog-710,/blog/dog-cat-probiotic-strain-guide,blog,반려동물 유산균 균주별 효능 — 어떤 균주가 필요한가,2,published,2027-01-05T11:00:00.000Z,,sha256:6147715e387560cb1d5070a8a25a80100bb761fb9f8f67e01e80412357747c45,2,UNVERIFIED,not_semantically_classified,,,,false,NEEDS_HUMAN_REVIEW,Repository seed inventory only; body value and source support require separate review,db/seeds/blog-posts-117.ts,true
blog-268,/blog/dog-cataract-eye-cloudy-guide,blog,강아지 백내장 — 눈이 하얗게 흐려진다면 알아야 할 것,3,published,2026-06-04T16:00:00.000Z,,sha256:6569903772bc7ee7df81f571b1eef02d6dcb00678f01df55a6cd68dcd5a82b57,3,UNVERIFIED,not_semantically_classified,,,,false,NEEDS_HUMAN_REVIEW,Repository seed inventory only; body value and source support require separate review,db/seeds/blog-posts-29.ts,true
blog-613,/blog/dog-cherry-eye-guide,blog,강아지 체리 아이 — 눈에 빨간 덩어리가 튀어나왔을 때,3,published,2026-11-17T11:00:00.000Z,,sha256:274a7cde4f8246964c8c39c1ac8157bcba20e6941ddcdfa6e34829dab7381d18,2,UNVERIFIED,not_semantically_classified,,,,false,NEEDS_HUMAN_REVIEW,Repository seed inventory only; body value and source support require separate review,db/seeds/blog-posts-98.ts,true
blog-dog-chewing-behavior-guide,/blog/dog-chewing-behavior-guide,blog,강아지 씹기 행동 — 파괴적 씹기 줄이는 현실적인 방법,5,published,,,sha256:12934f9b315884216581f9c3c9fd0e3398e712f26916ce6f431ac3c1bef852c3,3,UNVERIFIED,not_semantically_classified,,,,false,NEEDS_HUMAN_REVIEW,Repository seed inventory only; body value and source support require separate review,db/seeds/blog-posts-11.ts,true
blog-680,/blog/dog-chicken-allergy-alternatives,blog,강아지 닭고기 알레르기 — 실제 빈도와 대안 단백질,2,published,2026-12-21T09:00:00.000Z,,sha256:6adce612967c2749fd9f5d01f42be022222bf9bc33c59f6f4353b16a033fa56a,2,UNVERIFIED,not_semantically_classified,,,,false,NEEDS_HUMAN_REVIEW,Repository seed inventory only; body value and source support require separate review,db/seeds/blog-posts-111.ts,true
blog-693,/blog/dog-chicken-feet-duck-feet-safety,blog,강아지 닭발·오리발 간식 안전성 — 뼈 위험과 섭취 방법,2,published,2026-12-27T11:00:00.000Z,,sha256:a68c8d95b8a359d6912baf88299c64cbada66ab86e29f3ba7cf9467b23f76d49,2,UNVERIFIED,not_semantically_classified,,,,false,NEEDS_HUMAN_REVIEW,Repository seed inventory only; body value and source support require separate review,db/seeds/blog-posts-114.ts,true
blog-511,/blog/dog-chronic-kidney-disease-guide,blog,강아지 만성 신장병(CKD) — 단계별 관리와 수명 연장 전략,3,published,2026-09-27T11:00:00.000Z,,sha256:339f71b3c4f3994fd0d1ddd11eb0126f96974bded20fb89eabee550f360b8131,2,UNVERIFIED,not_semantically_classified,,,,false,NEEDS_HUMAN_REVIEW,Repository seed inventory only; body value and source support require separate review,db/seeds/blog-posts-78.ts,true
blog-691,/blog/dog-chronic-liver-disease-diet,blog,강아지 만성 간질환 — 진행 단계와 식이 관리,3,published,2026-12-26T11:00:00.000Z,,sha256:b3738e2500d43f8f3d33a3371e70edf1f6d28491e65f4e9b4333894bbbe6dc24,2,UNVERIFIED,not_semantically_classified,,,,false,NEEDS_HUMAN_REVIEW,Repository seed inventory only; body value and source support require separate review,db/seeds/blog-posts-114.ts,true
guide-dog-claw-care-complete,/guide/dog-claw-care-complete-guide,guide,강아지 발톱 관리 완벽 가이드 — 단계별 깎기·거부하는 아이 대처법,5,published,,,sha256:6ad5dc6dfb79e119e4bd848eb005fe22a936a826f549eb917f5a5e86af612a83,0,UNVERIFIED,not_semantically_classified,,,,false,NEEDS_HUMAN_REVIEW,Repository seed inventory only; body value and source support require separate review,db/seeds/guides-batch-3.ts,true
blog-239,/blog/dog-clicker-training-guide,blog,강아지 클리커 훈련 완전 가이드 — 원리·도구·단계별 실전 방법,5,published,2026-07-04T09:00:00.000Z,,sha256:541169bd81737f247845efa98eaad0bbe21a26c097fe677887c6f8cddf5ad4c0,0,UNVERIFIED,not_semantically_classified,,,,false,NEEDS_HUMAN_REVIEW,Repository seed inventory only; body value and source support require separate review,db/seeds/blog-posts-24.ts,true
blog-179,/blog/dog-clothing-guide,blog,강아지 옷 완전 가이드 — 필요한 경우·선택법·입히는 방법,5,published,2026-06-21T21:00:00.000Z,,sha256:65157f6d476d66c909497a16d28664d3e0c929e9abc6b05951440c79fac703c2,0,UNVERIFIED,not_semantically_classified,,,,false,NEEDS_HUMAN_REVIEW,Repository seed inventory only; body value and source support require separate review,db/seeds/blog-posts-18.ts,true
blog-dog-coat-care-guide,/blog/dog-coat-care-guide,blog,강아지 털 관리 완전 가이드 — 빗질·도구·견종별 주의사항,5,published,,,sha256:83a919f4b19c32bf214470d33805f9ef086e6568e3c4d767beb87f4ac058cc15,3,UNVERIFIED,not_semantically_classified,,,,false,NEEDS_HUMAN_REVIEW,Repository seed inventory only; body value and source support require separate review,db/seeds/blog-posts-14.ts,true
blog-515,/blog/dog-cognitive-dysfunction-syndrome,blog,노령견 인지기능장애(강아지 치매) — 증상 인지와 삶의 질 관리,5,published,2026-09-29T11:00:00.000Z,,sha256:78e12f47c481e73edb4d5f7752d3f0554aaaa4b04f1c1d3db347f893fcee2a46,2,UNVERIFIED,not_semantically_classified,,,,false,NEEDS_HUMAN_REVIEW,Repository seed inventory only; body value and source support require separate review,db/seeds/blog-posts-78.ts,true
blog-dog-crate-training-guide,/blog/dog-crate-training-guide,blog,강아지 켄넬 훈련 — 이동장을 안전한 공간으로 만드는 법,5,published,,,sha256:cfd890fd7f02261079bf7ee01305cd585fd0ef7500cef8dcc5a990d81f75bb2e,3,UNVERIFIED,not_semantically_classified,,,,false,NEEDS_HUMAN_REVIEW,Repository seed inventory only; body value and source support require separate review,db/seeds/blog-posts-12.ts,true
blog-589,/blog/dog-crate-training-guide,blog,강아지 크레이트 훈련 — 감옥이 아닌 안식처로 만드는 방법,5,published,2026-11-05T11:00:00.000Z,,sha256:400bc809fb75c59efd5abd936c2ea4f1eff5faf6b195a473e0c704230852fdf0,2,UNVERIFIED,not_semantically_classified,,,,false,NEEDS_HUMAN_REVIEW,Repository seed inventory only; body value and source support require separate review,db/seeds/blog-posts-93.ts,true
blog-735,/blog/dog-crate-training-safe-space,blog,강아지 크레이트 훈련 — 안식처로 만드는 단계별 방법,5,published,2027-01-18T09:00:00.000Z,,sha256:240db20c57a20db5e97b5e073f448ec8d88782ec62e8ca5b90b1da2b94267d04,2,UNVERIFIED,not_semantically_classified,,,,false,NEEDS_HUMAN_REVIEW,Repository seed inventory only; body value and source support require separate review,db/seeds/blog-posts-122.ts,true
blog-436,/blog/dog-crate-training-step-by-step,blog,강아지 크레이트(케이지) 훈련 — 감옥이 아닌 안전 공간으로 만드는 법,1,published,2026-08-21T09:00:00.000Z,,sha256:10596e06805bbdd1996cba59a96d9493c9e280b3e1f48f1e1b7d49e8a121866b,2,UNVERIFIED,not_semantically_classified,,,,false,NEEDS_HUMAN_REVIEW,Repository seed inventory only; body value and source support require separate review,db/seeds/blog-posts-63.ts,true
seed-condition-dog-cruciate-ligament,/condition/dog-cruciate-ligament,condition,강아지 전십자인대(CCL) 파열 — 증상·수술 방법·재활 가이드,3,published,2026-05-22T00:00:00.000Z,,sha256:b35f2dcfac48fac3b61ea8e5a5c8e9432f0d83f2530f8fb1c96c689492333dd7,3,UNVERIFIED,not_semantically_classified,,,,false,NEEDS_HUMAN_REVIEW,Repository seed inventory only; body value and source support require separate review,db/seeds/contents.ts,true
blog-706,/blog/dog-cushings-syndrome-guide,blog,강아지 쿠싱증후군 — 배가 불룩하고 물을 많이 마실 때,3,published,2027-01-03T11:00:00.000Z,,sha256:aeffb5b1af73f3c23f6789a8298960acc708e84feb8f8c88097c787b05ccee0e,2,UNVERIFIED,not_semantically_classified,,,,false,NEEDS_HUMAN_REVIEW,Repository seed inventory only; body value and source support require separate review,db/seeds/blog-posts-117.ts,true
blog-394,/blog/dog-cushings-syndrome-guide,blog,강아지 쿠싱증후군 — 살쪄 보이는데 사실 부신 문제일 수 있다,3,published,2026-07-31T09:00:00.000Z,,sha256:ee9f799cbd1e86c7da27ae91a3849207926eeaaa65eb8c6cf5e9d57a47d16f7b,3,UNVERIFIED,not_semantically_classified,,,,false,NEEDS_HUMAN_REVIEW,Repository seed inventory only; body value and source support require separate review,db/seeds/blog-posts-54.ts,true
blog-476,/blog/dog-cushings-syndrome-guide,blog,강아지 쿠싱 증후군 — 물 많이 마시고 배가 빵빵해지는 이유,3,published,2026-09-10T09:00:00.000Z,,sha256:42ca95c178b430fd22b3f419e6b4f37ee21b7b46d526a08700d7f6bab6c40a35,2,UNVERIFIED,not_semantically_classified,,,,false,NEEDS_HUMAN_REVIEW,Repository seed inventory only; body value and source support require separate review,db/seeds/blog-posts-71.ts,true
blog-639,/blog/dog-daily-health-check-routine,blog,강아지 매일 하는 건강 체크 — 3분으로 이상 신호 조기 발견,5,published,2026-11-30T11:00:00.000Z,,sha256:fae6355ec16cc2b5e1dfd8d7944f7f3a4b53b46c3aaae4dd57c2416790406243,2,UNVERIFIED,not_semantically_classified,,,,false,NEEDS_HUMAN_REVIEW,Repository seed inventory only; body value and source support require separate review,db/seeds/blog-posts-103.ts,true
blog-459,/blog/dog-daily-mental-stimulation-routine,blog,강아지 하루 정신 자극 루틴 — 15분으로 행동 문제 예방하기,5,published,2026-09-01T11:00:00.000Z,,sha256:69a6841ce73a2182d2c0b60c94e34d6ecbe8bf8b4ac6f2b372b5d980bb77c084,2,UNVERIFIED,not_semantically_classified,,,,false,NEEDS_HUMAN_REVIEW,Repository seed inventory only; body value and source support require separate review,db/seeds/blog-posts-67.ts,true
blog-dog-daycare-hotel-guide,/blog/dog-daycare-hotel-guide,blog,강아지 데이케어·펫호텔 잘 고르는 법 — 체크리스트 포함,5,published,,,sha256:6bfb9a9480b66d7d536ae6472f28e83f8a65cb9fade5cedc7fad59685639ae7f,3,UNVERIFIED,not_semantically_classified,,,,false,NEEDS_HUMAN_REVIEW,Repository seed inventory only; body value and source support require separate review,db/seeds/blog-posts-10.ts,true
blog-711,/blog/dog-degenerative-myelopathy-dm,blog,강아지 퇴행성 척수병증(DM) — 뒷다리 마비 진행과 재활,3,published,2027-01-06T09:00:00.000Z,,sha256:95e9aa136610c10f2ef3049aced8bb072c6eccff29dbac4b5a9858cd33d5b5e4,2,UNVERIFIED,not_semantically_classified,,,,false,NEEDS_HUMAN_REVIEW,Repository seed inventory only; body value and source support require separate review,db/seeds/blog-posts-118.ts,true
blog-454,/blog/dog-degenerative-myelopathy-guide,blog,강아지 척수 변성증(DM) — 뒷다리 약해지는 노령견의 신경 질환,3,published,2026-08-30T09:00:00.000Z,,sha256:e7684c2975ffce9d2b0640aba5dc1b867010e8d363206266926191e9cbdf7e42,2,UNVERIFIED,not_semantically_classified,,,,false,NEEDS_HUMAN_REVIEW,Repository seed inventory only; body value and source support require separate review,db/seeds/blog-posts-66.ts,true
blog-646,/blog/dog-dehydration-check-guide,blog,강아지 탈수 확인법 — 집에서 30초로 체크하는 방법,2,published,2026-12-04T09:00:00.000Z,,sha256:b660ac78ad0b32290875ed5bf22d08f5d376039bf4ca00e9a9c1d6919801efd5,2,UNVERIFIED,not_semantically_classified,,,,false,NEEDS_HUMAN_REVIEW,Repository seed inventory only; body value and source support require separate review,db/seeds/blog-posts-105.ts,true
blog-dog-dental-care,/blog/dog-dental-care,blog,강아지 치아 관리 — 양치 방법과 치석 예방 완전 가이드,5,published,2026-05-22T13:00:00.000Z,,sha256:da3fa4b21fa7f99b4f767436c27db63291f5b9297d38a840339ad6602e06d380,3,UNVERIFIED,not_semantically_classified,,,,false,NEEDS_HUMAN_REVIEW,Repository seed inventory only; body value and source support require separate review,db/seeds/blog-posts-2.ts,true
seed-guide-dog-dental-care,/guide/dog-dental-care-guide,guide,강아지 치아·구강 관리 — 칫솔질부터 스케일링까지,5,published,2026-05-17T00:00:00.000Z,,sha256:5ec50fc3ca8db10177740b5ee2c33a5d86a248e39acc12534d1a15229efd035a,3,UNVERIFIED,not_semantically_classified,,,,false,NEEDS_HUMAN_REVIEW,Repository seed inventory only; body value and source support require separate review,db/seeds/contents.ts,true
blog-306,/blog/dog-dental-disease-prevention,blog,강아지 치주질환 — 3살 이후 80%가 걸리는 침묵의 병과 예방법,3,published,2026-06-17T09:00:00.000Z,,sha256:d16da0a50f2f813d3ba2f3f874273f8f2b6e688a7bcf160a339dca000e27c600,3,UNVERIFIED,not_semantically_classified,,,,false,NEEDS_HUMAN_REVIEW,Repository seed inventory only; body value and source support require separate review,db/seeds/blog-posts-37.ts,true
blog-294,/blog/dog-dental-disease-prevention-guide,blog,강아지 치과 질환 예방 — 이를 닦지 않으면 3세부터 치주염이 시작된다,3,published,2026-06-09T11:00:00.000Z,,sha256:82938358e789159b5aa5156a66872dc8436eaae941b9ddd0b10fffff44bd3ace,3,UNVERIFIED,not_semantically_classified,,,,false,NEEDS_HUMAN_REVIEW,Repository seed inventory only; body value and source support require separate review,db/seeds/blog-posts-34.ts,true
blog-231,/blog/dog-dental-scaling-guide,blog,강아지 치과 스케일링 — 검사와 마취 상담 포인트,3,published,2026-07-02T17:00:00.000Z,,sha256:c1451e7f098886d2b21a5cbe6075c2ad1b0dbaf172da8e8ef99baa46189f9681,3,UNVERIFIED,not_semantically_classified,,,,false,NEEDS_HUMAN_REVIEW,Repository seed inventory only; body value and source support require separate review,db/seeds/blog-posts-24.ts,true
seed-condition-dog-diabetes,/condition/dog-diabetes,condition,강아지 당뇨병 — 증상·원인·치료 및 관리,3,published,2026-05-20T00:00:00.000Z,,sha256:82e7c9022286a77f62af275c0153dc1b8bd453dc7348fd17391146bc6c51822a,3,UNVERIFIED,not_semantically_classified,,,,false,NEEDS_HUMAN_REVIEW,Repository seed inventory only; body value and source support require separate review,db/seeds/contents.ts,true
blog-671,/blog/dog-diabetes-insipidus-guide,blog,강아지 요붕증 — 물을 너무 많이 마시는 원인,3,published,2026-12-16T11:00:00.000Z,,sha256:674c6a36aca4b833918a29420f1fa22899091f60984666fad3a1a51dd9798e1b,2,UNVERIFIED,not_semantically_classified,,,,false,NEEDS_HUMAN_REVIEW,Repository seed inventory only; body value and source support require separate review,db/seeds/blog-posts-110.ts,true
blog-dog-diabetes-management,/blog/dog-diabetes-management,blog,강아지 당뇨병 관리 가이드 — 인슐린·식이·모니터링,3,published,,,sha256:843a87275218b01bac3b26c545f55a9b249e4f4bb09b1598a6110f7bfc3facc4,3,UNVERIFIED,not_semantically_classified,,,,false,NEEDS_HUMAN_REVIEW,Repository seed inventory only; body value and source support require separate review,db/seeds/blog-posts-14.ts,true
blog-531,/blog/dog-diabetes-management,blog,강아지 당뇨 관리 — 인슐린 투여부터 혈당 모니터링까지,3,published,2026-10-07T11:00:00.000Z,,sha256:730df500eaa85557ecf748f01511978a2b0d50d92669109574d38c995f233360,2,UNVERIFIED,not_semantically_classified,,,,false,NEEDS_HUMAN_REVIEW,Repository seed inventory only; body value and source support require separate review,db/seeds/blog-posts-82.ts,true
seed-condition-dog-diarrhea,/condition/dog-diarrhea,condition,강아지 설사 — 원인·응급 신호·가정 대처법,3,published,2026-05-22T00:00:00.000Z,,sha256:b128ff8cb2423c79e5a74a54af45486cfcd57f4c36e859351f58b25eb1e6c6f0,3,UNVERIFIED,not_semantically_classified,,,,false,NEEDS_HUMAN_REVIEW,Repository seed inventory only; body value and source support require separate review,db/seeds/contents.ts,true
blog-dog-diarrhea-guide,/blog/dog-diarrhea-guide,blog,강아지 설사 — 지켜봐도 되는 경우 vs 즉시 병원 가야 하는 경우,3,published,,,sha256:8f7affdad457fb1da4c818e12c8fa44e49a436306413ccd61f74a360a18b538d,3,UNVERIFIED,not_semantically_classified,,,,false,NEEDS_HUMAN_REVIEW,Repository seed inventory only; body value and source support require separate review,db/seeds/blog-posts-7.ts,true
blog-336,/blog/dog-diarrhea-home-care,blog,강아지 설사 — 집에서 관리할 수 있는 경우와 즉시 병원 가야 할 경우,3,published,2026-07-02T09:00:00.000Z,,sha256:08ea6408c1dcddfb2f54e061745fa89a968a0d39c6b0c17e846c1a49f85b42f5,3,UNVERIFIED,not_semantically_classified,,,,false,NEEDS_HUMAN_REVIEW,Repository seed inventory only; body value and source support require separate review,db/seeds/blog-posts-43.ts,true
seed-condition-dog-disc-disease,/condition/dog-disc-disease,condition,강아지 추간판탈출증(IVDD) — 증상·등급·수술과 보존 치료,3,published,2026-05-22T00:00:00.000Z,,sha256:4baf9eaaf8a78da543065e3deb1823187ae25a993e8544432eb0bfa86d120b02,3,UNVERIFIED,not_semantically_classified,,,,false,NEEDS_HUMAN_REVIEW,Repository seed inventory only; body value and source support require separate review,db/seeds/contents.ts,true
blog-dog-ear-cleaning,/blog/dog-ear-cleaning,blog,강아지 귀 청소 방법과 주기 — 외이염 예방의 기본,5,published,2026-03-20,,sha256:800e3de1656959ed442f29e639ebd3eb2a06410b951785bee9cc655f656b54f8,3,UNVERIFIED,not_semantically_classified,,,,false,NEEDS_HUMAN_REVIEW,Repository seed inventory only; body value and source support require separate review,db/seeds/blog-posts-3.ts,true
blog-426,/blog/dog-ear-hematoma-guide,blog,강아지 귀혈종 — 귀가 빵빵하게 부풀었을 때,3,published,2026-08-16T09:00:00.000Z,,sha256:80a86cfa8cbb2b68ce433128e1394a6f169c87b28122a89c83cce6a3f8960519,2,UNVERIFIED,not_semantically_classified,,,,false,NEEDS_HUMAN_REVIEW,Repository seed inventory only; body value and source support require separate review,db/seeds/blog-posts-61.ts,true
seed-condition-dog-ear-infection,/condition/dog-ear-infection,condition,강아지 외이염 — 증상·원인·치료 방법,3,published,2026-05-16T00:00:00.000Z,,sha256:c7b814890e3322df1661239c53e35e55bdbf1764060aa6c7e4bcc9ec2f8ec761,3,UNVERIFIED,not_semantically_classified,,,,false,NEEDS_HUMAN_REVIEW,Repository seed inventory only; body value and source support require separate review,db/seeds/contents.ts,true
blog-314,/blog/dog-ear-infection-otitis-guide,blog,강아지 외이염 — 머리 흔들고 귀 긁는 이유와 집에서 할 수 있는 것,3,published,2026-06-21T09:00:00.000Z,,sha256:0b4d7cdab068f3c4195a1e18638d0b1acd52b7a6e929938fbe8a0df1fdc3118a,3,UNVERIFIED,not_semantically_classified,,,,false,NEEDS_HUMAN_REVIEW,Repository seed inventory only; body value and source support require separate review,db/seeds/blog-posts-38.ts,true
blog-598,/blog/dog-ear-infection-prevention,blog,강아지 외이도염 예방 — 귀를 자주 긁는다면 체크해야 할 것,3,published,2026-11-10T09:00:00.000Z,,sha256:b766869b94d17dabfad127822d0c6c71419e223e1eacc7acf85160d58499c698,2,UNVERIFIED,not_semantically_classified,,,,false,NEEDS_HUMAN_REVIEW,Repository seed inventory only; body value and source support require separate review,db/seeds/blog-posts-95.ts,true
blog-278,/blog/dog-ear-infection-prevention-guide,blog,강아지 귀 청소 방법과 귀 질환 예방 — 품종별 주기와 이상 신호,3,published,2026-06-06T11:00:00.000Z,,sha256:57297d2721f0783a871219f33a8922985a443ce20a64f832111746ac79aa36b3,3,UNVERIFIED,not_semantically_classified,,,,false,NEEDS_HUMAN_REVIEW,Repository seed inventory only; body value and source support require separate review,db/seeds/blog-posts-31.ts,true
blog-700,/blog/dog-enrichment-interactive-toys,blog,강아지 인리치먼트 — 집 안에서 정신적 자극 주는 방법,5,published,2026-12-31T09:00:00.000Z,,sha256:beb4ace52f1955a623b60d2b54b50e3464ec1fcdd0714b3d9607d48950fb2a9c,2,UNVERIFIED,not_semantically_classified,,,,false,NEEDS_HUMAN_REVIEW,Repository seed inventory only; body value and source support require separate review,db/seeds/blog-posts-115.ts,true
seed-condition-dog-epilepsy,/condition/dog-epilepsy,condition,강아지 간질·발작 — 증상·원인·응급 대처,3,published,2026-05-19T00:00:00.000Z,,sha256:6bb5f5502fcc50050c2f9f69c6dcda79f48b32e2bbf5e6b6882e0541ee590542,3,UNVERIFIED,not_semantically_classified,,,,false,NEEDS_HUMAN_REVIEW,Repository seed inventory only; body value and source support require separate review,db/seeds/contents.ts,true
blog-473,/blog/dog-epilepsy-seizure-guide,blog,강아지 간질·발작 — 목격했을 때 보호자가 해야 할 것과 하지 말아야 할 것,3,published,2026-09-08T11:00:00.000Z,,sha256:5ecd8e06738d0699f42d8ef9604a28b396316df2edddc9033a5703759c66f6e5,2,UNVERIFIED,not_semantically_classified,,,,false,NEEDS_HUMAN_REVIEW,Repository seed inventory only; body value and source support require separate review,db/seeds/blog-posts-70.ts,true
blog-721,/blog/dog-epilepsy-seizure-management,blog,강아지 뇌전증 — 발작 응급 대처와 장기 약물 관리,3,published,2027-01-11T09:00:00.000Z,,sha256:4f503a7aa52ac2cc3ab459158d0504a491e40cc854e8b32765b68f0b301ae7c4,2,UNVERIFIED,not_semantically_classified,,,,false,NEEDS_HUMAN_REVIEW,Repository seed inventory only; body value and source support require separate review,db/seeds/blog-posts-120.ts,true
seed-guide-dog-exercise-guide,/guide/dog-exercise-guide,guide,강아지 운동·산책 가이드 — 품종·나이별 적정 운동량,5,published,2026-05-19T00:00:00.000Z,,sha256:e73bfce72f02680ee93c3a716fc036a391334d1c7bc50020ef48c933fceeda4a,3,UNVERIFIED,not_semantically_classified,,,,false,NEEDS_HUMAN_REVIEW,Repository seed inventory only; body value and source support require separate review,db/seeds/contents.ts,true
blog-741,/blog/dog-exocrine-pancreatic-insufficiency,blog,강아지 외분비 췌장 기능 부전(EPI) — 먹어도 살이 빠지는 원인,3,published,2027-01-21T09:00:00.000Z,,sha256:9b1ca4132bc7bf842b38396595d19ff5ff047fe7dac5626280dea45a54776758,2,UNVERIFIED,not_semantically_classified,,,,false,NEEDS_HUMAN_REVIEW,Repository seed inventory only; body value and source support require separate review,db/seeds/blog-posts-124.ts,true
blog-163,/blog/dog-eye-care-guide,blog,강아지 눈 관리 — 눈곱·눈물·충혈의 진료 신호,3,published,2026-06-18T13:00:00.000Z,,sha256:0200b24216253ca7ef637d020667ddd10a30a1b8a13caba0ab535b955145c6b0,3,UNVERIFIED,not_semantically_classified,,,,false,NEEDS_HUMAN_REVIEW,Repository seed inventory only; body value and source support require separate review,db/seeds/blog-posts-17.ts,true
blog-551,/blog/dog-eye-cataract-guide,blog,강아지 백내장 — 눈이 뿌옇게 변하는 이유와 수술 기준,3,published,2026-10-17T11:00:00.000Z,,sha256:04a689f8d973811e10ac4b9934ef14b0a7c5ed3bbd1f9d06640d6ec04bec1e2c,2,UNVERIFIED,not_semantically_classified,,,,false,NEEDS_HUMAN_REVIEW,Repository seed inventory only; body value and source support require separate review,db/seeds/blog-posts-86.ts,true
blog-373,/blog/dog-eye-discharge-cherry-eye,blog,강아지 눈 분비물과 체리아이 — 정상과 비정상의 경계,3,published,2026-07-20T11:00:00.000Z,,sha256:737d991fa8df038922c65fafccb77f36e03b7cf0d5e371a9a5e435e80a3ebddd,3,UNVERIFIED,not_semantically_classified,,,,false,NEEDS_HUMAN_REVIEW,Repository seed inventory only; body value and source support require separate review,db/seeds/blog-posts-50.ts,true
blog-dog-eye-problems-guide,/blog/dog-eye-problems-guide,blog,강아지 눈 문제 — 눈곱·충혈·눈물 흘림 원인과 대처법,3,published,,,sha256:1b4181c3c72fd1ef68a70795ede48f78692541937e1b82f3cd087ac742341cbe,3,UNVERIFIED,not_semantically_classified,,,,false,NEEDS_HUMAN_REVIEW,Repository seed inventory only; body value and source support require separate review,db/seeds/blog-posts-7.ts,true
blog-dog-fear-management,/blog/dog-fear-management,blog,강아지 공포 반응 — 천둥·폭죽·낯선 것에 떠는 강아지 돕는 법,5,published,,,sha256:748891992ac61104bfd31c7d76610ccbd409ea65e63c003c7cc5eb1f49cf9ae8,3,UNVERIFIED,not_semantically_classified,,,,false,NEEDS_HUMAN_REVIEW,Repository seed inventory only; body value and source support require separate review,db/seeds/blog-posts-12.ts,true
blog-685,/blog/dog-fiber-constipation-diarrhea,blog,강아지 식이섬유 — 변비와 설사 양방향 관리,2,published,2026-12-23T11:00:00.000Z,,sha256:ead256bae5c5e430e9eefcb60b60b49a7f52782c70dd4fe628cfc8b739bee17c,2,UNVERIFIED,not_semantically_classified,,,,false,NEEDS_HUMAN_REVIEW,Repository seed inventory only; body value and source support require separate review,db/seeds/blog-posts-112.ts,true
blog-195,/blog/dog-fireworks-anxiety-guide,blog,강아지 폭죽·불꽃놀이 공포 관리 — 증상과 단계별 대처법,5,published,2026-06-25T05:00:00.000Z,,sha256:73ab6c936223d967ddd68fcfbc99d32c6620ae65d5a54080e9d650cce3da07de,0,UNVERIFIED,not_semantically_classified,,,,false,NEEDS_HUMAN_REVIEW,Repository seed inventory only; body value and source support require separate review,db/seeds/blog-posts-20.ts,true
blog-dog-first-adoption-kit,/blog/dog-first-adoption-kit,blog,강아지 처음 입양 준비물 체크리스트 — 첫 날 전에 갖춰야 할 것들,1,published,2026-05-21T06:00:00.000Z,,sha256:a95601f0bd885a43ac455c6d25932cceb598d7354d65d0ab0f4490a2c8892f19,3,UNVERIFIED,not_semantically_classified,,,,false,NEEDS_HUMAN_REVIEW,Repository seed inventory only; body value and source support require separate review,db/seeds/blog-posts.ts,true
blog-167,/blog/dog-flea-tick-guide,blog,강아지 벼룩·진드기 예방 — 제품 선택과 관리법,3,published,2026-06-19T09:00:00.000Z,,sha256:691f137483813d4d58b12ae722fab6e893d80b9fc5ccdfbf65e2cb897863ffbf,3,UNVERIFIED,not_semantically_classified,,,,false,NEEDS_HUMAN_REVIEW,Repository seed inventory only; body value and source support require separate review,db/seeds/blog-posts-17.ts,true
seed-condition-dog-food-allergy,/condition/dog-food-allergy,condition,강아지 식이 알레르기 — 증상·원인 식재료·제거 식이 시험,3,published,2026-05-22T00:00:00.000Z,,sha256:fcc4033a65923268f3eb2bd9b040d976802dcf7c5c7bf61e66ea8b9b42bbb686,3,UNVERIFIED,not_semantically_classified,,,,false,NEEDS_HUMAN_REVIEW,Repository seed inventory only; body value and source support require separate review,db/seeds/contents.ts,true
blog-617,/blog/dog-food-allergy-blood-test-myths,blog,강아지 알레르기 혈액 검사 — 믿을 수 있는가,2,published,2026-11-19T11:00:00.000Z,,sha256:cc9bea27b08ec6f835dcfa91703c8e0e228ee0ca7c2df63e028f483e4fecd08a,2,UNVERIFIED,not_semantically_classified,,,,false,NEEDS_HUMAN_REVIEW,Repository seed inventory only; body value and source support require separate review,db/seeds/blog-posts-99.ts,true
blog-dog-food-allergy-diet,/blog/dog-food-allergy-diet,blog,강아지 음식 알레르기 제한식 가이드 — 원인 파악부터 식단 교체까지,2,published,,,sha256:e309e296477f95ce07f23cdc9484bbe6b20d0a3bf184e1b4b328b722eb12cc6f,3,UNVERIFIED,not_semantically_classified,,,,false,NEEDS_HUMAN_REVIEW,Repository seed inventory only; body value and source support require separate review,db/seeds/blog-posts-5.ts,true
blog-245,/blog/dog-food-allergy-elimination-diet-test,blog,강아지 알레르기 사료 찾는 법 — 식이 제거 테스트 8주 완전 가이드,2,published,2026-06-02T13:00:00.000Z,,sha256:d92705c1225c590aeb12d716ae0b5cde233f41a715843fb31ba889b54278c78f,3,UNVERIFIED,not_semantically_classified,,,,false,NEEDS_HUMAN_REVIEW,Repository seed inventory only; body value and source support require separate review,db/seeds/blog-posts-25.ts,true
blog-304,/blog/dog-food-allergy-ingredients-checklist,blog,강아지 음식 알레르기 — 가려움·귀 염증·발 핥기의 숨겨진 원인 식재료,2,published,2026-06-15T11:00:00.000Z,,sha256:41e52369cdabc80146a88d515416b79200c22fe1334276481e55daa019792ff1,3,UNVERIFIED,not_semantically_classified,,,,false,NEEDS_HUMAN_REVIEW,Repository seed inventory only; body value and source support require separate review,db/seeds/blog-posts-36.ts,true
blog-397,/blog/dog-food-budget-guide,blog,예산 내에서 강아지 잘 먹이기 — 비싼 사료가 무조건 좋은 것은 아니다,2,published,2026-08-01T11:00:00.000Z,,sha256:dee05142c18da822f9308f51dd65be13be62e3a0d5e5414d4052d2d93b8434bf,3,UNVERIFIED,not_semantically_classified,,,,false,NEEDS_HUMAN_REVIEW,Repository seed inventory only; body value and source support require separate review,db/seeds/blog-posts-55.ts,true
blog-dog-food-by-age,/blog/dog-food-by-age,blog,강아지 나이별 사료 선택 가이드 — 강아지·성견·노령견 완벽 정리,2,published,,,sha256:80c32db74fbae8f5a0f2178cca151382e49a41e10fda42e02e02251319986e0a,3,UNVERIFIED,not_semantically_classified,,,,false,NEEDS_HUMAN_REVIEW,Repository seed inventory only; body value and source support require separate review,db/seeds/blog-posts-5.ts,true
blog-634,/blog/dog-food-controversial-ingredients,blog,"강아지 사료 논란 성분 — BHA·에톡시퀴닌·카라기난, 실제 위험한가",2,published,2026-11-28T09:00:00.000Z,,sha256:aaad27c38c0ad9b339db3671cb408fb8be57d00d08566b313945a22f613edc89,2,UNVERIFIED,not_semantically_classified,,,,false,NEEDS_HUMAN_REVIEW,Repository seed inventory only; body value and source support require separate review,db/seeds/blog-posts-102.ts,true
seed-guide-dog-food-label-guide,/guide/dog-food-label-guide,guide,강아지 사료 성분표 읽는 법 — 원재료·영양소 분석,2,published,2026-05-15T00:00:00.000Z,,sha256:3ba9b8559bc3d445d3a3e73ed72ea24ea1d9d55e4f8bee56db599b263d8d419d,3,UNVERIFIED,not_semantically_classified,,,,false,NEEDS_HUMAN_REVIEW,Repository seed inventory only; body value and source support require separate review,db/seeds/contents.ts,true
blog-734,/blog/dog-food-label-ingredient-reading,blog,강아지 사료 라벨 읽는 법 — 성분표 순서의 의미,2,published,2027-01-17T11:00:00.000Z,,sha256:21a4244575c85064e272a2559f063c900b2a8a6e6b65fa834d374f6e17f328e4,2,UNVERIFIED,not_semantically_classified,,,,false,NEEDS_HUMAN_REVIEW,Repository seed inventory only; body value and source support require separate review,db/seeds/blog-posts-122.ts,true
guide-dog-food-selection,/guide/dog-food-selection-guide,guide,강아지 사료 선택 완벽 가이드 — 성분 해석부터 연령별 추천까지,2,published,,,sha256:b06e00931b3b0d72ff7a943808057f23ae337d991350aace747073d111fe536f,0,UNVERIFIED,not_semantically_classified,,,,false,NEEDS_HUMAN_REVIEW,Repository seed inventory only; body value and source support require separate review,db/seeds/guides-batch-1.ts,true
blog-dog-food-storage-guide,/blog/dog-food-storage-guide,blog,강아지 사료 올바른 보관법 — 산화·곰팡이 막는 실전 방법,2,published,,,sha256:cf7dae3b9774cd1442e788aee0a7aca9a924545fed8aa6331faa8e0bc0550d74,3,UNVERIFIED,not_semantically_classified,,,,false,NEEDS_HUMAN_REVIEW,Repository seed inventory only; body value and source support require separate review,db/seeds/blog-posts-6.ts,true
blog-704,/blog/dog-food-storage-oxidation-risk,blog,강아지 사료 보관법 — 산화와 곰팡이 독소 위험,2,published,2027-01-02T11:00:00.000Z,,sha256:8e36cdac34137a2442f5c6334fdc1b5ce23025ec4468c7152dbffe2801007838,2,UNVERIFIED,not_semantically_classified,,,,false,NEEDS_HUMAN_REVIEW,Repository seed inventory only; body value and source support require separate review,db/seeds/blog-posts-116.ts,true
blog-428,/blog/dog-food-topper-guide,blog,강아지 사료 토퍼 활용 가이드 — 건식 사료를 더 맛있게 만드는 방법,2,published,2026-08-17T09:00:00.000Z,,sha256:b63b1ba77a950a39def78a3ade233b6789814aa49d326b374e616f03925f4f2b,2,UNVERIFIED,not_semantically_classified,,,,false,NEEDS_HUMAN_REVIEW,Repository seed inventory only; body value and source support require separate review,db/seeds/blog-posts-61.ts,true
blog-262,/blog/dog-food-transition-method,blog,강아지 사료 교체 방법 — 소화 문제 없이 새 사료로 바꾸는 7~10일 가이드,2,published,2026-06-04T10:00:00.000Z,,sha256:867e17dc39118a569c5c1a1a861aad5c8af405501472aa5ed82eac47762a14c2,2,UNVERIFIED,not_semantically_classified,,,,false,NEEDS_HUMAN_REVIEW,Repository seed inventory only; body value and source support require separate review,db/seeds/blog-posts-28.ts,true
blog-273,/blog/dog-forbidden-fruits-nuts-complete-list,blog,강아지 먹으면 안 되는 과일·견과류 완전 목록 — 독성 원인과 증상까지,2,published,2026-06-05T11:00:00.000Z,,sha256:9fb92363a83fc9b8fe822dfdc6bcf440a48f59b81cf4d7747c70f5cd77399680,3,UNVERIFIED,not_semantically_classified,,,,false,NEEDS_HUMAN_REVIEW,Repository seed inventory only; body value and source support require separate review,db/seeds/blog-posts-30.ts,true
blog-dog-fracture-guide,/blog/dog-fracture-guide,blog,강아지 골절 — 응급 처치와 동물병원 가기 전 해야 할 것,3,published,,,sha256:e55d319558fdd483df996c5ec34901340a03cc3d51bcaa7f41f2d17abd3047a2,3,UNVERIFIED,not_semantically_classified,,,,false,NEEDS_HUMAN_REVIEW,Repository seed inventory only; body value and source support require separate review,db/seeds/blog-posts-9.ts,true
blog-546,/blog/dog-gastric-dilatation-volvulus,blog,강아지 위염전(GDV) — 대형견 보호자가 반드시 알아야 할 응급,3,published,2026-10-15T09:00:00.000Z,,sha256:d7e0d0005b2bf80c62817f6d5395eebcc67c4bba367434a9cb838eb7a7671450,2,UNVERIFIED,not_semantically_classified,,,,false,NEEDS_HUMAN_REVIEW,Repository seed inventory only; body value and source support require separate review,db/seeds/blog-posts-85.ts,true
blog-718,/blog/dog-glucosamine-chondroitin-evidence,blog,강아지 글루코사민·콘드로이틴 효과 근거,2,published,2027-01-09T11:00:00.000Z,,sha256:357b56778ce9de5bca1d758af61391331f3259d6d43339a35a812d4428cb1735,2,UNVERIFIED,not_semantically_classified,,,,false,NEEDS_HUMAN_REVIEW,Repository seed inventory only; body value and source support require separate review,db/seeds/blog-posts-119.ts,true
blog-471,/blog/dog-grain-free-dcm-risk,blog,강아지 그레인프리 사료와 DCM — FDA 경고의 실제 의미,2,published,2026-09-07T11:00:00.000Z,,sha256:69291da5c663a7a1d42c549613004878d6b70188ee860e86ade1b6cea13053e7,2,UNVERIFIED,not_semantically_classified,,,,false,NEEDS_HUMAN_REVIEW,Repository seed inventory only; body value and source support require separate review,db/seeds/blog-posts-70.ts,true
blog-151,/blog/dog-grain-free-diet-guide,blog,강아지 그레인프리 사료 완전 가이드 — 효과·위험·선택 기준,2,published,2026-06-16T01:00:00.000Z,,sha256:5a4fbab4701017e5b70c4f00827f859dffccd5f6295e342b8d5d5291c586e642,0,UNVERIFIED,not_semantically_classified,,,,false,NEEDS_HUMAN_REVIEW,Repository seed inventory only; body value and source support require separate review,db/seeds/blog-posts-16.ts,true
blog-330,/blog/dog-grain-free-diet-truth,blog,"그레인프리 사료, 정말 강아지에게 더 좋은가 — FDA 경고까지 나온 배경",2,published,2026-06-29T09:00:00.000Z,,sha256:f010468a92cdc0ce9befcbc8bcc037d57d05c486c9ddbaf5c1b1093accf26ec8,3,UNVERIFIED,not_semantically_classified,,,,false,NEEDS_HUMAN_REVIEW,Repository seed inventory only; body value and source support require separate review,db/seeds/blog-posts-41.ts,true
blog-626,/blog/dog-grass-seed-foxtail-danger,blog,산책 중 풀 씨앗 위험 — 강아지 귀·발에 박히는 여우꼬리풀,3,published,2026-11-24T09:00:00.000Z,,sha256:6e852d8a7f08a98f45637c1948d66bd847fc9008050dea2a067ed9f6cec05245,2,UNVERIFIED,not_semantically_classified,,,,false,NEEDS_HUMAN_REVIEW,Repository seed inventory only; body value and source support require separate review,db/seeds/blog-posts-101.ts,true
blog-490,/blog/dog-grooming-fear-training,blog,강아지 미용 공포 탈감작 훈련 — 미용실에서 안 떠는 강아지 만들기,1,published,2026-09-17T09:00:00.000Z,,sha256:e64f8e1c6368626d33175abf75cf07569cfbef4a41bf77831775987f7f28ec2d,2,UNVERIFIED,not_semantically_classified,,,,false,NEEDS_HUMAN_REVIEW,Repository seed inventory only; body value and source support require separate review,db/seeds/blog-posts-73.ts,true
seed-guide-dog-grooming-guide,/guide/dog-grooming-guide,guide,강아지 목욕·미용 가이드 — 주기·방법·집에서 하는 법,5,published,2026-05-22T00:00:00.000Z,,sha256:4db24f8dfe1c884d1d06ac3f3e51de28cf99748c1dfc6977b28a2f7d0c2c93b8,2,UNVERIFIED,not_semantically_classified,,,,false,NEEDS_HUMAN_REVIEW,Repository seed inventory only; body value and source support require separate review,db/seeds/contents.ts,true
blog-dog-grooming-types-guide,/blog/dog-grooming-types-guide,blog,강아지 미용 종류 완전 가이드 — 견종별 적합한 커트와 주기,5,published,,,sha256:3a96d9ca4b527597b298cfd4580a86cda71bc047bbad7555f15d169e4ee32e66,3,UNVERIFIED,not_semantically_classified,,,,false,NEEDS_HUMAN_REVIEW,Repository seed inventory only; body value and source support require separate review,db/seeds/blog-posts-11.ts,true
blog-dog-health-checkup,/blog/dog-health-checkup,blog,강아지 건강검진 — 나이별 주기와 꼭 챙겨야 할 검사 항목,3,published,2026-03-08,,sha256:fa01ddd5adbd264d6516a8587c80aadb74e89b2499ec9555ba6ccc2e67e2bb96,3,UNVERIFIED,not_semantically_classified,,,,false,NEEDS_HUMAN_REVIEW,Repository seed inventory only; body value and source support require separate review,db/seeds/blog-posts-3.ts,true
guide-dog-healthy-weight,/guide/dog-healthy-weight-guide,guide,강아지 적정 체중 관리 가이드 — 비만 판별부터 다이어트 식이까지,2,published,,,sha256:905e417ba3335b2dd5932de10c571f0d7576f917b350abb2a14c8dbd228f0bb8,0,UNVERIFIED,not_semantically_classified,,,,false,NEEDS_HUMAN_REVIEW,Repository seed inventory only; body value and source support require separate review,db/seeds/guides-batch-3.ts,true
blog-dog-heart-disease-guide,/blog/dog-heart-disease-guide,blog,강아지 심장 질환 — 초기 신호와 생활 관리 가이드,3,published,,,sha256:597423a2cb4f6b75baa7dee5a1d95043d65816592247d677dfb8ff07a91ce8ed,3,UNVERIFIED,not_semantically_classified,,,,false,NEEDS_HUMAN_REVIEW,Repository seed inventory only; body value and source support require separate review,db/seeds/blog-posts-8.ts,true
seed-condition-dog-heartworm,/condition/dog-heartworm,condition,강아지 심장사상충 — 감염 경로·증상·예방,3,published,2026-05-18T00:00:00.000Z,,sha256:028b19699e8cafdc21cb0cfa52d4b956f213cbb4d655e530971c6d2dca7bc66e,3,UNVERIFIED,not_semantically_classified,,,,false,NEEDS_HUMAN_REVIEW,Repository seed inventory only; body value and source support require separate review,db/seeds/contents.ts,true
cond-dog-heartworm-prevention,/condition/dog-heartworm-disease,condition,강아지 심장사상충 — 증상·예방약·주기,3,review_queue,,,sha256:1a7a060804eafd20699d6e8292dd7e1c687934cee155e3bee58135269a16f019,1,UNVERIFIED,not_semantically_classified,,,,false,NEEDS_HUMAN_REVIEW,Repository seed inventory only; body value and source support require separate review,db/seeds/conditions-batch-1.ts,true
blog-dog-heartworm-prevention,/blog/dog-heartworm-prevention,blog,강아지 심장사상충 예방 완전 가이드 — 감염 경로·예방약·검사 시기,3,published,2026-05-22T18:00:00.000Z,,sha256:3fe0f32c93c75858865130d513ad69d2cc2df5e7c5629a1dfc2859f02fdcfb9d,4,UNVERIFIED,not_semantically_classified,,,,false,NEEDS_HUMAN_REVIEW,Repository seed inventory only; body value and source support require separate review,db/seeds/blog-posts-2.ts,true
blog-483,/blog/dog-heartworm-prevention,blog,강아지 심장사상충 예방 — 1년에 한 번 검사와 매달 예방약이 중요한 이유,3,published,2026-09-13T11:00:00.000Z,,sha256:e4472d133925a25c300c4e5ced74175e13966f81c13720f4cb6ab2f32201d7ca,2,UNVERIFIED,not_semantically_classified,,,,false,NEEDS_HUMAN_REVIEW,Repository seed inventory only; body value and source support require separate review,db/seeds/blog-posts-72.ts,true
blog-358,/blog/dog-heartworm-prevention-guide,blog,강아지 심장사상충 — 예방이 전부인 이유와 예방약 종류 비교,3,published,2026-07-13T09:00:00.000Z,,sha256:e0586715668d649bc4687fafb9604fed596d0d41cb18391219bebf47ae2c78cf,3,UNVERIFIED,not_semantically_classified,,,,false,NEEDS_HUMAN_REVIEW,Repository seed inventory only; body value and source support require separate review,db/seeds/blog-posts-47.ts,true
blog-170,/blog/dog-heartworm-treatment-guide,blog,강아지 심장사상충 치료 과정 이해하기,3,published,2026-06-20T00:00:00.000Z,,sha256:8edd701b8655c9cf7233ccf7451e886ed5da3936aaa33cb16b27d4a450a8fa67,3,UNVERIFIED,not_semantically_classified,,,,false,NEEDS_HUMAN_REVIEW,Repository seed inventory only; body value and source support require separate review,db/seeds/blog-posts-17.ts,true
seed-guide-dog-heat-stroke,/guide/dog-heat-stroke-guide,guide,강아지 열사병 — 증상·응급처치·예방법,3,published,2026-05-21T00:00:00.000Z,,sha256:4ca07d3e2ddf4ce6f1af15125aa2fb32ff44577e8e934df2ea5afb90384619e8,3,UNVERIFIED,not_semantically_classified,,,,false,NEEDS_HUMAN_REVIEW,Repository seed inventory only; body value and source support require separate review,db/seeds/contents.ts,true
blog-419,/blog/dog-hiking-mountain-safety,blog,강아지와 등산·하이킹 — 안전하게 산을 오르기 위한 준비,5,published,2026-08-12T11:00:00.000Z,,sha256:838a4ebded83a2c4baa8335ced071977f8655522bd760f6e30fd1b314c9653ea,3,UNVERIFIED,not_semantically_classified,,,,false,NEEDS_HUMAN_REVIEW,Repository seed inventory only; body value and source support require separate review,db/seeds/blog-posts-59.ts,true
blog-624,/blog/dog-hiking-safety-guide,blog,반려견과 등산 — 즐거운 산행을 위한 안전 수칙,5,published,2026-11-23T09:00:00.000Z,,sha256:5925a8ff4cbd0559cfb7beb46c3b630bd9556d0890a968912569d3084426bc10,2,UNVERIFIED,not_semantically_classified,,,,false,NEEDS_HUMAN_REVIEW,Repository seed inventory only; body value and source support require separate review,db/seeds/blog-posts-100.ts,true
seed-condition-dog-hip-dysplasia,/condition/dog-hip-dysplasia,condition,강아지 고관절 이형성증(HD) — 증상·원인·관리,3,published,2026-05-18T00:00:00.000Z,,sha256:c19797ada39abc8da34d901bf126c4cfd9852382066294db0a67e80509de9451,3,UNVERIFIED,not_semantically_classified,,,,false,NEEDS_HUMAN_REVIEW,Repository seed inventory only; body value and source support require separate review,db/seeds/contents.ts,true
blog-dog-hip-dysplasia-guide,/blog/dog-hip-dysplasia-guide,blog,강아지 고관절 이형성증 완전 가이드 — 증상·진단·관리·수술,3,published,,,sha256:6f8c8e5f55fc1c502097426c661ff0dbb838fc1e5a5592b12ab73cb4889d6a2b,3,UNVERIFIED,not_semantically_classified,,,,false,NEEDS_HUMAN_REVIEW,Repository seed inventory only; body value and source support require separate review,db/seeds/blog-posts-14.ts,true
blog-648,/blog/dog-hip-dysplasia-management,blog,강아지 고관절 이형성증 — 대형견 통증의 주요 원인,3,published,2026-12-05T09:00:00.000Z,,sha256:3a7411e56a850bd92827b6dcb1068cb8c563be1de716153bf78255698ce9f359,2,UNVERIFIED,not_semantically_classified,,,,false,NEEDS_HUMAN_REVIEW,Repository seed inventory only; body value and source support require separate review,db/seeds/blog-posts-105.ts,true
blog-301,/blog/dog-home-bath-complete-guide,blog,강아지 집에서 목욕시키기 — 싫어하는 개도 차분해지는 단계별 방법,5,published,2026-06-14T09:00:00.000Z,,sha256:a3f8369ce47b6292a6402a68c314180a98ac7f9b6c29376de6e191ea97e26e95,3,UNVERIFIED,not_semantically_classified,,,,false,NEEDS_HUMAN_REVIEW,Repository seed inventory only; body value and source support require separate review,db/seeds/blog-posts-36.ts,true
blog-429,/blog/dog-home-grooming-basics,blog,강아지 집에서 미용하기 — 전문 미용 사이 관리하는 방법,5,published,2026-08-17T11:00:00.000Z,,sha256:34f5a29c7cd134cd334e9245d8642e893c85b08e461f4a2b0283a8b4c07eb2f4,2,UNVERIFIED,not_semantically_classified,,,,false,NEEDS_HUMAN_REVIEW,Repository seed inventory only; body value and source support require separate review,db/seeds/blog-posts-61.ts,true
blog-615,/blog/dog-home-grooming-basics,blog,집에서 하는 강아지 기본 미용 — 목욕·빗질·귀 청소 올바른 방법,5,published,2026-11-18T11:00:00.000Z,,sha256:43a59cdf313251bb3026dba3c26f6dc4d10ac269cdcc133e32406ac7bd3716a4,2,UNVERIFIED,not_semantically_classified,,,,false,NEEDS_HUMAN_REVIEW,Repository seed inventory only; body value and source support require separate review,db/seeds/blog-posts-98.ts,true
blog-171,/blog/dog-home-safety-guide,blog,강아지를 위한 집 안 안전 점검 완전 가이드,5,published,2026-06-20T05:00:00.000Z,,sha256:6d9afb05df1f722d1f9fe84e6a730276db762094fafc74777defec66afc56e7d,0,UNVERIFIED,not_semantically_classified,,,,false,NEEDS_HUMAN_REVIEW,Repository seed inventory only; body value and source support require separate review,db/seeds/blog-posts-18.ts,true
blog-361,/blog/dog-homemade-food-guide,blog,강아지 집밥(홈쿡) — 잘 만들면 좋고 잘못 만들면 위험한 이유,2,published,2026-07-14T11:00:00.000Z,,sha256:13be00d76a7e62b3a48e7ac89648fb740ac51979548d062d7ada9057d7ab391c,3,UNVERIFIED,not_semantically_classified,,,,false,NEEDS_HUMAN_REVIEW,Repository seed inventory only; body value and source support require separate review,db/seeds/blog-posts-48.ts,true
blog-567,/blog/dog-homemade-food-safety,blog,강아지 집밥 — 영양 균형을 맞추지 않으면 생기는 문제,2,published,2026-10-25T11:00:00.000Z,,sha256:53be2de2502c80755cc0bcfa6377480af35d37e3b623f8ed8940b1b94fddeaf7,2,UNVERIFIED,not_semantically_classified,,,,false,NEEDS_HUMAN_REVIEW,Repository seed inventory only; body value and source support require separate review,db/seeds/blog-posts-89.ts,true
blog-dog-homemade-treats,/blog/dog-homemade-treats,blog,강아지 수제 간식 레시피 5가지 — 집에서 안전하게 만드는 법,2,published,2026-05-21T00:00:00.000Z,,sha256:dad068b7eba7132d4c6e94acd4066fe3a5284a3180ebdf7ec4fd5df69b9b95cd,4,UNVERIFIED,not_semantically_classified,,,,false,NEEDS_HUMAN_REVIEW,Repository seed inventory only; body value and source support require separate review,db/seeds/blog-posts.ts,true
blog-682,/blog/dog-hot-pavement-paw-burn,blog,강아지 여름 아스팔트 발바닥 화상 — 2초 테스트와 예방,5,published,2026-12-22T09:00:00.000Z,,sha256:3f5640053a5a7d81bc7cf10e18fee33f9f17b3755cc9ac678f7f7e65333d0168,2,UNVERIFIED,not_semantically_classified,,,,false,NEEDS_HUMAN_REVIEW,Repository seed inventory only; body value and source support require separate review,db/seeds/blog-posts-112.ts,true
blog-dog-howling-guide,/blog/dog-howling-guide,blog,강아지 하울링 — 원인별로 다른 해결 접근법,5,published,,,sha256:42730d40f1c4f286baa01bf6602e0c2bb6b8c53e1acf6541e273ce9ba1680f7d,3,UNVERIFIED,not_semantically_classified,,,,false,NEEDS_HUMAN_REVIEW,Repository seed inventory only; body value and source support require separate review,db/seeds/blog-posts-12.ts,true
blog-dog-hydration-guide,/blog/dog-hydration-guide,blog,강아지 물 얼마나 마셔야 할까 — 탈수 신호와 수분 관리,2,published,,,sha256:577eb79b63463ebaf9637475f5a1b43bc286e7a13491103baa088b6a5979ece1,3,UNVERIFIED,not_semantically_classified,,,,false,NEEDS_HUMAN_REVIEW,Repository seed inventory only; body value and source support require separate review,db/seeds/blog-posts-6.ts,true
blog-731,/blog/dog-hypoglycemia-small-breed-puppy,blog,강아지 저혈당 — 소형 강아지 시기 응급 대처,3,published,2027-01-16T09:00:00.000Z,,sha256:11a776f7a3d41c27ae31c67f987e03973f1dc0dcb6d885fdd387d6c379346a0c,2,UNVERIFIED,not_semantically_classified,,,,false,NEEDS_HUMAN_REVIEW,Repository seed inventory only; body value and source support require separate review,db/seeds/blog-posts-122.ts,true
blog-541,/blog/dog-hypoglycemia-small-breeds,blog,소형견 저혈당증 — 갑자기 쓰러지는 강아지의 응급 대처법,3,published,2026-10-12T11:00:00.000Z,,sha256:1ac1338ef4d8f1d02b198238b637550d5c838404a9b0399545c52ed16fba21ca,2,UNVERIFIED,not_semantically_classified,,,,false,NEEDS_HUMAN_REVIEW,Repository seed inventory only; body value and source support require separate review,db/seeds/blog-posts-84.ts,true
seed-condition-dog-hypothyroidism,/condition/dog-hypothyroidism,condition,강아지 갑상선 기능 저하증 — 증상·원인·호르몬 치료,3,published,2026-05-22T00:00:00.000Z,,sha256:03c6846dcc2b5f9d79862a9e933ed04e55fe166ced89d2e5f8e960cd8939e14f,3,UNVERIFIED,not_semantically_classified,,,,false,NEEDS_HUMAN_REVIEW,Repository seed inventory only; body value and source support require separate review,db/seeds/contents.ts,true
blog-547,/blog/dog-hypothyroidism-guide,blog,강아지 갑상선 기능저하증 — 살찌고 무기력한 중년 강아지,3,published,2026-10-15T11:00:00.000Z,,sha256:1bba40fb17729f495b9bbd06ccb46ee9f925f10c2eebaa21006a521bba9e026b,2,UNVERIFIED,not_semantically_classified,,,,false,NEEDS_HUMAN_REVIEW,Repository seed inventory only; body value and source support require separate review,db/seeds/blog-posts-85.ts,true
blog-661,/blog/dog-imha-immune-hemolytic-anemia,blog,강아지 면역매개 용혈성 빈혈(IMHA) — 갑작스러운 빈혈의 원인,3,published,2026-12-11T11:00:00.000Z,,sha256:4841877b7d363204ed897714f570c589ccd76c83da2dfefaaf967eb871713e3d,2,UNVERIFIED,not_semantically_classified,,,,false,NEEDS_HUMAN_REVIEW,Repository seed inventory only; body value and source support require separate review,db/seeds/blog-posts-108.ts,true
blog-404,/blog/dog-indoor-play-summer-guide,blog,여름 실내 강아지 놀이 — 산책 못 나가는 날 에너지 소모하는 방법,5,published,2026-08-05T09:00:00.000Z,,sha256:d71a99e007a5326b584e8d25ba3ab60b030fe3b00a2fb4730b5ea6642cc2cd4f,3,UNVERIFIED,not_semantically_classified,,,,false,NEEDS_HUMAN_REVIEW,Repository seed inventory only; body value and source support require separate review,db/seeds/blog-posts-56.ts,true
blog-681,/blog/dog-insulinoma-low-glucose,blog,강아지 인슐린종 — 저혈당 발작이 반복될 때,3,published,2026-12-21T11:00:00.000Z,,sha256:d57fd7e5c5fd494c274e7ed48ff2bd2b0fbc7c47e9fa081f303c69d33eed1842,2,UNVERIFIED,not_semantically_classified,,,,false,NEEDS_HUMAN_REVIEW,Repository seed inventory only; body value and source support require separate review,db/seeds/blog-posts-112.ts,true
blog-215,/blog/dog-interactive-toy-guide,blog,강아지 인터랙티브 장난감 완전 가이드 — 두뇌 자극과 행동 충족,5,published,2026-06-29T09:00:00.000Z,,sha256:927ca9c3793122831996920cc4c9362daa8c49dc505c6f3c545df98d8a0ffbeb,0,UNVERIFIED,not_semantically_classified,,,,false,NEEDS_HUMAN_REVIEW,Repository seed inventory only; body value and source support require separate review,db/seeds/blog-posts-22.ts,true
blog-502,/blog/dog-ivdd-disc-surgery-guide,blog,강아지 추간판 탈출증(디스크) 수술 — 판단 기준과 회복 가이드,3,published,2026-09-23T09:00:00.000Z,,sha256:d26d404eb2dbdacbbb9b3836aaed4f67a9a7a0e2390f55d8f58628c33b0a7290,2,UNVERIFIED,not_semantically_classified,,,,false,NEEDS_HUMAN_REVIEW,Repository seed inventory only; body value and source support require separate review,db/seeds/blog-posts-76.ts,true
blog-dog-ivdd-guide,/blog/dog-ivdd-guide,blog,강아지 추간판 질환(IVDD) — 갑자기 뒷다리를 못 쓴다면,3,published,,,sha256:3e9c88443214316cb2a9d36181ab804e3cce714a71654e9f7a9761700a0ebd32,3,UNVERIFIED,not_semantically_classified,,,,false,NEEDS_HUMAN_REVIEW,Repository seed inventory only; body value and source support require separate review,db/seeds/blog-posts-8.ts,true
cond-dog-joint-arthritis,/condition/dog-joint-arthritis,condition,강아지 관절염 — 증상·노령견 관리법,3,review_queue,,,sha256:5dc274c322106857fca82aa657929aa2661c41844ed904307082d4dcbc1ade25,1,UNVERIFIED,not_semantically_classified,,,,false,NEEDS_HUMAN_REVIEW,Repository seed inventory only; body value and source support require separate review,db/seeds/conditions-batch-1.ts,true
blog-153,/blog/dog-joint-health-diet,blog,강아지 관절 건강 식이 가이드 — 음식·영양제 선택법,2,published,2026-06-16T11:00:00.000Z,,sha256:56ef026059d6cfcbd0db527cb97968b15b7665250a527acefaf5f97f85dfb6ce,0,UNVERIFIED,not_semantically_classified,,,,false,NEEDS_HUMAN_REVIEW,Repository seed inventory only; body value and source support require separate review,db/seeds/blog-posts-16.ts,true
blog-597,/blog/dog-joint-supplement-evidence,blog,강아지 관절 보충제 — 글루코사민이 실제로 효과 있는가,2,published,2026-11-09T11:00:00.000Z,,sha256:cffce323a1160510f9bb588b2a8c908ac2c45edca69b3b2e3862bf5f1b8349bb,2,UNVERIFIED,not_semantically_classified,,,,false,NEEDS_HUMAN_REVIEW,Repository seed inventory only; body value and source support require separate review,db/seeds/blog-posts-95.ts,true
blog-144,/blog/dog-jumping-training,blog,강아지 점프 행동 교정 — 사람에게 뛰어오르는 습관 없애기,5,published,2026-06-14T14:00:00.000Z,,sha256:67fdb4ba10087de48049dd5a99e316a990f4ec290ac7554b492b33cb2ca4e10b,0,UNVERIFIED,not_semantically_classified,,,,false,NEEDS_HUMAN_REVIEW,Repository seed inventory only; body value and source support require separate review,db/seeds/blog-posts-15.ts,true
seed-condition-dog-kennel-cough,/condition/dog-kennel-cough,condition,강아지 켄넬코프 (전염성 기관지염),3,published,2026-05-18T00:00:00.000Z,,sha256:71f83c65aa01e0921f425d2057993ccf6000d2320c68a249d7e727cda2e75036,3,UNVERIFIED,not_semantically_classified,,,,false,NEEDS_HUMAN_REVIEW,Repository seed inventory only; body value and source support require separate review,db/seeds/contents.ts,true
blog-dog-kennel-cough-guide,/blog/dog-kennel-cough-guide,blog,강아지 켄넬코프 완전 가이드 — 증상·전파·격리·예방접종,3,published,,,sha256:4bcf70260e9d6deba97bc74aafbacff53879daa15815285fd9f76264c365fdb9,3,UNVERIFIED,not_semantically_classified,,,,false,NEEDS_HUMAN_REVIEW,Repository seed inventory only; body value and source support require separate review,db/seeds/blog-posts-14.ts,true
blog-563,/blog/dog-kennel-cough-guide,blog,"강아지 켄넬코프 — 기침하는 강아지, 얼마나 심각한가",3,published,2026-10-23T11:00:00.000Z,,sha256:f1621cc163daa2ebfe4c23d2ff9a26915c6a838fae943eea661b1e7ce703b33a,2,UNVERIFIED,not_semantically_classified,,,,false,NEEDS_HUMAN_REVIEW,Repository seed inventory only; body value and source support require separate review,db/seeds/blog-posts-88.ts,true
blog-570,/blog/dog-leash-law-and-vicious-dogs,blog,강아지 목줄 의무와 맹견 관리 — 법적 기준 완전 정리,4,published,2026-10-27T09:00:00.000Z,,sha256:63a85c90e706cec2d0ecc07fb1513b053ed0ef5773f05517deb87e5fd3016a4a,2,UNVERIFIED,not_semantically_classified,,,,false,NEEDS_HUMAN_REVIEW,Repository seed inventory only; body value and source support require separate review,db/seeds/blog-posts-89.ts,true
blog-335,/blog/dog-leash-pulling-correction-guide,blog,강아지 산책 줄 당기기 교정 — 왜 당기는지 이해하면 방법이 보인다,1,published,2026-07-01T11:00:00.000Z,,sha256:240dcb1b7b0c606dfa2ea39252c22a5c4a87e62758a96e67be53602e41195586,3,UNVERIFIED,not_semantically_classified,,,,false,NEEDS_HUMAN_REVIEW,Repository seed inventory only; body value and source support require separate review,db/seeds/blog-posts-42.ts,true
blog-143,/blog/dog-leash-pulling-guide,blog,강아지 산책 줄 당기기 교정 — 느슨한 줄 걷기 완성하는 법,5,published,2026-06-14T09:00:00.000Z,,sha256:972970b4eb2d6cb39dfb7a283aa056a4af208a0a685fdb09ca431a8def3bda8f,0,UNVERIFIED,not_semantically_classified,,,,false,NEEDS_HUMAN_REVIEW,Repository seed inventory only; body value and source support require separate review,db/seeds/blog-posts-15.ts,true
blog-703,/blog/dog-leash-reactivity-training,blog,강아지 리쉬 반응성 — 산책 중 짖고 달려드는 행동 교정,5,published,2027-01-02T09:00:00.000Z,,sha256:e4d097842e1adb0d59547a27c1886f2de27275513d49a9ee2c8df65266678e83,2,UNVERIFIED,not_semantically_classified,,,,false,NEEDS_HUMAN_REVIEW,Repository seed inventory only; body value and source support require separate review,db/seeds/blog-posts-116.ts,true
blog-577,/blog/dog-leptospirosis-prevention,blog,강아지 렙토스피라증 — 물·쥐 접촉으로 감염되는 인수공통 질환,3,published,2026-10-30T11:00:00.000Z,,sha256:80d392afdce816a0eb30a3b97ebe47d4c13c1dd91628d255e0fa69737b4c152f,2,UNVERIFIED,not_semantically_classified,,,,false,NEEDS_HUMAN_REVIEW,Repository seed inventory only; body value and source support require separate review,db/seeds/blog-posts-91.ts,true
blog-621,/blog/dog-lipoma-fatty-tumor-guide,blog,강아지 지방종 — 혹이 생겼는데 수술이 필요한가,3,published,2026-11-21T11:00:00.000Z,,sha256:ad6298df21bc043a0454e741935a82e4f69ae192886f8e6432598c28869a441e,2,UNVERIFIED,not_semantically_classified,,,,false,NEEDS_HUMAN_REVIEW,Repository seed inventory only; body value and source support require separate review,db/seeds/blog-posts-100.ts,true
blog-409,/blog/dog-liver-disease-early-signs,blog,강아지 간 질환 초기 신호 — 조용히 진행되는 침묵의 장기,3,published,2026-08-07T11:00:00.000Z,,sha256:2a82d8a9f6e541b05479e3d87af700f0385fee4cac03b20e631a88f33dc9849f,3,UNVERIFIED,not_semantically_classified,,,,false,NEEDS_HUMAN_REVIEW,Repository seed inventory only; body value and source support require separate review,db/seeds/blog-posts-57.ts,true
blog-571,/blog/dog-liver-disease-management,blog,강아지 간 질환 — ALT 수치 높게 나왔을 때 알아야 할 것,3,published,2026-10-27T11:00:00.000Z,,sha256:1ef4b264ed5899fd8422e5675a52c5c6cc7cf5ce91d59250650e4ab141117df8,2,UNVERIFIED,not_semantically_classified,,,,false,NEEDS_HUMAN_REVIEW,Repository seed inventory only; body value and source support require separate review,db/seeds/blog-posts-90.ts,true
blog-582,/blog/dog-loose-leash-walking,blog,강아지 느슨한 리드줄 산책 훈련 — 끌고 다니지 않고 함께 걷기,5,published,2026-11-02T09:00:00.000Z,,sha256:e9370e395bc285f542eda321f23cae7e19cf887429f0466cfb6f8b6ee6858592,2,UNVERIFIED,not_semantically_classified,,,,false,NEEDS_HUMAN_REVIEW,Repository seed inventory only; body value and source support require separate review,db/seeds/blog-posts-92.ts,true
blog-536,/blog/dog-low-sodium-diet-guide,blog,강아지 저나트륨 식이 — 심장·신장 질환 강아지 보호자 필독,2,published,2026-10-10T09:00:00.000Z,,sha256:8ea5ab215056d95d281e2a4f7caa8c7121b39587f2b4593ee58cb8fae6a10070,2,UNVERIFIED,not_semantically_classified,,,,false,NEEDS_HUMAN_REVIEW,Repository seed inventory only; body value and source support require separate review,db/seeds/blog-posts-83.ts,true
blog-701,/blog/dog-lyme-disease-tick-prevention,blog,강아지 라임병 — 진드기 매개 감염과 예방,3,published,2027-01-01T09:00:00.000Z,,sha256:3c5eb00ddcaffd3f8aa7b92f3d3c8d895d96db10dd46530423704e8f10ad39e8,2,UNVERIFIED,not_semantically_classified,,,,false,NEEDS_HUMAN_REVIEW,Repository seed inventory only; body value and source support require separate review,db/seeds/blog-posts-116.ts,true
blog-420,/blog/dog-lyme-disease-tick-prevention,blog,강아지 라임병·진드기 매개 질환 — 산책 후 확인해야 하는 이유,3,published,2026-08-13T09:00:00.000Z,,sha256:83ecaf2ae8020a86ba845ec098d878383e4abf6e2a866259c6689db5df71a3ef,3,UNVERIFIED,not_semantically_classified,,,,false,NEEDS_HUMAN_REVIEW,Repository seed inventory only; body value and source support require separate review,db/seeds/blog-posts-59.ts,true
blog-427,/blog/dog-mast-cell-tumor-guide,blog,강아지 비만세포종 — 피부 혹이 전부 지방종은 아니다,3,published,2026-08-16T11:00:00.000Z,,sha256:1d9acd204006694a760c2c7789e8f7273aaddb37276b2baaed6c93ae2e142246,2,UNVERIFIED,not_semantically_classified,,,,false,NEEDS_HUMAN_REVIEW,Repository seed inventory only; body value and source support require separate review,db/seeds/blog-posts-61.ts,true
blog-518,/blog/dog-mast-cell-tumor-guide,blog,강아지 비만세포종(MCT) — 피부 혹을 발견했을 때 알아야 할 것,3,published,2026-10-01T09:00:00.000Z,,sha256:d844a4c96c3bcd22bc0676e2ecb06e7a21d48a6354f6c05549e7eec80379e129,2,UNVERIFIED,not_semantically_classified,,,,false,NEEDS_HUMAN_REVIEW,Repository seed inventory only; body value and source support require separate review,db/seeds/blog-posts-79.ts,true
blog-652,/blog/dog-meningoencephalitis-guide,blog,강아지 수막염·뇌염 — 갑작스러운 신경 증상의 원인,3,published,2026-12-07T09:00:00.000Z,,sha256:e9a0ccb710780256ac30b70aa1029a8c9402461e98f03b7cf571ebdbfc64b355,2,UNVERIFIED,not_semantically_classified,,,,false,NEEDS_HUMAN_REVIEW,Repository seed inventory only; body value and source support require separate review,db/seeds/blog-posts-106.ts,true
blog-725,/blog/dog-muzzle-positive-training,blog,강아지 입마개 훈련 — 처벌 없이 자연스럽게 익히기,5,published,2027-01-13T09:00:00.000Z,,sha256:e3e99ce42aca3ea453b524f9304601b26a14a8ce953f35f2297da5a9702b4bf0,2,UNVERIFIED,not_semantically_classified,,,,false,NEEDS_HUMAN_REVIEW,Repository seed inventory only; body value and source support require separate review,db/seeds/blog-posts-120.ts,true
blog-521,/blog/dog-mvd-mitral-valve-disease,blog,강아지 승모판 질환(MVD) — 심잡음 진단 후 보호자가 알아야 할 것,3,published,2026-10-02T11:00:00.000Z,,sha256:4a2fc64f7a914462ef6e6a05fdaf8bfa8298b95797db65e78ef212d230262345,2,UNVERIFIED,not_semantically_classified,,,,false,NEEDS_HUMAN_REVIEW,Repository seed inventory only; body value and source support require separate review,db/seeds/blog-posts-80.ts,true
blog-649,/blog/dog-nail-grinding-dremel-guide,blog,강아지 발톱 그라인더(드레멜) 사용법 — 클리퍼가 무서운 강아지에게,5,published,2026-12-05T11:00:00.000Z,,sha256:e95023a9a22d4bb950abd22115ebf09015a7b93ba8c9ef8757e4f08ff1b14672,2,UNVERIFIED,not_semantically_classified,,,,false,NEEDS_HUMAN_REVIEW,Repository seed inventory only; body value and source support require separate review,db/seeds/blog-posts-105.ts,true
blog-289,/blog/dog-nail-trimming-complete-guide,blog,강아지 발톱 관리 완전 가이드 — 직접 자르는 방법과 주기,5,published,2026-06-07T12:00:00.000Z,,sha256:e0ba2b48ec839a09141835c8c717a4d68ae69507b84d2635138b26c84f042b23,2,UNVERIFIED,not_semantically_classified,,,,false,NEEDS_HUMAN_REVIEW,Repository seed inventory only; body value and source support require separate review,db/seeds/blog-posts-33.ts,true
blog-dog-nail-trimming-guide,/blog/dog-nail-trimming-guide,blog,강아지 발톱 손질 완전 가이드 — 혼자 하는 법과 주의사항,5,published,,,sha256:ff809fbc247cb12232036c0e72d7a5a07f9f0fd841ba5d6d53ee33205e2c4e31,3,UNVERIFIED,not_semantically_classified,,,,false,NEEDS_HUMAN_REVIEW,Repository seed inventory only; body value and source support require separate review,db/seeds/blog-posts-10.ts,true
blog-540,/blog/dog-nail-trimming-guide,blog,"강아지 발톱 관리 완전 가이드 — 얼마나 자주, 어떻게",5,published,2026-10-12T09:00:00.000Z,,sha256:3944b8a70c53be7a0832710bdf796e248fe8d1e459ae4dfcc032320f96f9146f,2,UNVERIFIED,not_semantically_classified,,,,false,NEEDS_HUMAN_REVIEW,Repository seed inventory only; body value and source support require separate review,db/seeds/blog-posts-83.ts,true
blog-433,/blog/dog-nasal-discharge-guide,blog,강아지 코 분비물 — 맑은 콧물부터 피까지 원인 구분법,3,published,2026-08-19T11:00:00.000Z,,sha256:ae1dcf6afcad7ddb42e2b00e3bd25bc5d41a5f832830cae650600ca2c5d56401,2,UNVERIFIED,not_semantically_classified,,,,false,NEEDS_HUMAN_REVIEW,Repository seed inventory only; body value and source support require separate review,db/seeds/blog-posts-62.ts,true
blog-736,/blog/dog-nasal-tumor-symptoms-guide,blog,강아지 비강 종양 — 한쪽 코피·재채기가 반복될 때,3,published,2027-01-18T11:00:00.000Z,,sha256:c2fe8210b784499949924282a58e78602c1f8e87db411bb5967fdbc5cde2148e,2,UNVERIFIED,not_semantically_classified,,,,false,NEEDS_HUMAN_REVIEW,Repository seed inventory only; body value and source support require separate review,db/seeds/blog-posts-123.ts,true
blog-266,/blog/dog-neuter-insurance-claim,blog,강아지·고양이 중성화 수술 비용과 펫보험 보상 여부 — 2024년 기준 정리,4,published,2026-06-04T14:00:00.000Z,,sha256:b2c33ac5fa81aa3c581e06f999240260b0388baa37ba939dc8ccfc632016ac5b,3,UNVERIFIED,not_semantically_classified,,,,false,NEEDS_HUMAN_REVIEW,Repository seed inventory only; body value and source support require separate review,db/seeds/blog-posts-29.ts,true
blog-dog-neutering-guide,/blog/dog-neutering-guide,blog,강아지 중성화 수술 완전 가이드 — 시기·비용·회복까지,3,published,,,sha256:2e886eabeaa537f42ce579ca23861cc3944f5137fb4c497ccacd3d557dd26786,3,UNVERIFIED,not_semantically_classified,,,,false,NEEDS_HUMAN_REVIEW,Repository seed inventory only; body value and source support require separate review,db/seeds/blog-posts-14.ts,true
seed-guide-dog-neutering-spaying,/guide/dog-neutering-spaying-guide,guide,강아지 중성화 수술 완벽 가이드 — 시기·장단점·주의사항,1,published,2026-05-22T00:00:00.000Z,,sha256:4b90e7561364e8c281373dd0fe267d62c5f378f158fd8ec8b4adbca6192de9b5,3,UNVERIFIED,not_semantically_classified,,,,false,NEEDS_HUMAN_REVIEW,Repository seed inventory only; body value and source support require separate review,db/seeds/contents.ts,true
blog-385,/blog/dog-neutering-timing-complete,blog,강아지 중성화 시기 — 소형견과 대형견이 달라야 하는 이유,1,published,2026-07-26T11:00:00.000Z,,sha256:bf443930e903946a7617f7a851bf19d68df2eb5950359f25657a6f6c242561c1,3,UNVERIFIED,not_semantically_classified,,,,false,NEEDS_HUMAN_REVIEW,Repository seed inventory only; body value and source support require separate review,db/seeds/blog-posts-52.ts,true
blog-740,/blog/dog-nose-work-scent-training-basics,blog,강아지 노즈워크 — 집에서 하는 후각 훈련 기초,5,published,2027-01-20T11:00:00.000Z,,sha256:da1ba1a8bed3ab1dfa21f691ca8b4e2e0a1a21a24e9c58bc91c24199ad112594,2,UNVERIFIED,not_semantically_classified,,,,false,NEEDS_HUMAN_REVIEW,Repository seed inventory only; body value and source support require separate review,db/seeds/blog-posts-123.ts,true
blog-dog-nosework-guide,/blog/dog-nosework-guide,blog,강아지 노즈워크 입문 — 후각 훈련의 모든 것,5,published,,,sha256:328864520020cda9e463da7a765f412d3cd50a9537325164c85af8f7f6ab90da,3,UNVERIFIED,not_semantically_classified,,,,false,NEEDS_HUMAN_REVIEW,Repository seed inventory only; body value and source support require separate review,db/seeds/blog-posts-14.ts,true
blog-583,/blog/dog-nosework-puzzle-enrichment,blog,강아지 노즈워크 & 퍼즐 게임 — 15분이 2시간 운동에 맞먹는 이유,5,published,2026-11-02T11:00:00.000Z,,sha256:6c25278e52278f2922b5e398d4c7fdff554ca1524bc9e8fd2b2e05ce2d85e2f5,2,UNVERIFIED,not_semantically_classified,,,,false,NEEDS_HUMAN_REVIEW,Repository seed inventory only; body value and source support require separate review,db/seeds/blog-posts-92.ts,true
seed-guide-dog-nutrition-basics,/guide/dog-nutrition-basics,guide,강아지 영양 기초 가이드 — 5대 영양소와 올바른 급여 방법,2,published,2026-05-19T00:00:00.000Z,,sha256:bd5c117f8f6f54124e52bca975acd08cb3d1e500b859d17dbbffb3cc6fe3ca94,3,UNVERIFIED,not_semantically_classified,,,,false,NEEDS_HUMAN_REVIEW,Repository seed inventory only; body value and source support require separate review,db/seeds/contents.ts,true
blog-608,/blog/dog-obesity-health-risks,blog,강아지 비만 — '통통해서 귀엽다'가 수명을 2년 줄이는 이유,3,published,2026-11-15T09:00:00.000Z,,sha256:53220b07b52f80928299156641be884b6f1af16a4f0ca66c77cb92c9e665eeb2,2,UNVERIFIED,not_semantically_classified,,,,false,NEEDS_HUMAN_REVIEW,Repository seed inventory only; body value and source support require separate review,db/seeds/blog-posts-97.ts,true
cond-dog-obesity-management,/condition/dog-obesity-management,condition,강아지 비만 관리 — 체중 체크·식이 조절,3,review_queue,,,sha256:48c603b85b5f1a39bb263e4fdbf0137f5822fe691d862199ac0c52335713b85f,1,UNVERIFIED,not_semantically_classified,,,,false,NEEDS_HUMAN_REVIEW,Repository seed inventory only; body value and source support require separate review,db/seeds/conditions-batch-1.ts,true
blog-290,/blog/dog-obesity-prevention-activity-guide,blog,강아지 비만 예방 — 체중 관리와 적정 운동량의 현실적인 기준,5,published,2026-06-07T13:00:00.000Z,,sha256:7efc1b0eb890598454cf4dc3c02330276f6fe2e8b7480bb0413338921c79fdf0,3,UNVERIFIED,not_semantically_classified,,,,false,NEEDS_HUMAN_REVIEW,Repository seed inventory only; body value and source support require separate review,db/seeds/blog-posts-33.ts,true
blog-320,/blog/dog-obesity-weight-management-guide,blog,강아지 비만 — 귀여워 보이는 살이 수명을 2년 줄이는 이유,3,published,2026-06-24T09:00:00.000Z,,sha256:9f9dcb232959b7eac8660fcc045f65177619c922ec48251a85b4d6b417080878,3,UNVERIFIED,not_semantically_classified,,,,false,NEEDS_HUMAN_REVIEW,Repository seed inventory only; body value and source support require separate review,db/seeds/blog-posts-39.ts,true
blog-dog-odor-management,/blog/dog-odor-management,blog,강아지 냄새 관리 — 원인별로 다른 해결법,5,published,,,sha256:205ac746bb927d0c5703c383fcf38691562c26d4f93523023d945b3361d02955,3,UNVERIFIED,not_semantically_classified,,,,false,NEEDS_HUMAN_REVIEW,Repository seed inventory only; body value and source support require separate review,db/seeds/blog-posts-11.ts,true
blog-709,/blog/dog-off-leash-park-safety-guide,blog,반려견 놀이터(오프리쉬) 안전 이용 완전 가이드,5,published,2027-01-05T09:00:00.000Z,,sha256:e662d3f568ff317974628b12d49b54e36c835b350bb0c72490f095c07b5f148f,2,UNVERIFIED,not_semantically_classified,,,,false,NEEDS_HUMAN_REVIEW,Repository seed inventory only; body value and source support require separate review,db/seeds/blog-posts-117.ts,true
blog-383,/blog/dog-omega3-supplement-guide,blog,강아지 오메가3 보충제 — 언제 줘야 하고 얼마나 줘야 하나,2,published,2026-07-25T11:00:00.000Z,,sha256:12e9fab692fe831273a2f5fa4c603edd505596b21cc587577bc67041aed7dd76,3,UNVERIFIED,not_semantically_classified,,,,false,NEEDS_HUMAN_REVIEW,Repository seed inventory only; body value and source support require separate review,db/seeds/blog-posts-52.ts,true
blog-716,/blog/dog-osteosarcoma-bone-cancer,blog,강아지 골육종 — 다리 절뚝임이 뼈암일 때,3,published,2027-01-08T11:00:00.000Z,,sha256:0107b4259669158bb40a3ce0a74224dc92b89897b3ed24c3815f87a3fdc14472,2,UNVERIFIED,not_semantically_classified,,,,false,NEEDS_HUMAN_REVIEW,Repository seed inventory only; body value and source support require separate review,db/seeds/blog-posts-119.ts,true
blog-dog-otitis-externa-guide,/blog/dog-otitis-externa-guide,blog,강아지 외이염 — 원인·증상·치료·재발 예방까지,3,published,,,sha256:d8ebeb34078a1b36e1d4721ee1c2cf021c206b25cf7b21d4b7466654b0b12fc6,3,UNVERIFIED,not_semantically_classified,,,,false,NEEDS_HUMAN_REVIEW,Repository seed inventory only; body value and source support require separate review,db/seeds/blog-posts-7.ts,true
seed-condition-dog-pancreatitis,/condition/dog-pancreatitis,condition,강아지 췌장염 — 증상·원인·식이 관리,3,published,2026-05-20T00:00:00.000Z,,sha256:f6cfc749a70e0bf2f99a9f2e0133fcaa9c5ffb940dec6a042a98bec2fe31af50,3,UNVERIFIED,not_semantically_classified,,,,false,NEEDS_HUMAN_REVIEW,Repository seed inventory only; body value and source support require separate review,db/seeds/contents.ts,true
blog-463,/blog/dog-pancreatitis-diet,blog,강아지 췌장염 식이 관리 — 무엇을 먹이고 무엇을 피해야 하나,3,published,2026-09-03T11:00:00.000Z,,sha256:2dd3b30f1fd8885ab1e41543dbbcaec6381622f082627795ff3a5ef67f1e63ff,2,UNVERIFIED,not_semantically_classified,,,,false,NEEDS_HUMAN_REVIEW,Repository seed inventory only; body value and source support require separate review,db/seeds/blog-posts-68.ts,true
blog-329,/blog/dog-pancreatitis-guide,blog,강아지 췌장염 — 기름진 음식 한 번이 응급실로 이어질 수 있다,3,published,2026-06-28T11:00:00.000Z,,sha256:0b917874efa9dce1f7ee0100709e33a4e892671889f61345283bc32d4cd8c667,3,UNVERIFIED,not_semantically_classified,,,,false,NEEDS_HUMAN_REVIEW,Repository seed inventory only; body value and source support require separate review,db/seeds/blog-posts-41.ts,true
blog-243,/blog/dog-pancreatitis-symptoms-diet,blog,강아지 췌장염 — 기름진 음식 먹은 뒤 구토·복통이 계속된다면,3,published,2026-06-02T11:00:00.000Z,,sha256:8b2b12d5008e0233368b5923ca8b175d41fb14459ba0c23e8d4e8d8fddec4d65,3,UNVERIFIED,not_semantically_classified,,,,false,NEEDS_HUMAN_REVIEW,Repository seed inventory only; body value and source support require separate review,db/seeds/blog-posts-25.ts,true
blog-636,/blog/dog-pannus-eye-disease,blog,강아지 파누스(각막 혈관 신생) — 셰퍼드·콜리 보호자 필독,3,published,2026-11-29T09:00:00.000Z,,sha256:bc5ef2ccbc547876bd534a43b5a90af51b4a149d2816c93445bc2fdb661ba6e0,2,UNVERIFIED,not_semantically_classified,,,,false,NEEDS_HUMAN_REVIEW,Repository seed inventory only; body value and source support require separate review,db/seeds/blog-posts-103.ts,true
guide-dog-parasite-prevention,/guide/dog-parasite-prevention-guide,guide,강아지 기생충 예방 완벽 가이드 — 심장사상충·벼룩·진드기·회충,5,published,,,sha256:2d05da9c246c2c042da64977b8902553a3bcc629f10a7ab5e0ca7950ca8dbfb8,0,UNVERIFIED,not_semantically_classified,,,,false,NEEDS_HUMAN_REVIEW,Repository seed inventory only; body value and source support require separate review,db/seeds/guides-batch-3.ts,true
blog-422,/blog/dog-park-etiquette-complete-guide,blog,강아지 공원 에티켓 — 모두가 즐거운 공간을 위한 기준,5,published,2026-08-14T09:00:00.000Z,,sha256:4e7f02be38c33663e9627a0b8ada9db28e3c9318d0a3957aa8d4d03ecffa9133,3,UNVERIFIED,not_semantically_classified,,,,false,NEEDS_HUMAN_REVIEW,Repository seed inventory only; body value and source support require separate review,db/seeds/blog-posts-60.ts,true
blog-631,/blog/dog-parvo-distemper-prevention,blog,파보바이러스와 홍역 — 강아지를 죽일 수 있는 두 질환의 예방,3,published,2026-11-26T11:00:00.000Z,,sha256:43fcbc007f266846fb8b1730278bf5fda44355d038f6832e5af9c1d4c35a279a,2,UNVERIFIED,not_semantically_classified,,,,false,NEEDS_HUMAN_REVIEW,Repository seed inventory only; body value and source support require separate review,db/seeds/blog-posts-102.ts,true
seed-condition-dog-parvovirus,/condition/dog-parvovirus,condition,강아지 파보바이러스 — 증상·감염·치료·예방 접종,3,published,2026-05-22T00:00:00.000Z,,sha256:595f25cd1594bc192bd8bbe72f35cdcfd90eb9cd85dab61789144dfa7d5520ed,3,UNVERIFIED,not_semantically_classified,,,,false,NEEDS_HUMAN_REVIEW,Repository seed inventory only; body value and source support require separate review,db/seeds/contents.ts,true
blog-dog-patella-luxation,/blog/dog-patella-luxation,blog,강아지 슬개골 탈구 — 증상·등급·수술 기준 완전 가이드,3,published,2026-05-22T11:00:00.000Z,,sha256:6fb07a9efb429e34addd111c076f52c8fdc6d133a66726f731809e244eb86575,4,UNVERIFIED,not_semantically_classified,,,,false,NEEDS_HUMAN_REVIEW,Repository seed inventory only; body value and source support require separate review,db/seeds/blog-posts-2.ts,true
blog-491,/blog/dog-patella-surgery-recovery,blog,"강아지 슬개골 수술 후 회복 — 보호자가 해야 할 것, 피해야 할 것",3,published,2026-09-17T11:00:00.000Z,,sha256:db33dd35eeec9e1763acaca182d3aae17c45b04803d173ba168c325f6b51d101,2,UNVERIFIED,not_semantically_classified,,,,false,NEEDS_HUMAN_REVIEW,Repository seed inventory only; body value and source support require separate review,db/seeds/blog-posts-74.ts,true
condition-dog-patellar-luxation,/condition/dog-patellar-luxation,condition,강아지 슬개골 탈구 — 증상·단계·수술 기준,3,review_queue,,,sha256:92f5707f3d7b3ed08d13cf985ab6721daa9b9e6fb58903911b4108d001f5f65c,1,UNVERIFIED,not_semantically_classified,,,,false,NEEDS_HUMAN_REVIEW,Repository seed inventory only; body value and source support require separate review,db/seeds/conditions-batch-2.ts,true
seed-guide-dog-patellar-luxation,/guide/dog-patellar-luxation,guide,반려견 슬개골 탈구 — 증상·단계·치료,3,published,2026-05-10T00:00:00.000Z,,sha256:0809c8d9ef511449619c471ad7df6404a70f9281c57598095e34a6dbbdb067b8,3,UNVERIFIED,not_semantically_classified,,,,false,NEEDS_HUMAN_REVIEW,Repository seed inventory only; body value and source support require separate review,db/seeds/contents.ts,true
blog-461,/blog/dog-patellar-luxation-guide,blog,강아지 슬개골 탈구 — 단계별 증상과 수술 기준 완전 정리,3,published,2026-09-02T11:00:00.000Z,,sha256:7db0ef6026434d016493c588727f987d0b5460f33dda51ced5f17f6d752c3ca7,2,UNVERIFIED,not_semantically_classified,,,,false,NEEDS_HUMAN_REVIEW,Repository seed inventory only; body value and source support require separate review,db/seeds/blog-posts-68.ts,true
cond-dog-patellar-luxation,/condition/dog-patellar-luxation-stages,condition,강아지 슬개골 탈구 — 증상·단계·치료·예방,3,review_queue,,,sha256:fbfafe167d781cc26a32681f2e09766bd0af19c5abeda794fa531f97cf5d6fd1,1,UNVERIFIED,not_semantically_classified,,,,false,NEEDS_HUMAN_REVIEW,Repository seed inventory only; body value and source support require separate review,db/seeds/conditions-batch-1.ts,true
blog-161,/blog/dog-paw-care-guide,blog,강아지 발바닥 관리 완전 가이드 — 갈라짐·화상·이물질 대처법,3,published,2026-06-18T03:00:00.000Z,,sha256:306326647646c637ac1abbcea3bc7c801a8a6a843cf062b0103d7f89178fde4b,2,UNVERIFIED,not_semantically_classified,,,,false,NEEDS_HUMAN_REVIEW,Repository seed inventory only; body value and source support require separate review,db/seeds/blog-posts-17.ts,true
blog-324,/blog/dog-paw-care-guide,blog,강아지 발바닥 관리 — 계절별 주의사항과 발톱·패드 케어 완전 가이드,5,published,2026-06-26T09:00:00.000Z,,sha256:54afb0967e5b8426f3ee50dc714c8ed8491af7833529c379c7c94c5ae953b537,3,UNVERIFIED,not_semantically_classified,,,,false,NEEDS_HUMAN_REVIEW,Repository seed inventory only; body value and source support require separate review,db/seeds/blog-posts-40.ts,true
blog-696,/blog/dog-pericardial-effusion-guide,blog,강아지 심낭삼출 — 심장 주변에 물이 차는 응급 상황,3,published,2026-12-29T09:00:00.000Z,,sha256:7cb1a8f0898d1d45588da71590b495d8c65b421e2d5cb0a666b42700aeb4776e,2,UNVERIFIED,not_semantically_classified,,,,false,NEEDS_HUMAN_REVIEW,Repository seed inventory only; body value and source support require separate review,db/seeds/blog-posts-115.ts,true
blog-500,/blog/dog-playdate-setup-guide,blog,강아지 플레이데이트 설계 — 좋은 만남과 나쁜 만남의 차이,5,published,2026-09-22T09:00:00.000Z,,sha256:3713a25c42749525ba6bed3afc9a0904a73cb73fffbe5a66a91817eaef8a6386,2,UNVERIFIED,not_semantically_classified,,,,false,NEEDS_HUMAN_REVIEW,Repository seed inventory only; body value and source support require separate review,db/seeds/blog-posts-75.ts,true
blog-dog-poisoning-first-aid,/blog/dog-poisoning-first-aid,blog,강아지 독성 물질 섭취 — 응급 처치와 해서는 안 되는 것,3,published,,,sha256:ebcb6cab6b78adfbd9526735cc8b1ee92467e836d63d763642e61100fad2e7a1,3,UNVERIFIED,not_semantically_classified,,,,false,NEEDS_HUMAN_REVIEW,Repository seed inventory only; body value and source support require separate review,db/seeds/blog-posts-9.ts,true
blog-595,/blog/dog-positive-reinforcement-basics,blog,강아지 긍정 강화 훈련 기초 — 왜 칭찬이 체벌보다 효과적인가,1,published,2026-11-08T11:00:00.000Z,,sha256:6eed36dc98f155cf1984f374b008e9727bb67e524e538f56b7f75d2f37c4c2f5,2,UNVERIFIED,not_semantically_classified,,,,false,NEEDS_HUMAN_REVIEW,Repository seed inventory only; body value and source support require separate review,db/seeds/blog-posts-94.ts,true
blog-142,/blog/dog-potty-training-guide,blog,강아지 배변 훈련 완전 가이드 — 실수 없애는 단계별 방법,5,published,2026-06-14T04:00:00.000Z,,sha256:1c40af44b41a28fb000f8ff82bbe69dd49e97d7a506cb177db0bcf9979d038c0,0,UNVERIFIED,not_semantically_classified,,,,false,NEEDS_HUMAN_REVIEW,Repository seed inventory only; body value and source support require separate review,db/seeds/blog-posts-15.ts,true
blog-156,/blog/dog-probiotic-guide,blog,강아지 프로바이오틱스 — 장 건강과 면역력 완전 가이드,2,published,2026-06-17T02:00:00.000Z,,sha256:3053975e4d447a917f3db4bb4b32e1f69adde4456c1d8124a07a9636e96e64ef,0,UNVERIFIED,not_semantically_classified,,,,false,NEEDS_HUMAN_REVIEW,Repository seed inventory only; body value and source support require separate review,db/seeds/blog-posts-16.ts,true
blog-612,/blog/dog-probiotic-prebiotic-guide,blog,강아지 프로바이오틱스 — 언제 필요하고 어떤 제품을 골라야 하나,2,published,2026-11-17T09:00:00.000Z,,sha256:756e130e691cb4d373503a81fda6ff34bcaf46b85d4026ead9865afedcc5d9fa,2,UNVERIFIED,not_semantically_classified,,,,false,NEEDS_HUMAN_REVIEW,Repository seed inventory only; body value and source support require separate review,db/seeds/blog-posts-98.ts,true
blog-393,/blog/dog-probiotic-supplement-guide,blog,강아지 유산균 보충제 — 언제 필요하고 어떤 것을 골라야 하나,2,published,2026-07-30T11:00:00.000Z,,sha256:5d7048858a9df1958068ef30d707056f75936fc034c16da95961285af8f1e368,3,UNVERIFIED,not_semantically_classified,,,,false,NEEDS_HUMAN_REVIEW,Repository seed inventory only; body value and source support require separate review,db/seeds/blog-posts-54.ts,true
blog-726,/blog/dog-prostate-disease-intact-male,blog,강아지 전립선 질환 — 중성화하지 않은 수컷의 위험,3,published,2027-01-13T11:00:00.000Z,,sha256:cb9858660b3f7f8098ce4eff8452e431be10895d03aaa5897cbab26103ce98b2,2,UNVERIFIED,not_semantically_classified,,,,false,NEEDS_HUMAN_REVIEW,Repository seed inventory only; body value and source support require separate review,db/seeds/blog-posts-121.ts,true
blog-557,/blog/dog-protein-rotation-diet,blog,"강아지 단백질 순환 식이 — 효과가 있는가, 없는가",2,published,2026-10-20T11:00:00.000Z,,sha256:1aa718b62523651eb3e94cb19ccafa98f6f0a078ec8bd30941939ee97803de8a,2,UNVERIFIED,not_semantically_classified,,,,false,NEEDS_HUMAN_REVIEW,Repository seed inventory only; body value and source support require separate review,db/seeds/blog-posts-87.ts,true
blog-554,/blog/dog-puppy-first-week-guide,blog,강아지 입양 첫 주 — 하루하루 무엇을 해야 하는가,1,published,2026-10-19T09:00:00.000Z,,sha256:8ab4ec96a2b00af7b0ac276da7844390df738a185fad2b648f6a13fcea7ba18e,2,UNVERIFIED,not_semantically_classified,,,,false,NEEDS_HUMAN_REVIEW,Repository seed inventory only; body value and source support require separate review,db/seeds/blog-posts-86.ts,true
blog-159,/blog/dog-puppy-nutrition-guide,blog,강아지 시절 영양 완전 가이드 — 성장을 위한 올바른 식이,2,published,2026-06-17T17:00:00.000Z,,sha256:b66718ba897045f8a3dc8a359ebf7da6abbca8e8da931e044bffc4470893e6f5,0,UNVERIFIED,not_semantically_classified,,,,false,NEEDS_HUMAN_REVIEW,Repository seed inventory only; body value and source support require separate review,db/seeds/blog-posts-16.ts,true
guide-dog-puppy-socialization,/guide/dog-puppy-socialization-guide,guide,강아지 사회화 훈련 완벽 가이드 — 생후 3~16주 황금기,5,published,,,sha256:35499eee398628a4ebeeaf0ec5361c9467a1d124fe718961739d38feea7b41b0,0,UNVERIFIED,not_semantically_classified,,,,false,NEEDS_HUMAN_REVIEW,Repository seed inventory only; body value and source support require separate review,db/seeds/guides-batch-2.ts,true
blog-219,/blog/dog-puzzle-toy-guide,blog,강아지 퍼즐 장난감 완전 가이드 — 레벨별 선택과 활용법,5,published,2026-06-30T05:00:00.000Z,,sha256:c7c8b5db81275ebcc238879394b1bad214abe8018afdc52d565b75f0201be0e2,0,UNVERIFIED,not_semantically_classified,,,,false,NEEDS_HUMAN_REVIEW,Repository seed inventory only; body value and source support require separate review,db/seeds/blog-posts-22.ts,true
blog-561,/blog/dog-pyoderma-skin-infection,blog,강아지 농피증 — 피부 감염의 가장 흔한 이유,3,published,2026-10-22T11:00:00.000Z,,sha256:7821f2e6406e3656eb732a177f526ccce9aa266768218100ee25b84f46fd65d0,2,UNVERIFIED,not_semantically_classified,,,,false,NEEDS_HUMAN_REVIEW,Repository seed inventory only; body value and source support require separate review,db/seeds/blog-posts-88.ts,true
blog-175,/blog/dog-rainy-day-activities,blog,강아지 비 오는 날 실내 활동 아이디어 15가지,5,published,2026-06-21T01:00:00.000Z,,sha256:0cfb62c1d84bc0625634ac4e6d08b57860ed3cf3007780f713999511f519ec38,0,UNVERIFIED,not_semantically_classified,,,,false,NEEDS_HUMAN_REVIEW,Repository seed inventory only; body value and source support require separate review,db/seeds/blog-posts-18.ts,true
blog-296,/blog/dog-raw-barf-diet-complete-guide,blog,강아지 생식(BARF) 완전 가이드 — 시작 전 반드시 알아야 할 영양 균형과 위생 리스크,2,published,2026-06-11T09:00:00.000Z,,sha256:17adbd6588eca37543b771ed1ad196cab1a4d915efbea825205b7a94e6bd9cf6,3,UNVERIFIED,not_semantically_classified,,,,false,NEEDS_HUMAN_REVIEW,Repository seed inventory only; body value and source support require separate review,db/seeds/blog-posts-35.ts,true
blog-590,/blog/dog-raw-bones-safety,blog,강아지 뼈다귀 급여 — 안전한 것과 생명을 위협하는 것,2,published,2026-11-06T09:00:00.000Z,,sha256:adecc4309d065656e1de608adbefe481d72018ab7d2f9d25d8683faf81f91034,2,UNVERIFIED,not_semantically_classified,,,,false,NEEDS_HUMAN_REVIEW,Repository seed inventory only; body value and source support require separate review,db/seeds/blog-posts-93.ts,true
guide-dog-raw-diet-beginners,/guide/dog-raw-diet-beginners-guide,guide,강아지 생식(로푸드) 입문 가이드 — 장단점·시작하는 법,2,published,,,sha256:155075ee0c0636891fec6bb1f5e10c3c874cf76e844f56495a9cfbbe7f3bb3ae,0,UNVERIFIED,not_semantically_classified,,,,false,NEEDS_HUMAN_REVIEW,Repository seed inventory only; body value and source support require separate review,db/seeds/guides-batch-2.ts,true
blog-dog-raw-diet-guide,/blog/dog-raw-diet-guide,blog,"강아지 생식 식단 완전 가이드 — 장점과 위험, 올바른 시작법",2,published,,,sha256:f827ba72024a99eddeec5cb20badeea6cf8f7aea9a69c0cc0e64c473cfd896b0,3,UNVERIFIED,not_semantically_classified,,,,false,NEEDS_HUMAN_REVIEW,Repository seed inventory only; body value and source support require separate review,db/seeds/blog-posts-5.ts,true
blog-321,/blog/dog-raw-food-diet-guide,blog,강아지 생식(로푸드) — 장점과 위험을 모두 알고 선택해야 하는 이유,2,published,2026-06-24T11:00:00.000Z,,sha256:b19073c374f0157c359e9440c13b0c2dd05161b7eede67acaf3827b8d5023eeb,3,UNVERIFIED,not_semantically_classified,,,,false,NEEDS_HUMAN_REVIEW,Repository seed inventory only; body value and source support require separate review,db/seeds/blog-posts-40.ts,true
blog-148,/blog/dog-recall-training,blog,강아지 리콜 훈련 — 어디서든 반응하는 완벽한 '이리와' 완성법,5,published,2026-06-15T10:00:00.000Z,,sha256:df9842270e44695490a56ddcf257460d7c76d2a82241b47516e24972eaf7df9e,0,UNVERIFIED,not_semantically_classified,,,,false,NEEDS_HUMAN_REVIEW,Repository seed inventory only; body value and source support require separate review,db/seeds/blog-posts-15.ts,true
blog-720,/blog/dog-recall-training-come-command,blog,강아지 호출 훈련(와!) — 생명을 지키는 명령어 완전 가이드,5,published,2027-01-10T11:00:00.000Z,,sha256:d9ccecd8d5bbbbd5e63d5bbdb1456959b9d8f7838829cbd7b1b86f7f9ff17fb2,2,UNVERIFIED,not_semantically_classified,,,,false,NEEDS_HUMAN_REVIEW,Repository seed inventory only; body value and source support require separate review,db/seeds/blog-posts-119.ts,true
blog-603,/blog/dog-recall-training-guide,blog,강아지 '이리와' 훈련 — 생명을 구하는 가장 중요한 명령어,5,published,2026-11-12T11:00:00.000Z,,sha256:ddee6878a6ce96e7600cd484ead102c98e516c87769674689f2c3d09ace282e3,2,UNVERIFIED,not_semantically_classified,,,,false,NEEDS_HUMAN_REVIEW,Repository seed inventory only; body value and source support require separate review,db/seeds/blog-posts-96.ts,true
blog-573,/blog/dog-rehoming-considerations,blog,반려견 재입양을 고려할 때 — 포기가 아닌 최선을 위한 결정,1,published,2026-10-28T11:00:00.000Z,,sha256:e1571166959035640176902a79afbf80eb31db1ff99dcf9d80e2452a93c90807,2,UNVERIFIED,not_semantically_classified,,,,false,NEEDS_HUMAN_REVIEW,Repository seed inventory only; body value and source support require separate review,db/seeds/blog-posts-90.ts,true
blog-150,/blog/dog-resource-guarding-guide,blog,강아지 자원 지키기 행동 — 음식·장난감 양보 훈련 완전 가이드,5,published,2026-06-15T20:00:00.000Z,,sha256:31cc76bc8ff858c2820b59bf5a82e79ca7235d04b0b6e616554d5c295d6ed846,0,UNVERIFIED,not_semantically_classified,,,,false,NEEDS_HUMAN_REVIEW,Repository seed inventory only; body value and source support require separate review,db/seeds/blog-posts-15.ts,true
blog-438,/blog/dog-safe-fish-guide,blog,강아지에게 줄 수 있는 생선 — 안전한 것과 주의할 것,2,published,2026-08-22T09:00:00.000Z,,sha256:988acb75d9835c7b36f194233629e1d801b6d18c48ec9e387cfddd41bafc668b,2,UNVERIFIED,not_semantically_classified,,,,false,NEEDS_HUMAN_REVIEW,Repository seed inventory only; body value and source support require separate review,db/seeds/blog-posts-63.ts,true
blog-451,/blog/dog-safe-fruit-guide,blog,강아지에게 줄 수 있는 과일 완전 가이드 — 안전과 독성 기준,2,published,2026-08-28T11:00:00.000Z,,sha256:6c1c4b2b32e190d911035c586737e2f7fea327d9e003773ee612372cbff96cdc,2,UNVERIFIED,not_semantically_classified,,,,false,NEEDS_HUMAN_REVIEW,Repository seed inventory only; body value and source support require separate review,db/seeds/blog-posts-66.ts,true
blog-689,/blog/dog-seawater-swimming-dangers,blog,강아지 바다 수영 — 해수 음용과 피부 위험,5,published,2026-12-25T11:00:00.000Z,,sha256:ad710c372c7992f90223cb71070929a0b3f408992e15abb4f47dbbe4df377916,2,UNVERIFIED,not_semantically_classified,,,,false,NEEDS_HUMAN_REVIEW,Repository seed inventory only; body value and source support require separate review,db/seeds/blog-posts-113.ts,true
blog-368,/blog/dog-seizure-emergency-guide,blog,강아지 발작 — 처음 목격했을 때 보호자가 해야 할 것,3,published,2026-07-18T09:00:00.000Z,,sha256:0d82af3cf606dc2431b6d2f003aa5329b201591105e0a6e8a0e3f690a4120c44,3,UNVERIFIED,not_semantically_classified,,,,false,NEEDS_HUMAN_REVIEW,Repository seed inventory only; body value and source support require separate review,db/seeds/blog-posts-49.ts,true
blog-238,/blog/dog-senior-enrichment-guide,blog,노령견 환경 풍부화 — 느린 속도에 맞는 두뇌·신체 활동 가이드,5,published,2026-07-04T04:00:00.000Z,,sha256:0c6b3d8acc45393aca4f2561057c3a2a53909000006280e553d2b3957022c4f4,0,UNVERIFIED,not_semantically_classified,,,,false,NEEDS_HUMAN_REVIEW,Repository seed inventory only; body value and source support require separate review,db/seeds/blog-posts-24.ts,true
blog-281,/blog/dog-senior-food-transition-guide,blog,노령견 사료 전환 시기와 방법 — 7세부터 달라지는 영양 요구,2,published,2026-06-06T14:00:00.000Z,,sha256:48af631302e38eb9b719a8b06aec7fa3c57f18fcf3259a8629ee325e9983c854,3,UNVERIFIED,not_semantically_classified,,,,false,NEEDS_HUMAN_REVIEW,Repository seed inventory only; body value and source support require separate review,db/seeds/blog-posts-32.ts,true
guide-dog-senior-nutrition,/guide/dog-senior-nutrition-guide,guide,노령견 영양 가이드 — 7세 이상 식이 관리,2,published,,,sha256:d322b32e238f7bdaba06908fc30115794debc697e0241504fda9a1eeea5069ee,0,UNVERIFIED,not_semantically_classified,,,,false,NEEDS_HUMAN_REVIEW,Repository seed inventory only; body value and source support require separate review,db/seeds/guides-batch-2.ts,true
blog-dog-separation-anxiety,/blog/dog-separation-anxiety,blog,강아지 분리불안 — 원인·증상·집에서 할 수 있는 훈련법,5,published,2026-05-22T15:00:00.000Z,,sha256:4788fa9a8a8c4314eaa641caf229e1f462b4707eb88c1af1a8ab3551db1fa9d2,3,UNVERIFIED,not_semantically_classified,,,,false,NEEDS_HUMAN_REVIEW,Repository seed inventory only; body value and source support require separate review,db/seeds/blog-posts-2.ts,true
cond-dog-separation-anxiety,/condition/dog-separation-anxiety-disorder,condition,강아지 분리불안 — 증상·행동 교정법,3,review_queue,,,sha256:bd0af234fa83c36770073f3239e293802daec70a474f701fa6ea671e1ca94e8f,1,UNVERIFIED,not_semantically_classified,,,,false,NEEDS_HUMAN_REVIEW,Repository seed inventory only; body value and source support require separate review,db/seeds/conditions-batch-1.ts,true
seed-guide-dog-separation-anxiety,/guide/dog-separation-anxiety-guide,guide,강아지 분리불안 해결법 — 원인부터 단계별 훈련까지,5,published,2026-05-20T00:00:00.000Z,,sha256:90a28c9edc32f660c4ea98202e44a3b8a7c384e38f2286241f31546514290cad,3,UNVERIFIED,not_semantically_classified,,,,false,NEEDS_HUMAN_REVIEW,Repository seed inventory only; body value and source support require separate review,db/seeds/contents.ts,true
blog-259,/blog/dog-separation-anxiety-prevention-guide,blog,강아지 분리불안 예방 가이드 — 입양 첫 주부터 시작하는 훈련법,1,published,2026-06-03T17:00:00.000Z,,sha256:4a704a39fdb0f89faf9416f6095cfd132358ca5077bc21a85c1772eebac32ee8,3,UNVERIFIED,not_semantically_classified,,,,false,NEEDS_HUMAN_REVIEW,Repository seed inventory only; body value and source support require separate review,db/seeds/blog-posts-28.ts,true
blog-484,/blog/dog-separation-anxiety-protocol,blog,강아지 분리불안 단계별 훈련 프로토콜,5,published,2026-09-14T09:00:00.000Z,,sha256:9267e2bf26062d452dd9fe4644a8b7a368aa32c8eb4d67c3be9361dc6fdea881,2,UNVERIFIED,not_semantically_classified,,,,false,NEEDS_HUMAN_REVIEW,Repository seed inventory only; body value and source support require separate review,db/seeds/blog-posts-72.ts,true
blog-658,/blog/dog-separation-anxiety-step-by-step,blog,강아지 분리불안 단계별 둔감화 훈련,5,published,2026-12-10T09:00:00.000Z,,sha256:d03ac7ebc106ac1cc0ae653d9efbded4d4738c245f21d7743b226b04ab10797c,2,UNVERIFIED,not_semantically_classified,,,,false,NEEDS_HUMAN_REVIEW,Repository seed inventory only; body value and source support require separate review,db/seeds/blog-posts-107.ts,true
blog-327,/blog/dog-shelter-adoption-process,blog,보호소 개 입양 단계별 완전 가이드 — 첫 만남부터 집 적응까지,1,published,2026-06-27T11:00:00.000Z,,sha256:55a7fb91c9e5816f05032c23538a96ce8b8bc10fdf89cd444834139a5ddaed43,3,UNVERIFIED,not_semantically_classified,,,,false,NEEDS_HUMAN_REVIEW,Repository seed inventory only; body value and source support require separate review,db/seeds/blog-posts-41.ts,true
blog-467,/blog/dog-shelter-adoption-process,blog,유기견 보호소 입양 절차 — 처음 입양하는 사람이 알아야 할 모든 것,1,published,2026-09-05T11:00:00.000Z,,sha256:dedb962247249745ed22bf2db328f159217e68a9681c7868751de0f000d42e5b,2,UNVERIFIED,not_semantically_classified,,,,false,NEEDS_HUMAN_REVIEW,Repository seed inventory only; body value and source support require separate review,db/seeds/blog-posts-69.ts,true
seed-condition-dog-skin-allergy,/condition/dog-skin-allergy,condition,강아지 피부 알레르기 — 원인·증상·치료·식이 관리,3,published,2026-05-20T00:00:00.000Z,,sha256:a842191dec8f0606c7ae663fce97d183bbca460d26b5841499d503b66a84243e,3,UNVERIFIED,not_semantically_classified,,,,false,NEEDS_HUMAN_REVIEW,Repository seed inventory only; body value and source support require separate review,db/seeds/contents.ts,true
cond-dog-skin-allergy-guide,/condition/dog-skin-allergy-guide,condition,강아지 피부 알레르기 — 증상·원인·관리,3,review_queue,,,sha256:d8758a8fbd03f61d3f68ed49faebcfc80ce65db0f1f128b769d81e420317542a,1,UNVERIFIED,not_semantically_classified,,,,false,NEEDS_HUMAN_REVIEW,Repository seed inventory only; body value and source support require separate review,db/seeds/conditions-batch-1.ts,true
blog-165,/blog/dog-skin-care-guide,blog,강아지 피부 건강 관리 — 빗질·목욕·환경 관리 완전 가이드,3,published,2026-06-18T23:00:00.000Z,,sha256:c0669d72d8a64555ffdaa7e84bd5a088b9010081f4e021b80252633bc2bdd216,2,UNVERIFIED,not_semantically_classified,,,,false,NEEDS_HUMAN_REVIEW,Repository seed inventory only; body value and source support require separate review,db/seeds/blog-posts-17.ts,true
blog-450,/blog/dog-skin-lump-guide,blog,강아지 피부 혹 발견했을 때 — 어떤 것이 위험하고 어떤 것이 괜찮은가,3,published,2026-08-28T09:00:00.000Z,,sha256:10aad9f663bcb3fd06c3bdcfeff29d322bb730903b48e1acb5ac45069aebae81,2,UNVERIFIED,not_semantically_classified,,,,false,NEEDS_HUMAN_REVIEW,Repository seed inventory only; body value and source support require separate review,db/seeds/blog-posts-65.ts,true
blog-dog-skin-problems,/blog/dog-skin-problems,blog,강아지 피부 트러블 — 원인별 증상과 대처법,3,published,2026-04-03,,sha256:5f9810fe00c8894d7594c6b6c4d9b8770fbbb7f03452a8719295a4b7340babb7,3,UNVERIFIED,not_semantically_classified,,,,false,NEEDS_HUMAN_REVIEW,Repository seed inventory only; body value and source support require separate review,db/seeds/blog-posts-3.ts,true
blog-379,/blog/dog-sleeping-with-owner-guide,blog,강아지와 같이 자도 되나 — 찬반 논쟁을 데이터로 정리,5,published,2026-07-23T11:00:00.000Z,,sha256:b22cf15ba10dea468946bb9ef4b7758215eba4a7ee6276a39ca244201db1f5fc,3,UNVERIFIED,not_semantically_classified,,,,false,NEEDS_HUMAN_REVIEW,Repository seed inventory only; body value and source support require separate review,db/seeds/blog-posts-51.ts,true
blog-dog-social-aggression-guide,/blog/dog-social-aggression-guide,blog,강아지 공격성 — 원인 이해와 보호자가 할 수 있는 관리,5,published,,,sha256:3b5ec9f5d6e6fba6bd6677eb277018e91a0d4d20de705543faafe5387a54573b,3,UNVERIFIED,not_semantically_classified,,,,false,NEEDS_HUMAN_REVIEW,Repository seed inventory only; body value and source support require separate review,db/seeds/blog-posts-12.ts,true
blog-dog-social-skills-training,/blog/dog-social-skills-training,blog,강아지 사회성 훈련 — 다른 개·사람·소리에 올바르게 반응하게 하는 법,5,published,,,sha256:ce695a566a87eccb5c3bd3a1c5e552a109c7d2ad9c8c8204f6a73a4f1eb25caa,3,UNVERIFIED,not_semantically_classified,,,,false,NEEDS_HUMAN_REVIEW,Repository seed inventory only; body value and source support require separate review,db/seeds/blog-posts-11.ts,true
blog-dog-socialization-guide,/blog/dog-socialization-guide,blog,강아지 사회화 훈련 황금기 — 생후 3~14주 완벽 활용법,1,published,,,sha256:5b01b154b56d121853c2575672cd98d18ff0984d5ea65d07669a79f6bc471f58,3,UNVERIFIED,not_semantically_classified,,,,false,NEEDS_HUMAN_REVIEW,Repository seed inventory only; body value and source support require separate review,db/seeds/blog-posts-4.ts,true
blog-352,/blog/dog-soft-tissue-injury-guide,blog,강아지 발목 삐거나 절뚝거릴 때 — 단순 접질림부터 인대 파열까지,3,published,2026-07-10T09:00:00.000Z,,sha256:00acd6d894753d8dcc9ff8be68eac4f1b5d3e0d5ef9050dc697cbd110f89357f,3,UNVERIFIED,not_semantically_classified,,,,false,NEEDS_HUMAN_REVIEW,Repository seed inventory only; body value and source support require separate review,db/seeds/blog-posts-46.ts,true
blog-687,/blog/dog-spleen-mass-benign-vs-malignant,blog,강아지 비장 종괴 — 양성과 악성을 구분하는 방법,3,published,2026-12-24T11:00:00.000Z,,sha256:5b64da0ccee88228a774e64453405c091462f20c1ed7aa640862259d415183af,2,UNVERIFIED,not_semantically_classified,,,,false,NEEDS_HUMAN_REVIEW,Repository seed inventory only; body value and source support require separate review,db/seeds/blog-posts-113.ts,true
blog-622,/blog/dog-splenic-hemangiosarcoma-guide,blog,강아지 비장 혈관육종 — 갑작스러운 쇼크의 숨은 원인,3,published,2026-11-22T09:00:00.000Z,,sha256:054bf68a493c0cd202337b57ef3aabcba2df5a5c28c00eb6ab2ebe6c1ffa5657,2,UNVERIFIED,not_semantically_classified,,,,false,NEEDS_HUMAN_REVIEW,Repository seed inventory only; body value and source support require separate review,db/seeds/blog-posts-100.ts,true
blog-641,/blog/dog-steroid-long-term-risks,blog,강아지 스테로이드 장기 복용 — 효과만큼 큰 부작용 관리,3,published,2026-12-01T11:00:00.000Z,,sha256:33b0cb596619cbad61cbfcf55d1bffa6e99e78f8a2ca79302fb8c6a5c57f1b8a,2,UNVERIFIED,not_semantically_classified,,,,false,NEEDS_HUMAN_REVIEW,Repository seed inventory only; body value and source support require separate review,db/seeds/blog-posts-104.ts,true
blog-283,/blog/dog-summer-cooling-diet-tips,blog,여름 강아지 식욕 저하 — 원인과 더위 속 영양 관리 방법,2,published,2026-06-06T16:00:00.000Z,,sha256:58b1ab20d9eb213b84430f0ba0ed8d42039086334a5a115d803b5518487c8d9c,3,UNVERIFIED,not_semantically_classified,,,,false,NEEDS_HUMAN_REVIEW,Repository seed inventory only; body value and source support require separate review,db/seeds/blog-posts-32.ts,true
blog-355,/blog/dog-summer-heat-care-guide,blog,여름 강아지 더위 관리 — 열사병 예방부터 산책 시간 조정까지,5,published,2026-07-11T11:00:00.000Z,,sha256:177877acbdbb970755081757cbe7c4e2810f0beee369b8b5bd0f4ffbc4b7840b,3,UNVERIFIED,not_semantically_classified,,,,false,NEEDS_HUMAN_REVIEW,Repository seed inventory only; body value and source support require separate review,db/seeds/blog-posts-46.ts,true
blog-288,/blog/dog-summer-heat-cooling-guide,blog,강아지 여름 더위 식히는 법 — 열사병 예방부터 냉각 방법까지,5,published,2026-06-07T11:00:00.000Z,,sha256:e6681dd0b63a84e0a4a31b0f02ba883bb030f44b52c9b30bfee9cf86283267ab,3,UNVERIFIED,not_semantically_classified,,,,false,NEEDS_HUMAN_REVIEW,Repository seed inventory only; body value and source support require separate review,db/seeds/blog-posts-33.ts,true
blog-465,/blog/dog-summer-heat-stroke-prevention,blog,강아지 여름 열사병 예방 — 실제 데이터로 보는 위험 신호,5,published,2026-09-04T11:00:00.000Z,,sha256:a6f3f60763c9cf5a0962a15c531fa2ea96ae95c2c418a0c936fd185a649bd7fa,2,UNVERIFIED,not_semantically_classified,,,,false,NEEDS_HUMAN_REVIEW,Repository seed inventory only; body value and source support require separate review,db/seeds/blog-posts-68.ts,true
blog-198,/blog/dog-summer-paw-protection,blog,강아지 여름 발바닥 보호 — 뜨거운 아스팔트 화상 예방법,3,published,2026-06-25T20:00:00.000Z,,sha256:4e02e4298015e30e65a44f77b96c175726b7da3c573834513a69a51e0317e88a,2,UNVERIFIED,not_semantically_classified,,,,false,NEEDS_HUMAN_REVIEW,Repository seed inventory only; body value and source support require separate review,db/seeds/blog-posts-20.ts,true
blog-729,/blog/dog-summer-water-activity-safety,blog,강아지 여름 물놀이 안전 — 수영장·계곡 위험 관리,5,published,2027-01-15T09:00:00.000Z,,sha256:86c43fc8fc426e99c5d5331545ac2ded8a656f6b7f635376976875cd22270cfe,2,UNVERIFIED,not_semantically_classified,,,,false,NEEDS_HUMAN_REVIEW,Repository seed inventory only; body value and source support require separate review,db/seeds/blog-posts-121.ts,true
blog-dog-supplements-guide,/blog/dog-supplements-guide,blog,"강아지 영양제, 진짜 필요한 것만 — 수의사가 권하는 기준",2,published,,,sha256:3da08c512f1cf9128f6717aa192d3636c5077c57bfeccc22ee606aaf8b657d46,3,UNVERIFIED,not_semantically_classified,,,,false,NEEDS_HUMAN_REVIEW,Repository seed inventory only; body value and source support require separate review,db/seeds/blog-posts-6.ts,true
blog-dog-swimming-guide,/blog/dog-swimming-guide,blog,강아지 수영 — 처음 물에 데려가는 법과 안전 수칙,5,published,,,sha256:452199c71f54fae0972307a84dd8733cc7e5d0ca3250e876b16fd6556eb4635e,3,UNVERIFIED,not_semantically_classified,,,,false,NEEDS_HUMAN_REVIEW,Repository seed inventory only; body value and source support require separate review,db/seeds/blog-posts-12.ts,true
blog-534,/blog/dog-swimming-water-safety,blog,강아지 수영 안전 — 모든 강아지가 수영을 좋아하는 것은 아니다,5,published,2026-10-09T09:00:00.000Z,,sha256:28df34056c30c6d25abd2cb887c840810d95145bfcda99fc8953812ce79899e7,2,UNVERIFIED,not_semantically_classified,,,,false,NEEDS_HUMAN_REVIEW,Repository seed inventory only; body value and source support require separate review,db/seeds/blog-posts-82.ts,true
seed-condition-dog-tear-staining,/condition/dog-tear-staining,condition,강아지 눈물자국 — 원인·색깔별 감별·관리법,3,published,2026-05-22T00:00:00.000Z,,sha256:af02c451e9bcf745629d098193c77287b0d7607ed325a02f0667ce1210fb9dda,3,UNVERIFIED,not_semantically_classified,,,,false,NEEDS_HUMAN_REVIEW,Repository seed inventory only; body value and source support require separate review,db/seeds/contents.ts,true
blog-666,/blog/dog-thrombocytopenia-guide,blog,강아지 혈소판감소증 — 피부 점출혈이 보일 때,3,published,2026-12-14T09:00:00.000Z,,sha256:b05b6b082cd4f65d42ccc4f1ac03e55b34451f814406dbdcebd3a01bf693ab70,2,UNVERIFIED,not_semantically_classified,,,,false,NEEDS_HUMAN_REVIEW,Repository seed inventory only; body value and source support require separate review,db/seeds/blog-posts-109.ts,true
blog-678,/blog/dog-thunder-noise-phobia-training,blog,강아지 천둥·소음 공포증 — 둔감화 훈련과 응급 대처,5,published,2026-12-20T09:00:00.000Z,,sha256:9af29c75949a89f5468ef69f1ffc78564c66c8bd01bf0a1eccaf703efa1c24fe,2,UNVERIFIED,not_semantically_classified,,,,false,NEEDS_HUMAN_REVIEW,Repository seed inventory only; body value and source support require separate review,db/seeds/blog-posts-111.ts,true
blog-338,/blog/dog-thunderstorm-anxiety-guide,blog,"강아지 천둥·폭죽 공포증 — 왜 그렇게 무서워하고, 무엇이 도움이 되나",5,published,2026-07-03T09:00:00.000Z,,sha256:970392e81c35fb66d688c322780f2bd941ec8afebf8a3232b7585c131ee78aed,3,UNVERIFIED,not_semantically_classified,,,,false,NEEDS_HUMAN_REVIEW,Repository seed inventory only; body value and source support require separate review,db/seeds/blog-posts-43.ts,true
blog-555,/blog/dog-thunderstorm-noise-anxiety,blog,강아지 천둥·폭죽 공포 — 왜 일부 강아지는 공황 상태가 되는가,5,published,2026-10-19T11:00:00.000Z,,sha256:cff0718aa65e8057bc10d833dcd571f4f1e7fa891a143963853f0b1d1e996764,2,UNVERIFIED,not_semantically_classified,,,,false,NEEDS_HUMAN_REVIEW,Repository seed inventory only; body value and source support require separate review,db/seeds/blog-posts-86.ts,true
blog-499,/blog/dog-tick-prevention-guide,blog,강아지 진드기 예방 — 풀밭 산책 전 알아야 할 것,3,published,2026-09-21T11:00:00.000Z,,sha256:39d7725a754231312eee1888ae233b250b4b6bf7f0ca5bc1c703d32862afbbcb,2,UNVERIFIED,not_semantically_classified,,,,false,NEEDS_HUMAN_REVIEW,Repository seed inventory only; body value and source support require separate review,db/seeds/blog-posts-75.ts,true
blog-dog-toxic-foods,/blog/dog-toxic-foods,blog,강아지가 먹으면 안 되는 음식 완전 정리 (2026년 기준),2,published,2026-05-20T00:00:00.000Z,,sha256:b0baae340a553b480f5c727413b6fc82be4a634742a22313aa813d2d2eadf4c7,4,UNVERIFIED,not_semantically_classified,,,,false,NEEDS_HUMAN_REVIEW,Repository seed inventory only; body value and source support require separate review,db/seeds/blog-posts.ts,true
blog-347,/blog/dog-treat-selection-guide,blog,강아지 간식 고르는 법 — 맛있고 안전한 간식의 기준,2,published,2026-07-07T11:00:00.000Z,,sha256:58cd9535d09634468acbc62fcaebb32d464f9f00e53c80820bab366f33b8bd8b,3,UNVERIFIED,not_semantically_classified,,,,false,NEEDS_HUMAN_REVIEW,Repository seed inventory only; body value and source support require separate review,db/seeds/blog-posts-45.ts,true
blog-516,/blog/dog-treats-ingredient-guide,blog,강아지 트릿 성분 선택 가이드 — 라벨 읽는 법,2,published,2026-09-30T09:00:00.000Z,,sha256:90498db0369200ecab7539c69a99b448d6be9d19d65d25228b788a51814133fb,2,UNVERIFIED,not_semantically_classified,,,,false,NEEDS_HUMAN_REVIEW,Repository seed inventory only; body value and source support require separate review,db/seeds/blog-posts-79.ts,true
blog-146,/blog/dog-trick-training-guide,blog,강아지 트릭 훈련 — 악수·하이파이브·빙글빙글·엎드려 완전 가이드,5,published,2026-06-15T00:00:00.000Z,,sha256:966e9e4f210e626229bddf7e71fa7b1ac7d18143d757291aa3cda572b44ff60c,0,UNVERIFIED,not_semantically_classified,,,,false,NEEDS_HUMAN_REVIEW,Repository seed inventory only; body value and source support require separate review,db/seeds/blog-posts-15.ts,true
seed-condition-dog-urinary-tract-infection,/condition/dog-urinary-tract-infection,condition,강아지 요로감염 — 증상·원인·치료·예방,3,published,2026-05-22T00:00:00.000Z,,sha256:e44bf2884e0376e104164e2f8adae4e5ab314b4c6dfbb4df78c56c3d1baed677,3,UNVERIFIED,not_semantically_classified,,,,false,NEEDS_HUMAN_REVIEW,Repository seed inventory only; body value and source support require separate review,db/seeds/contents.ts,true
blog-dog-vaccination-schedule,/blog/dog-vaccination-schedule,blog,강아지 예방접종 일정표 — 기초부터 추가 접종까지 완벽 정리,3,published,2026-04-25,,sha256:6a6a45985075d7ec920526131fa852fb56853a45d374b1b9a83de11f365ecccc,3,UNVERIFIED,not_semantically_classified,,,,false,NEEDS_HUMAN_REVIEW,Repository seed inventory only; body value and source support require separate review,db/seeds/blog-posts-3.ts,true
seed-guide-dog-vaccination-schedule,/guide/dog-vaccination-schedule,guide,강아지 예방접종 스케줄 — 월령별 필수·선택 접종 완전 정리,3,published,2026-05-17T00:00:00.000Z,,sha256:cd6fe9c0c988123099b58ae5e7afb6837dd5b5076897c81f85eb522df01259e5,3,UNVERIFIED,not_semantically_classified,,,,false,NEEDS_HUMAN_REVIEW,Repository seed inventory only; body value and source support require separate review,db/seeds/contents.ts,true
blog-522,/blog/dog-vegetable-safe-guide,blog,강아지에게 줄 수 있는 채소 — 안전한 것과 위험한 것,2,published,2026-10-03T09:00:00.000Z,,sha256:e914cae5dca317e0e6a851dcf19cd916993f5af5dcb674a24b74c1e3cd1c5655,2,UNVERIFIED,not_semantically_classified,,,,false,NEEDS_HUMAN_REVIEW,Repository seed inventory only; body value and source support require separate review,db/seeds/blog-posts-80.ts,true
blog-dog-vegetables-fruits-guide,/blog/dog-vegetables-fruits-guide,blog,강아지에게 줘도 되는 채소·과일 vs 위험한 것,2,published,,,sha256:6206e3023b2329d6177e4d91768cac5a17c5b2400a970f9aa2b1866e37439261,3,UNVERIFIED,not_semantically_classified,,,,false,NEEDS_HUMAN_REVIEW,Repository seed inventory only; body value and source support require separate review,db/seeds/blog-posts-6.ts,true
blog-677,/blog/dog-vestibular-disease-sudden-tilt,blog,강아지 전정기관 이상 — 갑자기 비틀거리고 눈이 돌아갈 때,3,published,2026-12-19T11:00:00.000Z,,sha256:64c2e63c1924778735414bd0accfac4e559f56485c37fe3e480c2c3c04bd1ac3,2,UNVERIFIED,not_semantically_classified,,,,false,NEEDS_HUMAN_REVIEW,Repository seed inventory only; body value and source support require separate review,db/seeds/blog-posts-111.ts,true
seed-condition-dog-vomiting,/condition/dog-vomiting,condition,강아지 구토 — 원인·응급 신호·동물병원 방문 기준,3,published,2026-05-22T00:00:00.000Z,,sha256:556fe078548ee6b44dd6536db2cfd492b474d7c339eb7f93faa62c7294168443,3,UNVERIFIED,not_semantically_classified,,,,false,NEEDS_HUMAN_REVIEW,Repository seed inventory only; body value and source support require separate review,db/seeds/contents.ts,true
blog-602,/blog/dog-vomiting-cause-guide,blog,강아지 구토 — 언제 걱정해야 하고 언제 지켜봐도 되는가,3,published,2026-11-12T09:00:00.000Z,,sha256:f1de67ceff74133af65d77fa2269db3a436f98307f8bae42ef610639933d31ee,2,UNVERIFIED,not_semantically_classified,,,,false,NEEDS_HUMAN_REVIEW,Repository seed inventory only; body value and source support require separate review,db/seeds/blog-posts-96.ts,true
blog-dog-vomiting-when-to-vet,/blog/dog-vomiting-when-to-vet,blog,강아지가 갑자기 구토했을 때 — 집에서 할 것 vs 병원 가야 할 때,3,published,2026-05-22T06:00:00.000Z,,sha256:39c0980298a3326a16af664ccc161eb4754e664a6d961e86277e7b1b078c783a,4,UNVERIFIED,not_semantically_classified,,,,false,NEEDS_HUMAN_REVIEW,Repository seed inventory only; body value and source support require separate review,db/seeds/blog-posts.ts,true
blog-381,/blog/dog-vomiting-when-to-worry,blog,강아지 구토 — 괜찮은 구토와 위험한 구토를 구분하는 법,3,published,2026-07-24T11:00:00.000Z,,sha256:5aa9613f23ff55004b596e5fae6c0140065b34df31d8b3738709caa8ea2a0b49,3,UNVERIFIED,not_semantically_classified,,,,false,NEEDS_HUMAN_REVIEW,Repository seed inventory only; body value and source support require separate review,db/seeds/blog-posts-52.ts,true
blog-dog-walk-equipment-guide,/blog/dog-walk-equipment-guide,blog,강아지 산책 장비 완전 가이드 — 하네스·리드줄·파우치 선택법,5,published,,,sha256:04b806e96de09fbce893a7a2b070b8c75d1e5f3fdbec89facc66bc7feb81e3c3,3,UNVERIFIED,not_semantically_classified,,,,false,NEEDS_HUMAN_REVIEW,Repository seed inventory only; body value and source support require separate review,db/seeds/blog-posts-11.ts,true
blog-dog-walk-guide,/blog/dog-walk-guide,blog,강아지 산책 완전 가이드 — 시간·횟수·리드줄 에티켓까지,5,published,2026-05-18T00:00:00.000Z,,sha256:aa4523220b3ef7efef0ae6f4cc1550da7d536e7ee83677eae182d746c17c641b,4,UNVERIFIED,not_semantically_classified,,,,false,NEEDS_HUMAN_REVIEW,Repository seed inventory only; body value and source support require separate review,db/seeds/blog-posts.ts,true
guide-dog-walking-complete,/guide/dog-walking-complete-guide,guide,강아지 산책 완벽 가이드 — 시간·목줄·에티켓,5,published,,,sha256:12115ecc777256dfd5ee469b606b8af9d97c9beb9e1fdb5947ca0961be0e09b7,0,UNVERIFIED,not_semantically_classified,,,,false,NEEDS_HUMAN_REVIEW,Repository seed inventory only; body value and source support require separate review,db/seeds/guides-batch-1.ts,true
blog-dog-weight-management,/blog/dog-weight-management,blog,강아지 체중 관리 — 비만도 확인법과 다이어트 방법,2,published,2026-05-22T17:00:00.000Z,,sha256:dda2f7d01e307db5a32ba27037d4db8199c66aa85c40e3340b4c2d1e9b8a8c3a,4,UNVERIFIED,not_semantically_classified,,,,false,NEEDS_HUMAN_REVIEW,Repository seed inventory only; body value and source support require separate review,db/seeds/blog-posts-2.ts,true
blog-724,/blog/dog-wet-dry-food-mixing-guide,blog,강아지 건식·습식 혼합 급여 — 비율과 장단점,2,published,2027-01-12T11:00:00.000Z,,sha256:cf536d5d114d522432e0806c0dbbfb7f5c535c5320fb52d9940b9f4b1842847f,2,UNVERIFIED,not_semantically_classified,,,,false,NEEDS_HUMAN_REVIEW,Repository seed inventory only; body value and source support require separate review,db/seeds/blog-posts-120.ts,true
blog-263,/blog/dog-wet-vs-dry-food-comparison,blog,강아지 습식 사료 vs 건식 사료 — 수분·소화율·비용으로 완전 비교,2,published,2026-06-04T11:00:00.000Z,,sha256:f529ddbef3cee547c4c072c2573726454ab13b1a826c3665515ef6de0d928cec,3,UNVERIFIED,not_semantically_classified,,,,false,NEEDS_HUMAN_REVIEW,Repository seed inventory only; body value and source support require separate review,db/seeds/blog-posts-28.ts,true
guide-dog-winter-care-complete,/guide/dog-winter-care-complete-guide,guide,강아지 겨울철 관리 완벽 가이드 — 방한·산책·실내 환경,5,published,,,sha256:885af71145363e5bc9aff2c76207edf3373fe3d601324e16a0c13eeca3536f7a,0,UNVERIFIED,not_semantically_classified,,,,false,NEEDS_HUMAN_REVIEW,Repository seed inventory only; body value and source support require separate review,db/seeds/guides-batch-3.ts,true
blog-dog-winter-care-guide,/blog/dog-winter-care-guide,blog,강아지 겨울 관리 가이드 — 추위·빙판길·건조함 대처법,5,published,,,sha256:37dec5684f65f8fd66c0b2813196d1917da6d370239872d6163315f67165573b,3,UNVERIFIED,not_semantically_classified,,,,false,NEEDS_HUMAN_REVIEW,Repository seed inventory only; body value and source support require separate review,db/seeds/blog-posts-10.ts,true
seed-guide-dog-winter-care,/guide/dog-winter-care-guide,guide,강아지 겨울철 케어 가이드 — 방한·건강·실내 관리,5,published,2026-05-20T00:00:00.000Z,,sha256:1372cfd284ce36f52027e198fcebb73482910700936fc5d4f5af7c47fc3d5ab5,3,UNVERIFIED,not_semantically_classified,,,,false,NEEDS_HUMAN_REVIEW,Repository seed inventory only; body value and source support require separate review,db/seeds/contents.ts,true
blog-508,/blog/dog-winter-cold-care,blog,강아지 겨울 추위 보호 — 품종별 위험 온도와 실내 관리,5,published,2026-09-26T09:00:00.000Z,,sha256:7eb6e65fe73d7e96222611ad9909b0517bd3b2f7132f33afea6211f16b953f9e,2,UNVERIFIED,not_semantically_classified,,,,false,NEEDS_HUMAN_REVIEW,Repository seed inventory only; body value and source support require separate review,db/seeds/blog-posts-77.ts,true
blog-395,/blog/dog-winter-cold-care-guide,blog,겨울철 강아지 케어 — 추위·건조·제설제로부터 반려견 지키기,5,published,2026-07-31T11:00:00.000Z,,sha256:06dfde9a056b6f5822140b2af604278a8d6612c54314250ce30850d525c1e814,3,UNVERIFIED,not_semantically_classified,,,,false,NEEDS_HUMAN_REVIEW,Repository seed inventory only; body value and source support require separate review,db/seeds/blog-posts-54.ts,true
blog-669,/blog/dog-winter-paw-frostbite-care,blog,강아지 겨울 발바닥 동상·저체온증 예방 완전 가이드,5,published,2026-12-15T11:00:00.000Z,,sha256:087c78f84f45993fe8d065737e66cdad6795f5d7f9e2ffb96a23e29d8aed95c6,2,UNVERIFIED,not_semantically_classified,,,,false,NEEDS_HUMAN_REVIEW,Repository seed inventory only; body value and source support require separate review,db/seeds/blog-posts-109.ts,true
blog-628,/blog/domestic-pet-travel-regulations,blog,국내 반려동물 여행 법규 — 기차·버스·택시 반려동물 동반 규정,4,published,2026-11-25T09:00:00.000Z,,sha256:f779d418791305ed3087d9fa659c7b88e4df1b2991fcdfb31449332e707f8a63,2,UNVERIFIED,not_semantically_classified,,,,false,NEEDS_HUMAN_REVIEW,Repository seed inventory only; body value and source support require separate review,db/seeds/blog-posts-101.ts,true
blog-610,/blog/end-of-life-signs-in-pets,blog,반려동물의 임종 신호 — '이제 다 됐다'는 것을 어떻게 아는가,6,published,2026-11-16T09:00:00.000Z,,sha256:e117acc45375c100512a9bcece4c8f6f2a2820cc2d300f299e023a58c531efc7,2,UNVERIFIED,not_semantically_classified,,,,false,NEEDS_HUMAN_REVIEW,Repository seed inventory only; body value and source support require separate review,db/seeds/blog-posts-97.ts,true
blog-507,/blog/ethical-breeder-how-to-find,blog,윤리적 브리더 찾는 방법 — 믿을 수 있는 브리더의 8가지 특징,1,published,2026-09-25T11:00:00.000Z,,sha256:10c1c8e11c8f4057fe2e6f3fd435dff34ecdf5ae00b0f68a400dff86f231e9ef,2,UNVERIFIED,not_semantically_classified,,,,false,NEEDS_HUMAN_REVIEW,Repository seed inventory only; body value and source support require separate review,db/seeds/blog-posts-77.ts,true
blog-457,/blog/exotic-pet-legal-ownership-guide,blog,특수 동물(파충류·조류·포유류) 소유 — 법적으로 허용되는 것과 금지된 것,1,published,2026-08-31T11:00:00.000Z,,sha256:92e45c2f8155c16a3ad8b6f9d548dce27c321850fc011f46ec4c920bae24f734,2,UNVERIFIED,not_semantically_classified,,,,false,NEEDS_HUMAN_REVIEW,Repository seed inventory only; body value and source support require separate review,db/seeds/blog-posts-67.ts,true
blog-explaining-pet-death-to-children,/blog/explaining-pet-death-to-children,blog,아이에게 반려동물의 죽음 설명하는 법 — 나이별 접근 가이드,6,published,,,sha256:879e040e223ea91c2c1572f5f1be15ad24919eef0acb19e0a315a791a1beeaed,3,UNVERIFIED,not_semantically_classified,,,,false,NEEDS_HUMAN_REVIEW,Repository seed inventory only; body value and source support require separate review,db/seeds/blog-posts-13.ts,true
blog-193,/blog/fall-pet-care-guide,blog,가을 반려동물 케어 가이드 — 환절기 건강·털갈이·진드기,5,published,2026-06-24T19:00:00.000Z,,sha256:171ca0480431c5bfc348bd6489307a1bc72068811d2b41d94f1e7526cf99d0cf,0,UNVERIFIED,not_semantically_classified,,,,false,NEEDS_HUMAN_REVIEW,Repository seed inventory only; body value and source support require separate review,db/seeds/blog-posts-20.ts,true
blog-679,/blog/family-pet-adoption-agreement-checklist,blog,반려동물 입양 전 가족 합의 체크리스트,1,published,2026-12-20T11:00:00.000Z,,sha256:ac4ac3a850539f6972d7cbf67a032edeac48f656031c2e9ef4093fc5c139afb7,2,UNVERIFIED,not_semantically_classified,,,,false,NEEDS_HUMAN_REVIEW,Repository seed inventory only; body value and source support require separate review,db/seeds/blog-posts-111.ts,true
blog-543,/blog/feral-cat-socialization-guide,blog,"길고양이(야생 고양이) 사회화 — 가능한가, 어디까지인가",1,published,2026-10-13T11:00:00.000Z,,sha256:8c46a30b6177ee172825f2c8f21617b5702238b9f5596c2a8bf0409dbb84e6c1,2,UNVERIFIED,not_semantically_classified,,,,false,NEEDS_HUMAN_REVIEW,Repository seed inventory only; body value and source support require separate review,db/seeds/blog-posts-84.ts,true
blog-401,/blog/ferret-adoption-care-guide,blog,페럿 입양 가이드 — 개와 고양이 사이 어딘가의 매력적인 동물,1,published,2026-08-03T11:00:00.000Z,,sha256:a35359768ab64669e605c0519e1025f1b35dc6b6caaf7bcb30889c57bf1452f1,3,UNVERIFIED,not_semantically_classified,,,,false,NEEDS_HUMAN_REVIEW,Repository seed inventory only; body value and source support require separate review,db/seeds/blog-posts-56.ts,true
guide-first-year-puppy-kitten,/guide/first-year-puppy-kitten-guide,guide,퍼피·키튼 첫 1년 완벽 가이드 — 월령별 성장과 돌봄,1,published,,,sha256:d8d529c1d7e5a9d7294ba21131657c13088b78c7faaa0a698742282576c852cf,0,UNVERIFIED,not_semantically_classified,,,,false,NEEDS_HUMAN_REVIEW,Repository seed inventory only; body value and source support require separate review,db/seeds/guides-batch-3.ts,true
blog-foster-pet-guide,/blog/foster-pet-guide,blog,반려동물 임시보호 입문 가이드 — 어떻게 시작하고 무엇을 준비해야 할까,1,published,,,sha256:6ac21fa2c208ada29cde5f5b0b8dfca7263584545792fd8df268ef51da80dbbc,3,UNVERIFIED,not_semantically_classified,,,,false,NEEDS_HUMAN_REVIEW,Repository seed inventory only; body value and source support require separate review,db/seeds/blog-posts-4.ts,true
blog-549,/blog/freeze-dried-raw-safety-guide,blog,동결건조 생식 사료 — 일반 생식보다 안전할까,2,published,2026-10-16T11:00:00.000Z,,sha256:b0de70a3006a6f38211a187a98a679a34a8a62c4c4caa8a5d15e291f63ad321e,2,UNVERIFIED,not_semantically_classified,,,,false,NEEDS_HUMAN_REVIEW,Repository seed inventory only; body value and source support require separate review,db/seeds/blog-posts-85.ts,true
blog-182,/blog/french-bulldog-care-guide,blog,프렌치 불독 완전 케어 가이드 — 단두종 특수 관리법,5,published,2026-06-22T12:00:00.000Z,,sha256:ae6db8aa2b269b58b960f66fce68e53182c81aa911e48e302f818d8ebbfa621a,0,UNVERIFIED,not_semantically_classified,,,,false,NEEDS_HUMAN_REVIEW,Repository seed inventory only; body value and source support require separate review,db/seeds/blog-posts-19.ts,true
blog-690,/blog/getting-new-pet-after-loss,blog,펫로스 후 새 반려동물을 들여도 될까,6,published,2026-12-26T09:00:00.000Z,,sha256:191f71b46becfc4406b7f529e529a08bf7b07fc901ab5c3cb138f2c88736051e,2,UNVERIFIED,not_semantically_classified,,,,false,NEEDS_HUMAN_REVIEW,Repository seed inventory only; body value and source support require separate review,db/seeds/blog-posts-113.ts,true
blog-183,/blog/golden-retriever-care-guide,blog,골든 리트리버 완전 케어 가이드 — 운동·건강·훈련,5,published,2026-06-22T17:00:00.000Z,,sha256:b0cbabf842f8574c43451a2af4e8c57840295723083653a64366631265295ae5,0,UNVERIFIED,not_semantically_classified,,,,false,NEEDS_HUMAN_REVIEW,Repository seed inventory only; body value and source support require separate review,db/seeds/blog-posts-19.ts,true
blog-665,/blog/grain-free-dog-food-heart-risk,blog,그레인프리 사료와 심장병(DCM) — 논란의 현재 상태,2,published,2026-12-13T11:00:00.000Z,,sha256:203fe3fe4e1e6e0d8548dd0f973d5e4f490ad4520127cdc8020f630dc47e324e,2,UNVERIFIED,not_semantically_classified,,,,false,NEEDS_HUMAN_REVIEW,Repository seed inventory only; body value and source support require separate review,db/seeds/blog-posts-108.ts,true
blog-356,/blog/guinea-pig-adoption-guide,blog,기니피그 입양 가이드 — 소형 포유류 중 가장 사회적인 반려동물,1,published,2026-07-12T09:00:00.000Z,,sha256:df52a30b1b88c3b8142d63dc80c59d97f2feb335d6e904fc5060f835b856b6f7,3,UNVERIFIED,not_semantically_classified,,,,false,NEEDS_HUMAN_REVIEW,Repository seed inventory only; body value and source support require separate review,db/seeds/blog-posts-47.ts,true
blog-614,/blog/hamster-adoption-beginner-guide,blog,햄스터 입양 초보 가이드 — 야행성 작은 생명과 함께하기,1,published,2026-11-18T09:00:00.000Z,,sha256:9090b064ae2afb62386b8f68269fd65756902ca3f1f029dc17dcfeeb5aae4bf5,2,UNVERIFIED,not_semantically_classified,,,,false,NEEDS_HUMAN_REVIEW,Repository seed inventory only; body value and source support require separate review,db/seeds/blog-posts-98.ts,true
blog-194,/blog/holiday-pet-safety-guide,blog,명절 반려동물 케어 — 위험 음식·혼자 두기·스트레스 관리,5,published,2026-06-25T00:00:00.000Z,,sha256:838b911e852d9773b6041428ac06d924e1bda36a598a48bbe1c17847d5e2fccf,0,UNVERIFIED,not_semantically_classified,,,,false,NEEDS_HUMAN_REVIEW,Repository seed inventory only; body value and source support require separate review,db/seeds/blog-posts-20.ts,true
blog-424,/blog/homemade-cat-food-guide,blog,고양이 집밥(홈쿡) — 강아지와 다른 고양이 식이의 까다로운 기준,2,published,2026-08-15T09:00:00.000Z,,sha256:bebda82d5898dd4dd9bde2a4f82e50d497cbcd8feca21f6a13a5799aaa791b0c,3,UNVERIFIED,not_semantically_classified,,,,false,NEEDS_HUMAN_REVIEW,Repository seed inventory only; body value and source support require separate review,db/seeds/blog-posts-60.ts,true
seed-guide-indoor-cat-enrichment,/guide/indoor-cat-enrichment-guide,guide,실내 고양이 환경 풍부화 — 스트레스 줄이고 행복하게,5,published,2026-05-19T00:00:00.000Z,,sha256:110380a10c19d96d12ef4745425d28404f6759adb45dc2572884555ded5fbcd2,3,UNVERIFIED,not_semantically_classified,,,,false,NEEDS_HUMAN_REVIEW,Repository seed inventory only; body value and source support require separate review,db/seeds/contents.ts,true
blog-377,/blog/indoor-vs-outdoor-cat-debate,blog,실내 고양이 vs 실외 고양이 — 어떤 선택이 고양이에게 더 좋은가,1,published,2026-07-22T11:00:00.000Z,,sha256:07139c0efb7c983432982b09f58aa4706275cbea8f94ddce1d0bb281b8fe439e,3,UNVERIFIED,not_semantically_classified,,,,false,NEEDS_HUMAN_REVIEW,Repository seed inventory only; body value and source support require separate review,db/seeds/blog-posts-51.ts,true
blog-733,/blog/indoor-vs-outdoor-cat-lifespan,blog,실내 vs 실외 고양이 수명 차이 — 데이터가 말하는 것,1,published,2027-01-17T09:00:00.000Z,,sha256:e2aba0298a55cae3bc954e914ed7be158b32523fa840948b7436f6e0a2b75837,2,UNVERIFIED,not_semantically_classified,,,,false,NEEDS_HUMAN_REVIEW,Repository seed inventory only; body value and source support require separate review,db/seeds/blog-posts-122.ts,true
blog-186,/blog/jindo-dog-care-guide,blog,진돗개 완전 케어 가이드 — 한국 토종견 특성과 관리,5,published,2026-06-23T08:00:00.000Z,,sha256:178340b5374afb1cc5bac244f813a23bd07f2266fcca088dbe314c02aec73d6d,0,UNVERIFIED,not_semantically_classified,,,,false,NEEDS_HUMAN_REVIEW,Repository seed inventory only; body value and source support require separate review,db/seeds/blog-posts-19.ts,true
blog-kitten-first-month-care,/blog/kitten-first-month-care,blog,새끼 고양이 첫 달 케어 — 이유식부터 화장실 훈련까지,1,published,,,sha256:25ba8d15d87a036217c431f1c34339d7dd56bd95ff2b57a3870eb31edc95d208,3,UNVERIFIED,not_semantically_classified,,,,false,NEEDS_HUMAN_REVIEW,Repository seed inventory only; body value and source support require separate review,db/seeds/blog-posts-4.ts,true
blog-341,/blog/kitten-first-week-guide,blog,"새끼 고양이 처음 데려온 첫 주 — 보호자가 꼭 해야 할 것, 하면 안 될 것",1,published,2026-07-04T11:00:00.000Z,,sha256:63b6cadeca3849801a9def2517c60e3ae76312300d658945792889c415ea5138,3,UNVERIFIED,not_semantically_classified,,,,false,NEEDS_HUMAN_REVIEW,Repository seed inventory only; body value and source support require separate review,db/seeds/blog-posts-44.ts,true
blog-292,/blog/kitten-first-week-home-checklist,blog,아기 고양이 입양 첫 주 — 집 도착부터 첫 병원 방문까지 체크리스트,1,published,2026-06-08T11:00:00.000Z,,sha256:e2f55251ec1fb0be23ec9f4838519fccc6dd193bf8d4d44cb3050074e986d1ac,3,UNVERIFIED,not_semantically_classified,,,,false,NEEDS_HUMAN_REVIEW,Repository seed inventory only; body value and source support require separate review,db/seeds/blog-posts-34.ts,true
blog-523,/blog/kitten-first-year-checklist,blog,키튼 첫 해 체크리스트 — 예방접종부터 중성화까지,1,published,2026-10-03T11:00:00.000Z,,sha256:91da3d4c3bc1053ad5fc5bca391d46cb10740a2e9943bf4ff693b5a914b9762d,2,UNVERIFIED,not_semantically_classified,,,,false,NEEDS_HUMAN_REVIEW,Repository seed inventory only; body value and source support require separate review,db/seeds/blog-posts-80.ts,true
blog-655,/blog/kitten-weaning-solid-food-transition,blog,키튼 이유식에서 고형식으로 — 4~8주 전환 단계별 방법,2,published,2026-12-08T11:00:00.000Z,,sha256:be9367c58d8388d3563f733c64a3a25211b639b30e25684f7169dff10483fb1b,2,UNVERIFIED,not_semantically_classified,,,,false,NEEDS_HUMAN_REVIEW,Repository seed inventory only; body value and source support require separate review,db/seeds/blog-posts-106.ts,true
blog-654,/blog/large-breed-senior-dog-adoption,blog,대형 노령견 입양 — 7살 이상 래브라도·골든의 실제 케어,1,published,2026-12-08T09:00:00.000Z,,sha256:c4dd72f5e8359b7ce7c15df8560d066c0b33a3904d2c9b744e95f8f7d05fca20,2,UNVERIFIED,not_semantically_classified,,,,false,NEEDS_HUMAN_REVIEW,Repository seed inventory only; body value and source support require separate review,db/seeds/blog-posts-106.ts,true
blog-342,/blog/large-dog-vs-small-dog-guide,blog,대형견 vs 소형견 — 라이프스타일에 맞는 선택을 위한 현실 비교,1,published,2026-07-05T09:00:00.000Z,,sha256:ed45b74fc1e95afdc04d08c121398a39586b92d9b77517b348855d6229b19879,3,UNVERIFIED,not_semantically_classified,,,,false,NEEDS_HUMAN_REVIEW,Repository seed inventory only; body value and source support require separate review,db/seeds/blog-posts-44.ts,true
blog-431,/blog/lost-cat-search-guide,blog,고양이를 잃어버렸을 때 — 강아지와 다른 수색 방법,4,published,2026-08-18T11:00:00.000Z,,sha256:450851208743625766615ed59beae47855d253b577d7120e9338937ab1a0cccc,2,UNVERIFIED,not_semantically_classified,,,,false,NEEDS_HUMAN_REVIEW,Repository seed inventory only; body value and source support require separate review,db/seeds/blog-posts-62.ts,true
blog-585,/blog/lost-pet-recovery-guide,blog,반려동물 분실·도난 시 법적 대처와 실전 찾기 방법,4,published,2026-11-03T11:00:00.000Z,,sha256:380d86c052c3ee9253e89350a02a2944927daaed4536b55594942e728c67f330,2,UNVERIFIED,not_semantically_classified,,,,false,NEEDS_HUMAN_REVIEW,Repository seed inventory only; body value and source support require separate review,db/seeds/blog-posts-92.ts,true
blog-312,/blog/lost-pet-reporting-procedure,blog,반려동물 잃어버렸을 때 — 처음 24시간이 가장 중요한 이유,4,published,2026-06-20T09:00:00.000Z,,sha256:2ee3dca730a902014195f1bf4c5b3662d7152723fa0e034f159c397dcc84c6d6,3,UNVERIFIED,not_semantically_classified,,,,false,NEEDS_HUMAN_REVIEW,Repository seed inventory only; body value and source support require separate review,db/seeds/blog-posts-38.ts,true
blog-189,/blog/maine-coon-care-guide,blog,메인쿤 완전 케어 가이드 — 대형묘 특성·건강·관리,5,published,2026-06-23T23:00:00.000Z,,sha256:2473fab3974d497a25699d86e396d7ff0e85bc4f0e224c64866f5d2db12e4567,0,UNVERIFIED,not_semantically_classified,,,,false,NEEDS_HUMAN_REVIEW,Repository seed inventory only; body value and source support require separate review,db/seeds/blog-posts-19.ts,true
blog-439,/blog/male-dog-prostate-disease-guide,blog,수컷 강아지 전립선 질환 — 중성화 안 한 개에서 흔한 이유,3,published,2026-08-22T11:00:00.000Z,,sha256:2c48913b0a793e866c394055f81e70c6456122346f529d8c5e996d176e99cdf8,2,UNVERIFIED,not_semantically_classified,,,,false,NEEDS_HUMAN_REVIEW,Repository seed inventory only; body value and source support require separate review,db/seeds/blog-posts-63.ts,true
blog-688,/blog/male-vs-female-cat-personality,blog,수컷 vs 암컷 고양이 성격 — 중성화 후 실제 차이,1,published,2026-12-25T09:00:00.000Z,,sha256:d309991c65e25a8e5b5930a3404b678d0c3dab1a3d8fdce0f483dcff46e092d6,2,UNVERIFIED,not_semantically_classified,,,,false,NEEDS_HUMAN_REVIEW,Repository seed inventory only; body value and source support require separate review,db/seeds/blog-posts-113.ts,true
blog-181,/blog/maltese-care-guide,blog,말티즈 완전 케어 가이드 — 특성·건강·미용·훈련,5,published,2026-06-22T07:00:00.000Z,,sha256:75ecc47bc6d18b5ad470b6e370bd85389d7857a5f4e7d93f98835795bbed439b,0,UNVERIFIED,not_semantically_classified,,,,false,NEEDS_HUMAN_REVIEW,Repository seed inventory only; body value and source support require separate review,db/seeds/blog-posts-19.ts,true
seed-guide-memorial-ceremony,/guide/memorial-ceremony,guide,반려동물 장례 절차 안내 — 접수부터 봉안까지,6,published,2026-05-22T00:00:00.000Z,,sha256:d58a5d71a66397a52a657ba8f013a007c0dd65c489b8f1be293490ed65fc9f85,3,UNVERIFIED,not_semantically_classified,,,,false,NEEDS_HUMAN_REVIEW,Repository seed inventory only; body value and source support require separate review,db/seeds/contents.ts,true
seed-guide-memorial-cost,/guide/memorial-cost,guide,반려동물 장례 비용 가이드 — 유형별 비용 범위,6,published,2026-05-22T00:00:00.000Z,,sha256:e80b152203aabf95f632a6bc8dea19f83385fa4040ec74d08fa0a700be3a8ec7,3,UNVERIFIED,not_semantically_classified,,,,false,NEEDS_HUMAN_REVIEW,Repository seed inventory only; body value and source support require separate review,db/seeds/contents.ts,true
blog-730,/blog/memorial-items-for-pet-loss,blog,반려동물 추모 기념품 — 잃은 아이를 기억하는 방법들,6,published,2027-01-15T11:00:00.000Z,,sha256:b3aea48892e2a83a68b441ef387cbef0cd57c78cbbfc0a685c39b38997d575cb,2,UNVERIFIED,not_semantically_classified,,,,false,NEEDS_HUMAN_REVIEW,Repository seed inventory only; body value and source support require separate review,db/seeds/blog-posts-121.ts,true
blog-316,/blog/microchip-animal-registration-guide,blog,동물등록 마이크로칩 완전 가이드 — 의무 대상부터 등록 방법까지,1,published,2026-06-22T09:00:00.000Z,,sha256:96fb3e3514e16f522044a8a4989f4cb60e0cf7481bd7eea2e7ce22431f96b875,3,UNVERIFIED,not_semantically_classified,,,,false,NEEDS_HUMAN_REVIEW,Repository seed inventory only; body value and source support require separate review,db/seeds/blog-posts-39.ts,true
blog-432,/blog/microchip-info-update-guide,blog,마이크로칩 정보 변경하는 방법 — 이사·전화번호 바뀌면 꼭 해야 하는 것,4,published,2026-08-19T09:00:00.000Z,,sha256:3fd72dc5eb694ad8a952fb426acdf4df459df0a080ba8690fb37e83cc4c69dab,2,UNVERIFIED,not_semantically_classified,,,,false,NEEDS_HUMAN_REVIEW,Repository seed inventory only; body value and source support require separate review,db/seeds/blog-posts-62.ts,true
guide-microchip-registration-complete,/guide/microchip-registration-complete-guide,guide,반려동물 마이크로칩 등록 완벽 가이드 — 절차·비용·주의사항,1,published,,,sha256:3de73520cfe185ab0678b0d632c80dcaad5bcaeb3dc06ac92f7aa204c1e6d172,0,UNVERIFIED,not_semantically_classified,,,,false,NEEDS_HUMAN_REVIEW,Repository seed inventory only; body value and source support require separate review,db/seeds/guides-batch-2.ts,true
blog-668,/blog/mixed-breed-dog-adoption-pros,blog,믹스견 입양의 장점과 현실 — 순종견과 무엇이 다른가,1,published,2026-12-15T09:00:00.000Z,,sha256:7ade894847da638331b90f5824254d2a786987b1b48ae621621d45ce2260e94a,2,UNVERIFIED,not_semantically_classified,,,,false,NEEDS_HUMAN_REVIEW,Repository seed inventory only; body value and source support require separate review,db/seeds/blog-posts-109.ts,true
blog-526,/blog/mixed-breed-vs-purebred-health,blog,믹스견·믹스묘 vs 순종 — 건강 수명은 누가 더 길까,1,published,2026-10-05T09:00:00.000Z,,sha256:5a003b46b7458afc860e12d65a0926f2fe46461293a654f5dd429088b8bf943e,2,UNVERIFIED,not_semantically_classified,,,,false,NEEDS_HUMAN_REVIEW,Repository seed inventory only; body value and source support require separate review,db/seeds/blog-posts-81.ts,true
blog-410,/blog/multi-cat-household-harmony,blog,다묘 가정 평화 유지하기 — 3마리 이상 고양이가 함께 사는 법,1,published,2026-08-08T09:00:00.000Z,,sha256:4efaba6d569b63417bd3bb411e5704ff48cc4fd172854e58013ed9252a85c6fc,3,UNVERIFIED,not_semantically_classified,,,,false,NEEDS_HUMAN_REVIEW,Repository seed inventory only; body value and source support require separate review,db/seeds/blog-posts-57.ts,true
blog-multi-cat-introduction-guide,/blog/multi-cat-introduction-guide,blog,고양이 합사 방법 — 기존 고양이와 새 고양이 소개하기,1,published,,,sha256:34c1f0e84eebaf0c4a730cc97841c2c069dca541b88b859fc1eb352187bb4e7b,3,UNVERIFIED,not_semantically_classified,,,,false,NEEDS_HUMAN_REVIEW,Repository seed inventory only; body value and source support require separate review,db/seeds/blog-posts-4.ts,true
blog-569,/blog/multi-cat-territory-management,blog,다묘 가정 영역 관리 — 고양이들이 평화롭게 사는 공간 설계,5,published,2026-10-26T11:00:00.000Z,,sha256:eda046fab8902c0991d3f4bd49bcdd865d4dc0e68e657b6911747f3980d96ecc,2,UNVERIFIED,not_semantically_classified,,,,false,NEEDS_HUMAN_REVIEW,Repository seed inventory only; body value and source support require separate review,db/seeds/blog-posts-89.ts,true
blog-279,/blog/multi-dog-household-introduction-guide,blog,다견 가정 강아지 합사 방법 — 첫 만남부터 공존까지 단계별 가이드,1,published,2026-06-06T12:00:00.000Z,,sha256:d8e7633262b0d63c0d52a851eca6cd74ab4611e772c002fd6e9dd12863aaf5bc,3,UNVERIFIED,not_semantically_classified,,,,false,NEEDS_HUMAN_REVIEW,Repository seed inventory only; body value and source support require separate review,db/seeds/blog-posts-31.ts,true
blog-456,/blog/multi-dog-household-management,blog,다견 가정 관리 — 두 마리 이상의 개가 평화롭게 사는 비결,1,published,2026-08-31T09:00:00.000Z,,sha256:b3d3e6f481171e60a885d07663ba82e614d734c5b4c58d2f1bdaf67f172cdbd4,2,UNVERIFIED,not_semantically_classified,,,,false,NEEDS_HUMAN_REVIEW,Repository seed inventory only; body value and source support require separate review,db/seeds/blog-posts-67.ts,true
guide-multi-pet-household,/guide/multi-pet-household-guide,guide,다묘·다견 가정 만들기 가이드 — 합사 단계별 방법,1,published,,,sha256:af1f46d184bc46d7ef52c792fd03b4c1dea6e479af0a460ec3aa38632dfa05e8,0,UNVERIFIED,not_semantically_classified,,,,false,NEEDS_HUMAN_REVIEW,Repository seed inventory only; body value and source support require separate review,db/seeds/guides-batch-2.ts,true
blog-250,/blog/multi-pet-insurance-strategy,blog,"다묘·다견 가정 펫보험 전략 — 두 마리 이상 보험, 이렇게 설계한다",4,published,2026-06-02T18:00:00.000Z,,sha256:c884cdfe831e1fcd6fe322a4903ec446808cdbe3d2152036aa8ce7c9d891cddb,3,UNVERIFIED,not_semantically_classified,,,,false,NEEDS_HUMAN_REVIEW,Repository seed inventory only; body value and source support require separate review,db/seeds/blog-posts-26.ts,true
blog-221,/blog/newborn-and-pet-guide,blog,신생아와 반려동물 — 안전한 공존 준비 완전 가이드,1,published,2026-06-30T15:00:00.000Z,,sha256:035aed2ac9f535686160c2dac9435ae857f4c7881572dfa29b2419f480ad92a8,0,UNVERIFIED,not_semantically_classified,,,,false,NEEDS_HUMAN_REVIEW,Repository seed inventory only; body value and source support require separate review,db/seeds/blog-posts-23.ts,true
blog-607,/blog/newborn-kitten-care-guide,blog,갓 태어난 새끼 고양이 케어 — 어미 없이 발견했을 때,1,published,2026-11-14T11:00:00.000Z,,sha256:a91c767ea28aea11c0ad6b1849c58a3382f8e837cad46fc63582c16c8553d507,2,UNVERIFIED,not_semantically_classified,,,,false,NEEDS_HUMAN_REVIEW,Repository seed inventory only; body value and source support require separate review,db/seeds/blog-posts-97.ts,true
blog-213,/blog/online-vet-consultation-guide,blog,온라인 수의사 상담 — 활용법과 한계 완전 가이드,3,published,2026-06-28T23:00:00.000Z,,sha256:444d32d9f38a559281dad7fc182d463b21c6b65a32c658592a516e9ae6686656,2,UNVERIFIED,not_semantically_classified,,,,false,NEEDS_HUMAN_REVIEW,Repository seed inventory only; body value and source support require separate review,db/seeds/blog-posts-22.ts,true
blog-417,/blog/parrot-bird-adoption-guide,blog,앵무새 입양 전에 알아야 할 것 — 수십 년을 함께할 동반자,1,published,2026-08-11T11:00:00.000Z,,sha256:c18f10a5175303d5138aafce11a61f46292137b87ee314f55a1b852225e4b6fd,3,UNVERIFIED,not_semantically_classified,,,,false,NEEDS_HUMAN_REVIEW,Repository seed inventory only; body value and source support require separate review,db/seeds/blog-posts-59.ts,true
blog-391,/blog/pedigree-vs-mixed-breed-cat-guide,blog,품종묘 vs 혼합묘 — 어떤 선택이 나에게 맞는가,1,published,2026-07-29T11:00:00.000Z,,sha256:5d7400afdb208efc3b4f570f1b7519dbbdfc3968cfd1bab69120fca0ecde099f,3,UNVERIFIED,not_semantically_classified,,,,false,NEEDS_HUMAN_REVIEW,Repository seed inventory only; body value and source support require separate review,db/seeds/blog-posts-54.ts,true
blog-190,/blog/persian-cat-care-guide,blog,페르시안 고양이 완전 케어 가이드 — 장모·눈물·건강 관리,5,published,2026-06-24T04:00:00.000Z,,sha256:5860304d8034594f63570c06b2857d487bb9efbb22f9b212665d850e937ebc13,0,UNVERIFIED,not_semantically_classified,,,,false,NEEDS_HUMAN_REVIEW,Repository seed inventory only; body value and source support require separate review,db/seeds/blog-posts-19.ts,true
blog-pet-abandonment-law,/blog/pet-abandonment-law,blog,반려동물 유기하면 어떻게 되나 — 법적 처벌과 신고 방법,4,published,,,sha256:bc41296c698f7b74b2e2f722bd9ac46004bdb3a92f56e07911d95cedb13a5e2c,3,UNVERIFIED,not_semantically_classified,,,,false,NEEDS_HUMAN_REVIEW,Repository seed inventory only; body value and source support require separate review,db/seeds/blog-posts-9.ts,true
blog-387,/blog/pet-abroad-emigration-guide,blog,반려동물과 해외 이민·장기 출국 — 나라별 입국 요건 준비 방법,4,published,2026-07-27T11:00:00.000Z,,sha256:021ac3fff713c2c3d68aa1c1ceac4b91029cb3544bd86e3204d574e9bcdeb470,3,UNVERIFIED,not_semantically_classified,,,,false,NEEDS_HUMAN_REVIEW,Repository seed inventory only; body value and source support require separate review,db/seeds/blog-posts-53.ts,true
blog-630,/blog/pet-adoption-scam-prevention,blog,반려동물 입양 사기 예방 — '선금 보내면 강아지 배송' 사기 유형,1,published,2026-11-26T09:00:00.000Z,,sha256:b9087066b757d567e4a3d7efcda17730b44c9d30a97d03027efb81a4ff94ac24,2,UNVERIFIED,not_semantically_classified,,,,false,NEEDS_HUMAN_REVIEW,Repository seed inventory only; body value and source support require separate review,db/seeds/blog-posts-101.ts,true
blog-pet-adoption-vs-purchase,/blog/pet-adoption-vs-purchase,blog,반려동물 분양 vs 입양 — 장단점 완벽 비교,1,published,,,sha256:43543821708064d1e5335d05cab44a1c0da3117a1d16946c9168cdeaff0a4439,3,UNVERIFIED,not_semantically_classified,,,,false,NEEDS_HUMAN_REVIEW,Repository seed inventory only; body value and source support require separate review,db/seeds/blog-posts-5.ts,true
blog-pet-airline-travel-guide,/blog/pet-airline-travel-guide,blog,반려동물 비행기 탑승 완전 가이드 — 기내반입·탁송·건강증명서,5,published,,,sha256:d02462e9647b0ccd5f9bc8be85bf09b283b8f41403edd97a5ef5394699625f27,3,UNVERIFIED,not_semantically_classified,,,,false,NEEDS_HUMAN_REVIEW,Repository seed inventory only; body value and source support require separate review,db/seeds/blog-posts-14.ts,true
blog-485,/blog/pet-airplane-travel-regulation,blog,"반려동물 항공 이동 규정 — 기내 vs 화물칸, 항공사별 차이",4,published,2026-09-14T11:00:00.000Z,,sha256:b3542f186d78e441320351c620fcda1112c1e4f1cd179133d3c499037c1c34ef,2,UNVERIFIED,not_semantically_classified,,,,false,NEEDS_HUMAN_REVIEW,Repository seed inventory only; body value and source support require separate review,db/seeds/blog-posts-72.ts,true
blog-197,/blog/pet-allergy-season-guide,blog,반려동물 알레르기 시즌 관리 — 봄·가을 집중 케어 완전 가이드,3,published,2026-06-25T15:00:00.000Z,,sha256:f1e3b7f5ba6a67ad71f445c305e52a58203e7f0d486d947c2a300629b0cc5c8b,2,UNVERIFIED,not_semantically_classified,,,,false,NEEDS_HUMAN_REVIEW,Repository seed inventory only; body value and source support require separate review,db/seeds/blog-posts-20.ts,true
blog-256,/blog/pet-anniversary-memorial-ideas,blog,반려동물 기일 추모 방법 — 1주기를 의미 있게 보내는 방식들,6,published,2026-06-03T14:00:00.000Z,,sha256:3038436ccb17c16f0dc9b888a855b1c6f9964e41dc4c276f489bcbf191a9ef65,2,UNVERIFIED,not_semantically_classified,,,,false,NEEDS_HUMAN_REVIEW,Repository seed inventory only; body value and source support require separate review,db/seeds/blog-posts-27.ts,true
blog-533,/blog/pet-apartment-rules-dispute,blog,아파트 반려동물 규정 분쟁 — 관리 규약과 법적 한계,4,published,2026-10-08T11:00:00.000Z,,sha256:9349695f5d5d3dcec0e53aa1a95b8c83a4b60f065a15647d0524c035fa1c137f,2,UNVERIFIED,not_semantically_classified,,,,false,NEEDS_HUMAN_REVIEW,Repository seed inventory only; body value and source support require separate review,db/seeds/blog-posts-82.ts,true
blog-349,/blog/pet-apartment-rules-guide,blog,아파트·공동주택 반려동물 규정 — 키울 수 있는 권리와 이웃과의 경계,4,published,2026-07-08T11:00:00.000Z,,sha256:5ec26c5e047eb52b040cd343cf9369bcbbac656ea8d7751739c6b2ab78ac14c1,3,UNVERIFIED,not_semantically_classified,,,,false,NEEDS_HUMAN_REVIEW,Repository seed inventory only; body value and source support require separate review,db/seeds/blog-posts-45.ts,true
blog-214,/blog/pet-app-recommendations,blog,반려동물 앱 추천 — 건강·일정·커뮤니티 앱 완전 정리,5,published,2026-06-29T04:00:00.000Z,,sha256:bfc42e5fad9037a5160ba21ce2840f7244575090a3e64b2cf86265eb91aaad49,0,UNVERIFIED,not_semantically_classified,,,,false,NEEDS_HUMAN_REVIEW,Repository seed inventory only; body value and source support require separate review,db/seeds/blog-posts-22.ts,true
blog-414,/blog/pet-ashes-memorial-keepsake-ideas,blog,반려동물 유골 보관 아이디어 — 유골함부터 기념 주얼리까지,6,published,2026-08-10T09:00:00.000Z,,sha256:aee3cfa9bd13646e190b4a40742877c765b48156277c43ae60ec297b2ad66bff,3,UNVERIFIED,not_semantically_classified,,,,false,NEEDS_HUMAN_REVIEW,Repository seed inventory only; body value and source support require separate review,db/seeds/blog-posts-58.ts,true
blog-174,/blog/pet-auto-feeder-guide,blog,반려동물 자동 급식기 — 선택 기준과 올바른 활용법,5,published,2026-06-20T20:00:00.000Z,,sha256:0e996335c7e5c3d7f0022219cc0cae0e6e0fe5a562c970b5d9e63a7d32d78649,0,UNVERIFIED,not_semantically_classified,,,,false,NEEDS_HUMAN_REVIEW,Repository seed inventory only; body value and source support require separate review,db/seeds/blog-posts-18.ts,true
blog-670,/blog/pet-belongings-after-loss,blog,반려동물 떠난 후 남은 용품 처리 — 버리는 것과 간직하는 것,6,published,2026-12-16T09:00:00.000Z,,sha256:78928404decbbd89f475d8a172d9d2ec5aaf6a8f65bad599b7482da5afaeec97,2,UNVERIFIED,not_semantically_classified,,,,false,NEEDS_HUMAN_REVIEW,Repository seed inventory only; body value and source support require separate review,db/seeds/blog-posts-109.ts,true
blog-pet-bite-liability-guide,/blog/pet-bite-liability-guide,blog,반려동물이 사람을 물었을 때 — 법적 책임과 배상,4,published,,,sha256:a5997925cb0171ced8a5832ab3c859f3b1b48697457f6aff243a69ec5b95cbf7,3,UNVERIFIED,not_semantically_classified,,,,false,NEEDS_HUMAN_REVIEW,Repository seed inventory only; body value and source support require separate review,db/seeds/blog-posts-10.ts,true
blog-593,/blog/pet-boarding-facility-checklist,blog,반려동물 위탁 시설 선택 — 여행 전 반드시 확인할 것들,4,published,2026-11-07T11:00:00.000Z,,sha256:996c3f557837ef2e389506d91bd8b7ea2bb66d867a1909031d1a2d8c73d2a7e6,2,UNVERIFIED,not_semantically_classified,,,,false,NEEDS_HUMAN_REVIEW,Repository seed inventory only; body value and source support require separate review,db/seeds/blog-posts-94.ts,true
blog-228,/blog/pet-boarding-guide,blog,반려동물 위탁 기관 선택 완전 가이드 — 체크리스트 포함,5,published,2026-07-02T02:00:00.000Z,,sha256:81e75ae83a8cb443a1fe6d580e95b3748097d0b4a67a35c84541efae55389003,0,UNVERIFIED,not_semantically_classified,,,,false,NEEDS_HUMAN_REVIEW,Repository seed inventory only; body value and source support require separate review,db/seeds/blog-posts-23.ts,true
blog-635,/blog/pet-breed-housing-discrimination,blog,특정 품종 입주 거부 — 아파트·오피스텔에서 품종으로 차별받을 때,4,published,2026-11-28T11:00:00.000Z,,sha256:135808cc498d074b7d53d914a520e168177e5ca2b275446bc9d1635cee833604,2,UNVERIFIED,not_semantically_classified,,,,false,NEEDS_HUMAN_REVIEW,Repository seed inventory only; body value and source support require separate review,db/seeds/blog-posts-102.ts,true
blog-pet-cafe-etiquette,/blog/pet-cafe-etiquette,blog,반려동물 동반 카페·숙소 에티켓 — 집사가 지켜야 할 7가지,5,published,2026-05-22T14:00:00.000Z,,sha256:4cc72b117f2314e3b5fe6a5ae4e2709b49211033a113ef96591212068641d2fe,3,UNVERIFIED,not_semantically_classified,,,,false,NEEDS_HUMAN_REVIEW,Repository seed inventory only; body value and source support require separate review,db/seeds/blog-posts-2.ts,true
blog-173,/blog/pet-camera-guide,blog,반려동물 홈카메라 가이드 — 종류 비교와 최적 활용법,5,published,2026-06-20T15:00:00.000Z,,sha256:91ad22b23415325b5d2ef75f6dce5e53a532a83bbc44a077584e576a1b5b0721,0,UNVERIFIED,not_semantically_classified,,,,false,NEEDS_HUMAN_REVIEW,Repository seed inventory only; body value and source support require separate review,db/seeds/blog-posts-18.ts,true
blog-418,/blog/pet-camping-outdoor-guide,blog,반려동물과 캠핑·야외 활동 — 규정·안전·에티켓 완전 가이드,4,published,2026-08-12T09:00:00.000Z,,sha256:8193005f495d5f678a00acacc0b34d8c05d3d88c43df35b621a72a0d7be9af8c,3,UNVERIFIED,not_semantically_classified,,,,false,NEEDS_HUMAN_REVIEW,Repository seed inventory only; body value and source support require separate review,db/seeds/blog-posts-59.ts,true
blog-384,/blog/pet-carrier-training-complete,blog,이동장 훈련 완전 가이드 — 고양이·강아지가 이동장을 좋아하게 만들기,5,published,2026-07-26T09:00:00.000Z,,sha256:d18316fd527c8edfa5935ecce930088e0a07b1dd253db01103875027938302e2,3,UNVERIFIED,not_semantically_classified,,,,false,NEEDS_HUMAN_REVIEW,Repository seed inventory only; body value and source support require separate review,db/seeds/blog-posts-52.ts,true
blog-208,/blog/pet-consumer-rights-guide,blog,반려동물 소비자 권리 — 분쟁·환불·민원 처리 완전 가이드,4,published,2026-06-27T22:00:00.000Z,,sha256:49c9f86d5d1f12cfaff592678b758bdd4db463d19b0ed8b9e2bcb030f8fd6c9f,3,UNVERIFIED,not_semantically_classified,,,,false,NEEDS_HUMAN_REVIEW,Repository seed inventory only; body value and source support require separate review,db/seeds/blog-posts-21.ts,true
blog-260,/blog/pet-contract-adoption-guide,blog,반려동물 분양·입양 계약서 작성법 — 꼭 포함해야 할 내용과 주의사항,1,published,2026-06-03T18:00:00.000Z,,sha256:b0ed0ba38cf7ae428cfd646634f20db98f51e82d602d393673efe9bc469b44c6,3,UNVERIFIED,not_semantically_classified,,,,false,NEEDS_HUMAN_REVIEW,Repository seed inventory only; body value and source support require separate review,db/seeds/blog-posts-28.ts,true
blog-714,/blog/pet-cremation-types-comparison,blog,반려동물 화장 방법 비교 — 개별·합동·수분해장,6,published,2027-01-07T11:00:00.000Z,,sha256:a6b95509af2da485fc34456f03f90dd8db5490be2836cddcecc592f1c777b00b,2,UNVERIFIED,not_semantically_classified,,,,false,NEEDS_HUMAN_REVIEW,Repository seed inventory only; body value and source support require separate review,db/seeds/blog-posts-118.ts,true
blog-pet-cremation-vs-burial,/blog/pet-cremation-vs-burial,blog,반려동물 화장 vs 장묘 — 비용·절차·선택 기준 완전 비교,6,published,,,sha256:54e68c015e7dabb4634a2e65d139e8177a7b645308dba35ed68d4a026fee7242,3,UNVERIFIED,not_semantically_classified,,,,false,NEEDS_HUMAN_REVIEW,Repository seed inventory only; body value and source support require separate review,db/seeds/blog-posts-13.ts,true
blog-503,/blog/pet-damage-compensation-guide,blog,반려동물이 재산 피해를 입혔을 때 — 배상 책임과 처리 방법,4,published,2026-09-23T11:00:00.000Z,,sha256:ce97372b7ca53f998f0c5ed4053ada9d6110fa803d2d182a601c3236894a23f7,2,UNVERIFIED,not_semantically_classified,,,,false,NEEDS_HUMAN_REVIEW,Repository seed inventory only; body value and source support require separate review,db/seeds/blog-posts-76.ts,true
blog-369,/blog/pet-damage-neighbor-dispute,blog,반려동물이 이웃에게 피해를 줬을 때 — 물림 사고·재산 피해 법적 처리,4,published,2026-07-18T11:00:00.000Z,,sha256:6e07b8fac64312efc3326fb0fe695a0a167bd3e040596ebd668067fcdb7dd472,3,UNVERIFIED,not_semantically_classified,,,,false,NEEDS_HUMAN_REVIEW,Repository seed inventory only; body value and source support require separate review,db/seeds/blog-posts-49.ts,true
blog-242,/blog/pet-death-admin-checklist,blog,반려동물이 떠난 후 해야 할 행정 처리 — 동물등록 말소부터 보험금 청구까지,6,published,2026-06-02T10:00:00.000Z,,sha256:29b314ed1827b0e035be743eb38fdbc23c3bf947d5be8f38524290ff1ef1ffe5,3,UNVERIFIED,not_semantically_classified,,,,false,NEEDS_HUMAN_REVIEW,Repository seed inventory only; body value and source support require separate review,db/seeds/blog-posts-25.ts,true
blog-pet-death-legal-guide,/blog/pet-death-legal-guide,blog,반려동물이 죽었을 때 해야 할 법적·행정 처리,4,published,,,sha256:6dc0be39cdf9db788e30034018fe41ead6560c42707cd865de084b6622b92b6a,3,UNVERIFIED,not_semantically_classified,,,,false,NEEDS_HUMAN_REVIEW,Repository seed inventory only; body value and source support require separate review,db/seeds/blog-posts-10.ts,true
blog-663,/blog/pet-death-registration-cancel,blog,반려동물 사망 후 동물등록 말소 절차 완전 정리,4,published,2026-12-12T11:00:00.000Z,,sha256:a4c43f9798d27baf182b54aab41d87a72be57e63c52aeb07cce1fc9517f24d47,2,UNVERIFIED,not_semantically_classified,,,,false,NEEDS_HUMAN_REVIEW,Repository seed inventory only; body value and source support require separate review,db/seeds/blog-posts-108.ts,true
guide-pet-dental-home-care,/guide/pet-dental-home-care-guide,guide,반려동물 치아 관리 홈케어 가이드 — 칫솔질·간식·스케일링,5,published,,,sha256:2393d72c9f7bfc94e49855c253b3f60548425af957bb4aa68c51f357ce9b44bc,0,UNVERIFIED,not_semantically_classified,,,,false,NEEDS_HUMAN_REVIEW,Repository seed inventory only; body value and source support require separate review,db/seeds/guides-batch-2.ts,true
blog-204,/blog/pet-dental-insurance-guide,blog,반려동물 치과 보험 — 스케일링·발치 적용 범위 완전 정리,4,published,2026-06-27T02:00:00.000Z,,sha256:47392d80e30f6a83f4655b0d82906ae84e2301efaf09be978b0b0e05feb9a8ca,3,UNVERIFIED,not_semantically_classified,,,,false,NEEDS_HUMAN_REVIEW,Repository seed inventory only; body value and source support require separate review,db/seeds/blog-posts-21.ts,true
blog-217,/blog/pet-dna-test-guide,blog,반려동물 DNA 검사 완전 가이드 — 품종 확인부터 건강 예측까지,5,published,2026-06-29T19:00:00.000Z,,sha256:5e8aa78c61a4000ad6bcdd79fe8f821b18ae2ae0d24970f17c82e37c19433fe7,0,UNVERIFIED,not_semantically_classified,,,,false,NEEDS_HUMAN_REVIEW,Repository seed inventory only; body value and source support require separate review,db/seeds/blog-posts-22.ts,true
blog-164,/blog/pet-emergency-kit-guide,blog,반려동물 응급 처치 키트 — 구성법과 상황별 사용법,3,published,2026-06-18T18:00:00.000Z,,sha256:aa91c6230bb307af657fa3a288628735304759808cf425945b198e709f67aca3,2,UNVERIFIED,not_semantically_classified,,,,false,NEEDS_HUMAN_REVIEW,Repository seed inventory only; body value and source support require separate review,db/seeds/blog-posts-17.ts,true
blog-453,/blog/pet-emergency-vet-preparation,blog,응급 동물병원 준비 — 위기 순간에 당황하지 않는 방법,3,published,2026-08-29T11:00:00.000Z,,sha256:8b2eec3a46f5546eb97ce5d8fc018abed35f2cda95a63adb8854ae57d1f3d5bb,2,UNVERIFIED,not_semantically_classified,,,,false,NEEDS_HUMAN_REVIEW,Repository seed inventory only; body value and source support require separate review,db/seeds/blog-posts-66.ts,true
blog-pet-end-of-life-signs,/blog/pet-end-of-life-signs,blog,반려동물의 마지막 징후 — 곁에 있어줘야 할 때를 알아보는 법,6,published,,,sha256:52ec25abe93eb505180ef601374ebce3d334562ecf65c5e1f605e306e85e5609,3,UNVERIFIED,not_semantically_classified,,,,false,NEEDS_HUMAN_REVIEW,Repository seed inventory only; body value and source support require separate review,db/seeds/blog-posts-13.ts,true
blog-313,/blog/pet-euthanasia-decision-guide,blog,안락사 — 결정을 앞두고 있는 보호자에게,6,published,2026-06-20T11:00:00.000Z,,sha256:cdc75ef3231e18fccb3abd4a5068af8b2a3d0d5d31b8fb36eeb450e82dc36c81,3,UNVERIFIED,not_semantically_classified,,,,false,NEEDS_HUMAN_REVIEW,Repository seed inventory only; body value and source support require separate review,db/seeds/blog-posts-38.ts,true
blog-pet-euthanasia-guide,/blog/pet-euthanasia-guide,blog,"반려동물 안락사 — 결정부터 이후까지, 알아야 할 모든 것",6,published,,,sha256:bb57fee8477a81c61af231ea79e083bb9467646ef60da3e91482f2134835f110,3,UNVERIFIED,not_semantically_classified,,,,false,NEEDS_HUMAN_REVIEW,Repository seed inventory only; body value and source support require separate review,db/seeds/blog-posts-13.ts,true
blog-pet-financial-products-guide,/blog/pet-financial-products-guide,blog,반려동물 전용 금융 상품 — 적금·카드 혜택 비교와 활용법,4,published,,,sha256:7b68347e0cb579cb0ebfe4c9a9fd3413c10c71ab489269eb1f60749518c5b902,3,UNVERIFIED,not_semantically_classified,,,,false,NEEDS_HUMAN_REVIEW,Repository seed inventory only; body value and source support require separate review,db/seeds/blog-posts-10.ts,true
blog-332,/blog/pet-first-aid-basic-guide,blog,반려동물 응급처치 기본 — 동물병원 가기 전 보호자가 할 수 있는 것,5,published,2026-06-30T09:00:00.000Z,,sha256:b8da0079daa2eff40777e3cdd6d349f7470550f847aa540dbd91ef81d838cfd7,3,UNVERIFIED,not_semantically_classified,,,,false,NEEDS_HUMAN_REVIEW,Repository seed inventory only; body value and source support require separate review,db/seeds/blog-posts-42.ts,true
seed-guide-pet-first-aid,/guide/pet-first-aid-guide,guide,반려동물 응급처치 기초 가이드 — 상황별 즉각 대응법,3,published,2026-05-18T00:00:00.000Z,,sha256:675d2a750f683e8176f1ee3302bd685498a8fd380829f7b331ddf23c04040cef,2,UNVERIFIED,not_semantically_classified,,,,false,NEEDS_HUMAN_REVIEW,Repository seed inventory only; body value and source support require separate review,db/seeds/contents.ts,true
guide-pet-food-ingredient-analysis,/guide/pet-food-ingredient-analysis-guide,guide,반려동물 사료 성분표 읽는 법 완벽 가이드 — 원료·보증성분 분석,2,published,,,sha256:de0d172ab70eb826d50393b143ffa2cd64dade19086fe07b2e50140ac077eb64,0,UNVERIFIED,not_semantically_classified,,,,false,NEEDS_HUMAN_REVIEW,Repository seed inventory only; body value and source support require separate review,db/seeds/guides-batch-3.ts,true
blog-322,/blog/pet-food-ingredient-label-guide,blog,반려동물 사료 성분표 읽는 법 — 좋은 사료와 나쁜 사료를 구분하는 5가지 기준,2,published,2026-06-25T09:00:00.000Z,,sha256:614446fd830543662219602d00ffeea91b64b5f97be64a7c58e227560280738d,3,UNVERIFIED,not_semantically_classified,,,,false,NEEDS_HUMAN_REVIEW,Repository seed inventory only; body value and source support require separate review,db/seeds/blog-posts-40.ts,true
blog-620,/blog/pet-food-recall-response-guide,blog,사료 리콜 시 대처 방법 — 먹이던 사료가 리콜됐을 때,4,published,2026-11-21T09:00:00.000Z,,sha256:903293e74f83a8bb395305eafd4db6ea95d84113753095d43fb564fa6d5cf6bf,2,UNVERIFIED,not_semantically_classified,,,,false,NEEDS_HUMAN_REVIEW,Repository seed inventory only; body value and source support require separate review,db/seeds/blog-posts-99.ts,true
blog-155,/blog/pet-food-rotation-guide,blog,반려동물 사료 로테이션 — 필요 여부와 전환 시 고려사항,2,published,2026-06-16T21:00:00.000Z,,sha256:99905df9cd15f99ddff6219c51c1bf077d48eb34f70aecf4d9f1914f921a9d0e,2,UNVERIFIED,not_semantically_classified,,,,false,NEEDS_HUMAN_REVIEW,Repository seed inventory only; body value and source support require separate review,db/seeds/blog-posts-16.ts,true
blog-683,/blog/pet-friendly-accommodation-selection,blog,반려동물 동반 숙박 선택 기준 — 체크하지 않으면 낭패,5,published,2026-12-22T11:00:00.000Z,,sha256:517b68c76201fb2e32799fd3b36d6ca3eba5423b5c6e60cb632b7681e23aa5d8,2,UNVERIFIED,not_semantically_classified,,,,false,NEEDS_HUMAN_REVIEW,Repository seed inventory only; body value and source support require separate review,db/seeds/blog-posts-112.ts,true
blog-423,/blog/pet-friendly-cafe-restaurant-guide,blog,반려동물 동반 카페·식당 이용 가이드 — 함께 나가는 기쁨,5,published,2026-08-14T11:00:00.000Z,,sha256:6452fa1064bf528d4a0601d4bc6c456241dfec47174e4bbb69877e29e71452df,3,UNVERIFIED,not_semantically_classified,,,,false,NEEDS_HUMAN_REVIEW,Repository seed inventory only; body value and source support require separate review,db/seeds/blog-posts-60.ts,true
seed-guide-pet-friendly-travel-guide,/guide/pet-friendly-travel-guide,guide,반려동물 동반 여행 — 준비물·주의사항·국내 명소,5,published,2026-05-15T00:00:00.000Z,,sha256:a0b37964635ed9bfd1cbf18bab52e5ab5e73e6258d41cae2f330a8b396975a17,3,UNVERIFIED,not_semantically_classified,,,,false,NEEDS_HUMAN_REVIEW,Repository seed inventory only; body value and source support require separate review,db/seeds/contents.ts,true
blog-353,/blog/pet-funeral-options-guide,blog,반려동물 장례 방법 — 화장·수목장·자연장 선택 기준과 비용,6,published,2026-07-10T11:00:00.000Z,,sha256:69e32a0d1e0950a80208f2448a5458912aafa76f3dd8bf8b5f36ee2351491ca3,3,UNVERIFIED,not_semantically_classified,,,,false,NEEDS_HUMAN_REVIEW,Repository seed inventory only; body value and source support require separate review,db/seeds/blog-posts-46.ts,true
blog-504,/blog/pet-funeral-options-korea,blog,국내 반려동물 장례 형태 — 화장·수목장·해양 산골 비교,6,published,2026-09-24T09:00:00.000Z,,sha256:c7afd84fdf4c3c65639fbfba8c6520973f86611c5f96c01dce35f313501e9fa1,2,UNVERIFIED,not_semantically_classified,,,,false,NEEDS_HUMAN_REVIEW,Repository seed inventory only; body value and source support require separate review,db/seeds/blog-posts-76.ts,true
blog-284,/blog/pet-funeral-self-preparation-guide,blog,반려동물 장례식 직접 준비하기 — 가정 장례의 의미와 절차,6,published,2026-06-06T17:00:00.000Z,,sha256:f8af4efd47d2bd7d6461777ce542d2b9490fa93314d1de0cb637434240fec1c4,3,UNVERIFIED,not_semantically_classified,,,,false,NEEDS_HUMAN_REVIEW,Repository seed inventory only; body value and source support require separate review,db/seeds/blog-posts-32.ts,true
blog-180,/blog/pet-gps-tracker-guide,blog,반려동물 GPS 트래커 완전 가이드 — 종류 비교와 추천 기준,5,published,2026-06-22T02:00:00.000Z,,sha256:d3a5fe38ac76359765840fb461873500c96fe73316e48ac50a0becd315885702,0,UNVERIFIED,not_semantically_classified,,,,false,NEEDS_HUMAN_REVIEW,Repository seed inventory only; body value and source support require separate review,db/seeds/blog-posts-18.ts,true
blog-pet-grief-recovery-guide,/blog/pet-grief-recovery-guide,blog,펫로스 증후군 극복 가이드 — 슬픔을 통과하는 법,6,published,,,sha256:94c7e5f7787ab817f9d6ccce00298861e63f15a75b999430b693c74aa43f0df5,3,UNVERIFIED,not_semantically_classified,,,,false,NEEDS_HUMAN_REVIEW,Repository seed inventory only; body value and source support require separate review,db/seeds/blog-posts-13.ts,true
guide-pet-grooming-home,/guide/pet-grooming-home-guide,guide,반려동물 홈 그루밍 완벽 가이드 — 셀프 미용 기초,5,published,,,sha256:c5baedb15218fe753621a7019e34f344128fb68538696955729b801ef5d3c90d,0,UNVERIFIED,not_semantically_classified,,,,false,NEEDS_HUMAN_REVIEW,Repository seed inventory only; body value and source support require separate review,db/seeds/guides-batch-1.ts,true
seed-guide-pet-health-checkup,/guide/pet-health-checkup-guide,guide,반려동물 정기 건강검진 가이드 — 주기·항목·준비,3,published,2026-05-22T00:00:00.000Z,,sha256:dcf4838e714f1601bf7bdb3615df4f892060a8338d61e59f6bdf1e0c8a2622d0,3,UNVERIFIED,not_semantically_classified,,,,false,NEEDS_HUMAN_REVIEW,Repository seed inventory only; body value and source support require separate review,db/seeds/contents.ts,true
guide-pet-heatstroke-prevention-complete,/guide/pet-heatstroke-prevention-complete-guide,guide,반려동물 여름철 열사병 예방 완벽 가이드 — 강아지·고양이 폭염 대처,5,published,,,sha256:9026ca276c42586a500eb251a140f7cd2654cd9e4bc225a12690f6b3df941227,0,UNVERIFIED,not_semantically_classified,,,,false,NEEDS_HUMAN_REVIEW,Repository seed inventory only; body value and source support require separate review,db/seeds/guides-batch-3.ts,true
blog-340,/blog/pet-home-memorial-ceremony,blog,집에서 하는 작은 작별 — 반려동물을 위한 홈 추모 방법들,6,published,2026-07-04T09:00:00.000Z,,sha256:a1fe27ac64663fcdc31223cc2d152ffa4e1a7cc4886e19662d4faad0c9b36ab3,3,UNVERIFIED,not_semantically_classified,,,,false,NEEDS_HUMAN_REVIEW,Repository seed inventory only; body value and source support require separate review,db/seeds/blog-posts-43.ts,true
blog-157,/blog/pet-homemade-diet-safety,blog,반려동물 자연식의 진실 — 영양 균형 맞추는 완전 가이드,2,published,2026-06-17T07:00:00.000Z,,sha256:0112acb339223284df332b55ab9cfc10075fe6a6953a7b077c645eac966eb606,0,UNVERIFIED,not_semantically_classified,,,,false,NEEDS_HUMAN_REVIEW,Repository seed inventory only; body value and source support require separate review,db/seeds/blog-posts-16.ts,true
blog-pet-hospice-care-guide,/blog/pet-hospice-care-guide,blog,반려동물 호스피스 케어 가이드 — 마지막 시간을 편안하게,6,published,,,sha256:1325c26120bc2ea9eabdcbfcda469add10c770aa3606427727e3ee35c88be0bd,3,UNVERIFIED,not_semantically_classified,,,,false,NEEDS_HUMAN_REVIEW,Repository seed inventory only; body value and source support require separate review,db/seeds/blog-posts-13.ts,true
blog-575,/blog/pet-hospice-care-guide,blog,반려동물 호스피스 케어 — 마지막 시간을 편안하게 보내는 방법,6,published,2026-10-29T11:00:00.000Z,,sha256:7e6b874c933d46c16743a248bd357449ca4e8784a227f75665518b3fcabc88a0,2,UNVERIFIED,not_semantically_classified,,,,false,NEEDS_HUMAN_REVIEW,Repository seed inventory only; body value and source support require separate review,db/seeds/blog-posts-90.ts,true
blog-270,/blog/pet-hospice-vet-questions-guide,blog,"반려동물 마지막 시간, 수의사에게 꼭 물어봐야 할 것들",6,published,2026-06-04T18:00:00.000Z,,sha256:62c9c3f231da2423663134ef4c4e540e7625a48aadf8a1d7946b227d0e11ba15,3,UNVERIFIED,not_semantically_classified,,,,false,NEEDS_HUMAN_REVIEW,Repository seed inventory only; body value and source support require separate review,db/seeds/blog-posts-29.ts,true
blog-386,/blog/pet-hotel-boarding-checklist,blog,반려동물 호텔·위탁 맡기기 전 체크리스트 — 안전한 곳 고르는 기준,4,published,2026-07-27T09:00:00.000Z,,sha256:c755ca6bd935143462e4a37d2db95c16116dfc4b73ade1da743f88fc7a1ffe7b,3,UNVERIFIED,not_semantically_classified,,,,false,NEEDS_HUMAN_REVIEW,Repository seed inventory only; body value and source support require separate review,db/seeds/blog-posts-53.ts,true
blog-234,/blog/pet-human-allergy-guide,blog,사람 반려동물 알레르기 — 증상·진단·함께 사는 완전 가이드,3,published,2026-07-03T08:00:00.000Z,,sha256:42dbb7fd241ce2b743301927b31f930924a69a1c5100ae9a222faee0aa230d05,2,UNVERIFIED,not_semantically_classified,,,,false,NEEDS_HUMAN_REVIEW,Repository seed inventory only; body value and source support require separate review,db/seeds/blog-posts-24.ts,true
blog-pet-insurance-age-renewal-guide,/blog/pet-insurance-age-renewal-guide,blog,노령 반려동물 펫보험 — 나이 제한과 갱신 전략 완전 정리,4,published,,,sha256:ae9094fb2d66a905b9fec6387a3e9bd7013301cba118441557478e9d7d273f02,3,UNVERIFIED,not_semantically_classified,,,,false,NEEDS_HUMAN_REVIEW,Repository seed inventory only; body value and source support require separate review,db/seeds/blog-posts-10.ts,true
seed-guide-pet-insurance-checklist,/guide/pet-insurance-before-joining,guide,펫보험 가입 전 꼭 확인해야 할 7가지,4,review_queue,,,sha256:24408fb61612b6276b6b7b2ca2448281a6af763b23b64cbf534caca8f0ea98be,3,UNVERIFIED,not_semantically_classified,,,,false,NEEDS_HUMAN_REVIEW,Repository seed inventory only; body value and source support require separate review,db/seeds/contents.ts,true
blog-201,/blog/pet-insurance-cat-guide,blog,고양이 펫보험 완전 가이드 — 선택 기준과 주요 특약 비교,4,published,2026-06-26T11:00:00.000Z,,sha256:8ba7ec1505b361ed05c09d32ae30d8ef5737944073558e27ea32c8a4d2cd2611,3,UNVERIFIED,not_semantically_classified,,,,false,NEEDS_HUMAN_REVIEW,Repository seed inventory only; body value and source support require separate review,db/seeds/blog-posts-21.ts,true
blog-pet-insurance-claim-guide,/blog/pet-insurance-claim-guide,blog,펫보험 보험금 청구 방법 — 서류 준비부터 입금까지,4,published,2026-05-22T19:00:00.000Z,,sha256:bea5007f82ab9a1e53e228dfa3a2c70b9fb66218de56e45d992d314d31bc57a2,2,UNVERIFIED,not_semantically_classified,,,,false,NEEDS_HUMAN_REVIEW,Repository seed inventory only; body value and source support require separate review,db/seeds/blog-posts-2.ts,true
seed-guide-pet-insurance-claim,/guide/pet-insurance-claim-guide,guide,펫보험 보험금 청구 방법 — 서류 준비부터 지급까지,4,published,2026-05-22T00:00:00.000Z,,sha256:246d2231825c4743e3aa1f296a5a4c3c5d305055f2ebfa056c1cbf8ae3c34f3e,3,UNVERIFIED,not_semantically_classified,,,,false,NEEDS_HUMAN_REVIEW,Repository seed inventory only; body value and source support require separate review,db/seeds/contents.ts,true
blog-552,/blog/pet-insurance-claim-rejected,blog,펫보험 청구 거절됐을 때 — 이의 제기 방법과 성공 전략,4,published,2026-10-18T09:00:00.000Z,,sha256:a9b95680053fb90526abca471ffb0565039b3e8b707945f13dee54d8dddfba0a,2,UNVERIFIED,not_semantically_classified,,,,false,NEEDS_HUMAN_REVIEW,Repository seed inventory only; body value and source support require separate review,db/seeds/blog-posts-86.ts,true
blog-343,/blog/pet-insurance-claim-rejection-guide,blog,펫보험 청구가 거절됐을 때 — 이의 신청 방법과 거절 유형별 대처,4,published,2026-07-05T11:00:00.000Z,,sha256:1a5464ee61324be429b8a48f24d591cf423dfc21ba8b1d90218691a6b907e3ae,3,UNVERIFIED,not_semantically_classified,,,,false,NEEDS_HUMAN_REVIEW,Repository seed inventory only; body value and source support require separate review,db/seeds/blog-posts-44.ts,true
blog-705,/blog/pet-insurance-claim-rejection-reasons,blog,펫보험 보험금 청구 거절 사유 TOP 5,4,published,2027-01-03T09:00:00.000Z,,sha256:51e8c6a55965e65f7a874e96aad31e879e75c0ace1054139cc7668f5653acea1,2,UNVERIFIED,not_semantically_classified,,,,false,NEEDS_HUMAN_REVIEW,Repository seed inventory only; body value and source support require separate review,db/seeds/blog-posts-116.ts,true
blog-pet-insurance-comparison-guide,/blog/pet-insurance-comparison-guide,blog,펫보험 비교 가이드 — 제대로 고르는 5가지 기준,4,published,,,sha256:f3a9e8c128f2eb39fae7a73e8cd379a103a7da3b4754394846febc88b78c00d7,3,UNVERIFIED,not_semantically_classified,,,,false,NEEDS_HUMAN_REVIEW,Repository seed inventory only; body value and source support require separate review,db/seeds/blog-posts-9.ts,true
blog-408,/blog/pet-insurance-comparison-hidden-tips,blog,펫보험 비교할 때 놓치는 것들 — 보험료보다 중요한 5가지,4,published,2026-08-07T09:00:00.000Z,,sha256:ff2958adca8c29a15b9b7a55c2b981adc460a19a779e44d131b4d1c342a63f92,3,UNVERIFIED,not_semantically_classified,,,,false,NEEDS_HUMAN_REVIEW,Repository seed inventory only; body value and source support require separate review,db/seeds/blog-posts-57.ts,true
blog-210,/blog/pet-insurance-comparison-method,blog,펫보험 제대로 비교하는 방법 — 5가지 핵심 기준 완전 정리,4,published,2026-06-28T08:00:00.000Z,,sha256:02c4f01a4267d846238ac797aa4fc3ab8d97ca127c2d4533d61e83193fffd436,3,UNVERIFIED,not_semantically_classified,,,,false,NEEDS_HUMAN_REVIEW,Repository seed inventory only; body value and source support require separate review,db/seeds/blog-posts-21.ts,true
blog-265,/blog/pet-insurance-coverage-reduced-at-renewal,blog,펫보험 갱신 시 보장 범위가 줄어든다? — 조건 변경 유형과 대응법,4,published,2026-06-04T13:00:00.000Z,,sha256:f1ab057b2f7308b39bd06a3d5fdc16f4d03a39beda23bfb293094b2e7d510379,3,UNVERIFIED,not_semantically_classified,,,,false,NEEDS_HUMAN_REVIEW,Repository seed inventory only; body value and source support require separate review,db/seeds/blog-posts-29.ts,true
blog-253,/blog/pet-insurance-deductible-fixed-vs-rate,blog,펫보험 자기부담금 정액제 vs 정률제 — 어떤 게 유리한가,4,published,2026-06-03T11:00:00.000Z,,sha256:717e6c03282e1d671ec74e86ef3c7c6136f3e37b94e8d9ca6a9c36e120252cea,2,UNVERIFIED,not_semantically_classified,,,,false,NEEDS_HUMAN_REVIEW,Repository seed inventory only; body value and source support require separate review,db/seeds/blog-posts-27.ts,true
blog-202,/blog/pet-insurance-deductible-guide,blog,펫보험 자기부담금 완전 이해 — 20% vs 정액제 선택 기준,4,published,2026-06-26T16:00:00.000Z,,sha256:816f4a1926df74b1a00685b9f90051f76701afc9d11b87b4aa1f66d4575361b4,3,UNVERIFIED,not_semantically_classified,,,,false,NEEDS_HUMAN_REVIEW,Repository seed inventory only; body value and source support require separate review,db/seeds/blog-posts-21.ts,true
blog-469,/blog/pet-insurance-dental-coverage,blog,펫보험 치과 보장 — 치석 제거와 발치는 보상받을 수 있을까,4,published,2026-09-06T11:00:00.000Z,,sha256:fffdbb3b29ad814de5aafa22eb8e4f6c91b7d6bc5a8a5f3726150330a968aa1a,2,UNVERIFIED,not_semantically_classified,,,,false,NEEDS_HUMAN_REVIEW,Repository seed inventory only; body value and source support require separate review,db/seeds/blog-posts-69.ts,true
blog-544,/blog/pet-insurance-exclusion-clauses,blog,펫보험 면책 조항 완전 해설 — 이것을 몰랐다가 청구 거절된다,4,published,2026-10-14T09:00:00.000Z,,sha256:c34506476ccd6848bde138b7c8be8f4d16cf6dffb61bfceceb726fe84e56e618,2,UNVERIFIED,not_semantically_classified,,,,false,NEEDS_HUMAN_REVIEW,Repository seed inventory only; body value and source support require separate review,db/seeds/blog-posts-84.ts,true
seed-guide-pet-insurance-exclusions,/guide/pet-insurance-exclusions,guide,펫보험 면책 사항 완전 정복 — 보장 안 되는 항목과 절약 전략,4,published,2026-05-22T00:00:00.000Z,,sha256:9c2261232d97521e38adbfe25d35e48c2438485e62d2738ace79e7de10717744,3,UNVERIFIED,not_semantically_classified,,,,false,NEEDS_HUMAN_REVIEW,Repository seed inventory only; body value and source support require separate review,db/seeds/contents.ts,true
blog-pet-insurance-exclusions-guide,/blog/pet-insurance-exclusions-guide,blog,펫보험 면책사항 완전 정리 — 이것은 안 된다고요?,4,published,,,sha256:5cdb4c0b880d7ec7e1a22c2f895e527523f0b5781bd9c46caaed43d92e58e80d,3,UNVERIFIED,not_semantically_classified,,,,false,NEEDS_HUMAN_REVIEW,Repository seed inventory only; body value and source support require separate review,db/seeds/blog-posts-9.ts,true
blog-pet-insurance-guide,/blog/pet-insurance-guide,blog,펫보험 처음 가입할 때 확인해야 할 5가지,4,published,2026-05-22T10:00:00.000Z,,sha256:31cb446860c961eba27d54fae707aa1c93f58329841c855a6cda8f8fcc71ca4c,3,UNVERIFIED,not_semantically_classified,,,,false,NEEDS_HUMAN_REVIEW,Repository seed inventory only; body value and source support require separate review,db/seeds/blog-posts-2.ts,true
blog-443,/blog/pet-insurance-hereditary-coverage,blog,펫보험 유전·선천성 질환 보장 — 약관 속 함정 읽는 법,4,published,2026-08-24T11:00:00.000Z,,sha256:1e60f7a80109d8fa90d0f2241f868cc3b4cd0f469706537dfd56f24666115e5d,2,UNVERIFIED,not_semantically_classified,,,,false,NEEDS_HUMAN_REVIEW,Repository seed inventory only; body value and source support require separate review,db/seeds/blog-posts-64.ts,true
blog-604,/blog/pet-insurance-premium-comparison,blog,펫보험 보험료 비교 — 같아 보이는 보험이 왜 가격이 다른가,4,published,2026-11-13T09:00:00.000Z,,sha256:ae532f79c78c0a449a59cc95c9c650ae3cdfd580f52b1614c3c9027c04d34099,2,UNVERIFIED,not_semantically_classified,,,,false,NEEDS_HUMAN_REVIEW,Repository seed inventory only; body value and source support require separate review,db/seeds/blog-posts-96.ts,true
blog-298,/blog/pet-insurance-premium-saving-tips,blog,"펫보험 보험료 절약 꿀팁 — 같은 보장, 더 싸게 가입하는 5가지 방법",4,published,2026-06-12T09:00:00.000Z,,sha256:0625de7568bb29e51b3a968da471b7c98782c6909a1d9a7ba8a3144c34f2a378,3,UNVERIFIED,not_semantically_classified,,,,false,NEEDS_HUMAN_REVIEW,Repository seed inventory only; body value and source support require separate review,db/seeds/blog-posts-35.ts,true
blog-241,/blog/pet-insurance-refund-vs-loss-type,blog,펫보험 환급형 vs 소멸형 — 보호자 상황별 최적 선택 기준,4,published,2026-06-02T09:00:00.000Z,,sha256:c3448b16cbc52271edc6d4e5717ee965a64c48e1702d6de77822a0f1190a3c1a,3,UNVERIFIED,not_semantically_classified,,,,false,NEEDS_HUMAN_REVIEW,Repository seed inventory only; body value and source support require separate review,db/seeds/blog-posts-25.ts,true
blog-398,/blog/pet-insurance-renewal-cancel-guide,blog,펫보험 갱신과 해지 — 보험료 오를 때 어떻게 결정해야 하나,4,published,2026-08-02T09:00:00.000Z,,sha256:31e0a4a25392626afdd1a3fa6a7d675b04f4f6e617a71cad2ef9223e116e2140,3,UNVERIFIED,not_semantically_classified,,,,false,NEEDS_HUMAN_REVIEW,Repository seed inventory only; body value and source support require separate review,db/seeds/blog-posts-55.ts,true
blog-673,/blog/pet-insurance-renewal-rejection,blog,펫보험 갱신 거절 — 사유와 대처법,4,published,2026-12-17T11:00:00.000Z,,sha256:ba98d8661f33781d54024d90d875dce8ed8529573a9c83a381969fbe2d2052c9,2,UNVERIFIED,not_semantically_classified,,,,false,NEEDS_HUMAN_REVIEW,Repository seed inventory only; body value and source support require separate review,db/seeds/blog-posts-110.ts,true
blog-246,/blog/pet-insurance-renewal-rejection-guide,blog,펫보험 갱신 거절 사유 5가지 — 나이·질환 이력·품종별 인수 기준 완전 정리,4,published,2026-06-02T14:00:00.000Z,,sha256:c02bc7dfe8d2f5ed8d3b34113c46e889644023eae5f47c4251956a85472f5378,3,UNVERIFIED,not_semantically_classified,,,,false,NEEDS_HUMAN_REVIEW,Repository seed inventory only; body value and source support require separate review,db/seeds/blog-posts-26.ts,true
blog-207,/blog/pet-insurance-waiting-period,blog,펫보험 대기 기간 완전 이해 — 기간·종류·가입 전략,4,published,2026-06-27T17:00:00.000Z,,sha256:88792eac9908088453255345c1398793a0e93241e65fba17f62db62a1969dfac,3,UNVERIFIED,not_semantically_classified,,,,false,NEEDS_HUMAN_REVIEW,Repository seed inventory only; body value and source support require separate review,db/seeds/blog-posts-21.ts,true
blog-466,/blog/pet-insurance-waiting-period,blog,펫보험 대기기간 — 모르면 보험료만 내고 보상 못 받는다,4,published,2026-09-05T09:00:00.000Z,,sha256:14e5e7773299bf5c2e6913e57a69f9e87a3c44bfffb51e719343686bbba91d85,2,UNVERIFIED,not_semantically_classified,,,,false,NEEDS_HUMAN_REVIEW,Repository seed inventory only; body value and source support require separate review,db/seeds/blog-posts-69.ts,true
blog-719,/blog/pet-insurance-waiting-period-guide,blog,펫보험 대기 기간 — 가입 직후 보장 안 되는 항목들,4,published,2027-01-10T09:00:00.000Z,,sha256:5d7caedba87ac3b8249da9f934494fa13e144f632e5ecde3d29f5da445349e8a,2,UNVERIFIED,not_semantically_classified,,,,false,NEEDS_HUMAN_REVIEW,Repository seed inventory only; body value and source support require separate review,db/seeds/blog-posts-119.ts,true
blog-311,/blog/pet-insurance-waiting-period-guide,blog,펫보험 대기기간 완전 정리 — 가입 후 언제부터 보장받나,4,published,2026-06-19T11:00:00.000Z,,sha256:cc5aad3088abc8958e0e584d6d8a9a901b129d94c0b1899af4c927ea8a58da32,3,UNVERIFIED,not_semantically_classified,,,,false,NEEDS_HUMAN_REVIEW,Repository seed inventory only; body value and source support require separate review,db/seeds/blog-posts-38.ts,true
blog-653,/blog/pet-international-travel-microchip,blog,반려동물 해외 출국·입국 — 마이크로칩·검역·서류 완전 가이드,4,published,2026-12-07T11:00:00.000Z,,sha256:db1ec86cacdee401c71640fc31ab060577152821918dfb0479b91ba6246e41d4,2,UNVERIFIED,not_semantically_classified,,,,false,NEEDS_HUMAN_REVIEW,Repository seed inventory only; body value and source support require separate review,db/seeds/blog-posts-106.ts,true
blog-223,/blog/pet-jealousy-management,blog,반려동물 질투심 — 원인 이해와 관리법 완전 가이드,5,published,2026-07-01T01:00:00.000Z,,sha256:f4b51c75fa972fc3ec47d01cab41fcc548d0922fb294dfcd8ffbc2dbb95112e5,0,UNVERIFIED,not_semantically_classified,,,,false,NEEDS_HUMAN_REVIEW,Repository seed inventory only; body value and source support require separate review,db/seeds/blog-posts-23.ts,true
blog-510,/blog/pet-legal-status-korea-2024,blog,"한국 반려동물의 법적 지위 — 물건인가, 존재인가",4,published,2026-09-27T09:00:00.000Z,,sha256:4eb42b4738d2bf9dd9c7a6d1d77a4c6ebbc87bdec3b6f4c47a8d047eff554efa,2,UNVERIFIED,not_semantically_classified,,,,false,NEEDS_HUMAN_REVIEW,Repository seed inventory only; body value and source support require separate review,db/seeds/blog-posts-77.ts,true
blog-267,/blog/pet-legal-will-trust-guide,blog,반려동물 유언 계획 — 내가 없을 때 아이를 지키는 법적 방법,4,published,2026-06-04T15:00:00.000Z,,sha256:c352d365332b0acd5157dbf4a01da57eddc195c742a80163ce27749741e6d17b,3,UNVERIFIED,not_semantically_classified,,,,false,NEEDS_HUMAN_REVIEW,Repository seed inventory only; body value and source support require separate review,db/seeds/blog-posts-29.ts,true
blog-745,/blog/pet-loss-anniversary-memorial-day,blog,반려동물 기일 — 기억의 날을 어떻게 보낼 것인가,6,published,2027-01-23T09:00:00.000Z,,sha256:f5cc16881e7ec871bd3a5d65650d7a590bb17703503579dc52213485c1c55951,2,UNVERIFIED,not_semantically_classified,,,,false,NEEDS_HUMAN_REVIEW,Repository seed inventory only; body value and source support require separate review,db/seeds/blog-posts-124.ts,true
blog-489,/blog/pet-loss-children-guide,blog,아이에게 반려동물의 죽음 설명하기 — 나이에 맞는 방법,6,published,2026-09-16T11:00:00.000Z,,sha256:d3d41e7d77c477a2afddea30c8801a841154b73a8e9751f683eb63cae07d65c5,2,UNVERIFIED,not_semantically_classified,,,,false,NEEDS_HUMAN_REVIEW,Repository seed inventory only; body value and source support require separate review,db/seeds/blog-posts-73.ts,true
blog-299,/blog/pet-medical-expense-tax-deduction-guide,blog,반려동물 의료비 세액공제 가이드 — 2024년 이후 달라진 기준 총정리,4,published,2026-06-12T11:00:00.000Z,,sha256:637b606e382e4c2d926515e94b16c9902f1e5d5d8d25ed58ac63409ac2f4e6e4,3,UNVERIFIED,not_semantically_classified,,,,false,NEEDS_HUMAN_REVIEW,Repository seed inventory only; body value and source support require separate review,db/seeds/blog-posts-35.ts,true
blog-684,/blog/pet-medical-expense-tax-info,blog,반려동물 의료비 세액공제 — 현재 공제 대상 여부 총정리,4,published,2026-12-23T09:00:00.000Z,,sha256:d853142312fb657d2e01e6230d9ef644edf1c634becfda22fdf4e726a70447bb,2,UNVERIFIED,not_semantically_classified,,,,false,NEEDS_HUMAN_REVIEW,Repository seed inventory only; body value and source support require separate review,db/seeds/blog-posts-112.ts,true
blog-285,/blog/pet-memorial-garden-making-guide,blog,반려동물 추모 정원 만들기 — 식물로 기억을 남기는 방법,6,published,2026-06-06T18:00:00.000Z,,sha256:0361414a62eded82129d42cc12b0a3275757b4c775cd302026dd3c4d6e9c5f7f,2,UNVERIFIED,not_semantically_classified,,,,false,NEEDS_HUMAN_REVIEW,Repository seed inventory only; body value and source support require separate review,db/seeds/blog-posts-32.ts,true
blog-pet-memorial-ideas,/blog/pet-memorial-ideas,blog,반려동물 추모 방법 15가지 — 마음을 담은 기억 방식,6,published,,,sha256:0414b58f8095795bd12152d778311851809e61b0f45cb954f55d93888d71e60e,3,UNVERIFIED,not_semantically_classified,,,,false,NEEDS_HUMAN_REVIEW,Repository seed inventory only; body value and source support require separate review,db/seeds/blog-posts-13.ts,true
blog-300,/blog/pet-memorial-memory-box-making-guide,blog,반려동물 추모 메모리박스 만들기 — 기억을 오래 간직하는 방법,6,published,2026-06-13T09:00:00.000Z,,sha256:7f848c0d068ee219ae7438b088b594d6514c0bd6e5f1ab9f5b268792c84f2fb0,2,UNVERIFIED,not_semantically_classified,,,,false,NEEDS_HUMAN_REVIEW,Repository seed inventory only; body value and source support require separate review,db/seeds/blog-posts-35.ts,true
blog-pet-memorial-park-guide,/blog/pet-memorial-park-guide,blog,반려동물 추모공원 이용 가이드 — 공원 선택부터 안치까지,6,published,,,sha256:7d913dc9ecbcc386bc1eed9130dc2d1c6f1847c72267dee7885eb5879e2c47a8,3,UNVERIFIED,not_semantically_classified,,,,false,NEEDS_HUMAN_REVIEW,Repository seed inventory only; body value and source support require separate review,db/seeds/blog-posts-13.ts,true
blog-400,/blog/pet-memorial-park-guide,blog,반려동물 추모공원 이용 가이드 — 납골당·수목장·자연장 선택과 방문,6,published,2026-08-03T09:00:00.000Z,,sha256:5566690d635bb7271ab045a24d37b931de742d68378c464ff04fe32797fdce0f,3,UNVERIFIED,not_semantically_classified,,,,false,NEEDS_HUMAN_REVIEW,Repository seed inventory only; body value and source support require separate review,db/seeds/blog-posts-55.ts,true
blog-269,/blog/pet-memorial-photo-video-album,blog,반려동물 추모 사진·영상 앨범 만들기 — 디지털·실물 각각 방법 정리,6,published,2026-06-04T17:00:00.000Z,,sha256:6d48491c1f76bb473e3d8f2918906683903a0b4da4f82310fe0329dc44c701fe,1,UNVERIFIED,not_semantically_classified,,,,false,NEEDS_HUMAN_REVIEW,Repository seed inventory only; body value and source support require separate review,db/seeds/blog-posts-29.ts,true
blog-389,/blog/pet-memorial-tattoo-artwork-ideas,blog,반려동물 추모 타투와 아트워크 — 몸과 공간에 기억을 새기는 방법,6,published,2026-07-28T11:00:00.000Z,,sha256:a34879d7412e78b5f1b2c39e6c53bfebbe8543253838989a1f8c9a6f9da05087,3,UNVERIFIED,not_semantically_classified,,,,false,NEEDS_HUMAN_REVIEW,Repository seed inventory only; body value and source support require separate review,db/seeds/blog-posts-53.ts,true
seed-guide-microchip-registration,/guide/pet-microchip-registration-guide,guide,반려견 마이크로칩 등록 완전 가이드 — 절차·비용·조회,1,published,2026-05-19T00:00:00.000Z,,sha256:9daf8cdecbdbcfa5fdb5959e5fd35f13e2210185bc437dc7777437731437ad35,2,UNVERIFIED,not_semantically_classified,,,,false,NEEDS_HUMAN_REVIEW,Repository seed inventory only; body value and source support require separate review,db/seeds/contents.ts,true
blog-177,/blog/pet-moving-guide,blog,반려동물과 이사하기 — 새 집 적응 완전 가이드,5,published,2026-06-21T11:00:00.000Z,,sha256:336a1a92a4438b067f575374d864dc9c3f6b18807ca6c89f04a98cc84eded20a,0,UNVERIFIED,not_semantically_classified,,,,false,NEEDS_HUMAN_REVIEW,Repository seed inventory only; body value and source support require separate review,db/seeds/blog-posts-18.ts,true
blog-272,/blog/pet-moving-new-home-adaptation,blog,반려동물과 이사하기 — 새 집 적응을 돕는 단계별 가이드,1,published,2026-06-05T10:00:00.000Z,,sha256:b3b95a6532207b0b067b34b034abca6862dfbbb863e44a6753111f7cc8ce9fc3,3,UNVERIFIED,not_semantically_classified,,,,false,NEEDS_HUMAN_REVIEW,Repository seed inventory only; body value and source support require separate review,db/seeds/blog-posts-30.ts,true
blog-255,/blog/pet-neighbor-dispute-resolution,blog,반려동물로 인한 이웃 분쟁 해결 방법 — 소음·냄새·물림 사고별 대처법,4,published,2026-06-03T13:00:00.000Z,,sha256:2891876c1c1f16966a572a52988f090614d4dfbcf8b4f2a184201826407cc070,3,UNVERIFIED,not_semantically_classified,,,,false,NEEDS_HUMAN_REVIEW,Repository seed inventory only; body value and source support require separate review,db/seeds/blog-posts-27.ts,true
blog-460,/blog/pet-noise-rental-dispute-guide,blog,반려동물 소음 분쟁 — 법적 대처와 예방 방법,4,published,2026-09-02T09:00:00.000Z,,sha256:87b290856b0e5cc9673f996bd4ada1384cef98f80a7464883f5f204e13c57497,2,UNVERIFIED,not_semantically_classified,,,,false,NEEDS_HUMAN_REVIEW,Repository seed inventory only; body value and source support require separate review,db/seeds/blog-posts-67.ts,true
blog-274,/blog/pet-online-purchase-consumer-rights,blog,반려동물 용품·사료 온라인 구매 피해 예방 — 소비자 권리와 환불 기준,4,published,2026-06-05T12:00:00.000Z,,sha256:c37aa1dd7675b91c671c7627cbcd903286a91fa6c2c2636518ef52da635ac359,3,UNVERIFIED,not_semantically_classified,,,,false,NEEDS_HUMAN_REVIEW,Repository seed inventory only; body value and source support require separate review,db/seeds/blog-posts-30.ts,true
blog-524,/blog/pet-owner-estate-planning,blog,반려동물 보호자 사망 또는 입원 후 — 반려동물은 어떻게 되나,4,published,2026-10-04T09:00:00.000Z,,sha256:37634604c299caecbd462581e141cfeb560100eff88a1bfb8d3853a72a81ed6e,2,UNVERIFIED,not_semantically_classified,,,,false,NEEDS_HUMAN_REVIEW,Repository seed inventory only; body value and source support require separate review,db/seeds/blog-posts-80.ts,true
blog-176,/blog/pet-photo-tips,blog,반려동물 사진 잘 찍는 법 — 스마트폰으로 인생샷 완성,5,published,2026-06-21T06:00:00.000Z,,sha256:fc80661489eedcb0658e2f9f3998dfbc0e5d5d25a872eaa22efae190e80994ff,0,UNVERIFIED,not_semantically_classified,,,,false,NEEDS_HUMAN_REVIEW,Repository seed inventory only; body value and source support require separate review,db/seeds/blog-posts-18.ts,true
blog-374,/blog/pet-photo-tips-guide,blog,반려동물 사진 잘 찍는 법 — 스마트폰으로 작가 같은 사진 만들기,5,published,2026-07-21T09:00:00.000Z,,sha256:12bbd1778d30fa6d542dd7b52c380a891d7cb438973a3b40775f24c9edaa7b51,3,UNVERIFIED,not_semantically_classified,,,,false,NEEDS_HUMAN_REVIEW,Repository seed inventory only; body value and source support require separate review,db/seeds/blog-posts-50.ts,true
blog-594,/blog/pet-quality-of-life-assessment,blog,반려동물 삶의 질 평가 — '아직 괜찮은가'를 객관적으로 보는 방법,6,published,2026-11-08T09:00:00.000Z,,sha256:bf42fe5775f54e86b141613d1c8589192cc0a2f62a01e1b3985f59e102a5b761,2,UNVERIFIED,not_semantically_classified,,,,false,NEEDS_HUMAN_REVIEW,Repository seed inventory only; body value and source support require separate review,db/seeds/blog-posts-94.ts,true
blog-pet-registration-guide,/blog/pet-registration-guide,blog,동물등록 방법 안내 — 내장형·외장형과 변경 신고,1,published,2026-05-22T00:00:00.000Z,,sha256:3a732c4dae082a4137fa31b04922dc10948bc06c6f1b5030493d5e2c27fc9416,3,UNVERIFIED,not_semantically_classified,,,,false,NEEDS_HUMAN_REVIEW,Repository seed inventory only; body value and source support require separate review,db/seeds/blog-posts.ts,true
guide-pet-registration-korea,/guide/pet-registration-guide-korea,guide,반려동물 동물등록 완벽 가이드 — 방법·비용·주의사항,1,published,,,sha256:f94c3cef1537416246596f5b8df2b713fd5255f99a16c3093796ae6d8099846b,0,UNVERIFIED,not_semantically_classified,,,,false,NEEDS_HUMAN_REVIEW,Repository seed inventory only; body value and source support require separate review,db/seeds/guides-batch-1.ts,true
blog-pet-rental-contract-guide,/blog/pet-rental-contract-guide,blog,반려동물과 전세·월세 계약 — 특약·분쟁 예방 가이드,4,published,,,sha256:3764167de27a176d35203ba3458058c65ebafa09fbdc588859b00aa38b77ce4a,3,UNVERIFIED,not_semantically_classified,,,,false,NEEDS_HUMAN_REVIEW,Repository seed inventory only; body value and source support require separate review,db/seeds/blog-posts-14.ts,true
blog-514,/blog/pet-rental-no-pets-dispute,blog,반려동물 금지 건물에서 키우다 걸렸을 때 — 법적 권리와 대처법,4,published,2026-09-29T09:00:00.000Z,,sha256:1edda8724abaa873a8cab6436cd0c72f7cb21e9ce7f575e87a93e5cd2c227a6d,2,UNVERIFIED,not_semantically_classified,,,,false,NEEDS_HUMAN_REVIEW,Repository seed inventory only; body value and source support require separate review,db/seeds/blog-posts-78.ts,true
guide-pet-safe-home-environment,/guide/pet-safe-home-environment-guide,guide,반려동물 안전한 집 환경 만들기 — 위험 요소 점검 가이드,5,published,,,sha256:0b7702e6f4fd5c80a454d5d8a69d79680cc5a754545540d6444bd6db37cf1339,0,UNVERIFIED,not_semantically_classified,,,,false,NEEDS_HUMAN_REVIEW,Repository seed inventory only; body value and source support require separate review,db/seeds/guides-batch-3.ts,true
blog-303,/blog/pet-separation-anxiety-treatment-guide,blog,반려동물 분리불안 — 혼자 있을 때만 나타나는 증상과 단계별 극복 훈련,5,published,2026-06-15T09:00:00.000Z,,sha256:6649eb15df37ce1f52d3c84a2cf034aa5bd83cbbe813838d4d82d5b86e46292e,3,UNVERIFIED,not_semantically_classified,,,,false,NEEDS_HUMAN_REVIEW,Repository seed inventory only; body value and source support require separate review,db/seeds/blog-posts-36.ts,true
blog-287,/blog/pet-sitter-dogwalker-contract-guide,blog,펫시터·도그워커 고용 시 확인해야 할 계약 사항 — 사고 대비 체크리스트,4,published,2026-06-07T10:00:00.000Z,,sha256:7d3de2c95321ded98b87571251f13faac27bacd0fba6cc52d1eedc3e285f9c25,3,UNVERIFIED,not_semantically_classified,,,,false,NEEDS_HUMAN_REVIEW,Repository seed inventory only; body value and source support require separate review,db/seeds/blog-posts-33.ts,true
seed-guide-pet-sitter,/guide/pet-sitter-guide,guide,반려동물 펫시터 이용 가이드 — 선택·준비·주의사항,5,published,2026-05-22T00:00:00.000Z,,sha256:e35f31132ca9552b315a722f3636c6be3ac1eb1fd4fad544966dc9a83cc5c098,3,UNVERIFIED,not_semantically_classified,,,,false,NEEDS_HUMAN_REVIEW,Repository seed inventory only; body value and source support require separate review,db/seeds/contents.ts,true
blog-229,/blog/pet-sitter-guide-advanced,blog,펫시터 제대로 선택하는 법 — 면접 질문과 계약 주의사항,5,published,2026-07-02T07:00:00.000Z,,sha256:a04268a92e82787226b57feaf6ec9355f6541654636c4c9dcde06eccc71e0398,0,UNVERIFIED,not_semantically_classified,,,,false,NEEDS_HUMAN_REVIEW,Repository seed inventory only; body value and source support require separate review,db/seeds/blog-posts-23.ts,true
blog-218,/blog/pet-subscription-box-guide,blog,반려동물 구독 박스 완전 가이드 — 선택 기준과 이용 팁,5,published,2026-06-30T00:00:00.000Z,,sha256:bb72e3fcdfb77065939aef1bf490e4e9637dcf23ef743d0743a1baddc1eca4b0,0,UNVERIFIED,not_semantically_classified,,,,false,NEEDS_HUMAN_REVIEW,Repository seed inventory only; body value and source support require separate review,db/seeds/blog-posts-22.ts,true
blog-205,/blog/pet-surgery-insurance-guide,blog,반려동물 수술 보험 — 필요한 경우와 보장 범위 완전 가이드,4,published,2026-06-27T07:00:00.000Z,,sha256:0a898735d9af5a061f123a907f29928135a59da52a72e3d0af37c9e22cf8d2ed,3,UNVERIFIED,not_semantically_classified,,,,false,NEEDS_HUMAN_REVIEW,Repository seed inventory only; body value and source support require separate review,db/seeds/blog-posts-21.ts,true
seed-guide-pet-toxic-foods,/guide/pet-toxic-foods-complete-guide,guide,반려동물에게 위험한 음식 완전 정리 — 개·고양이 공통·종별,2,published,2026-05-16T00:00:00.000Z,,sha256:a697ab1a64a2c679c432baeec1e1281c5d1b83122a388339ae721dcd7d959bf3,3,UNVERIFIED,not_semantically_classified,,,,false,NEEDS_HUMAN_REVIEW,Repository seed inventory only; body value and source support require separate review,db/seeds/contents.ts,true
guide-pet-toxic-foods,/guide/pet-toxic-foods-list,guide,반려동물이 먹으면 안 되는 음식 완전 목록,2,published,,,sha256:7badabf66912281084d1be81e4a5c96a1354bd8f649ac42c9e0405ae1ba3c2c5,0,UNVERIFIED,not_semantically_classified,,,,false,NEEDS_HUMAN_REVIEW,Repository seed inventory only; body value and source support require separate review,db/seeds/guides-batch-1.ts,true
blog-200,/blog/pet-toxic-plants-cat-guide,blog,고양이에게 독성인 주요 식물 — 실내 식물 위험 점검,3,published,2026-06-26T06:00:00.000Z,,sha256:42ecc04787b6cef434c4bd29e143c15829b2afcb7c014e4219a2b05fe5e1f2eb,2,UNVERIFIED,not_semantically_classified,,,,false,NEEDS_HUMAN_REVIEW,Repository seed inventory only; body value and source support require separate review,db/seeds/blog-posts-20.ts,true
blog-199,/blog/pet-toxic-plants-dog-guide,blog,강아지에게 독성인 주요 식물 — 화분 점검 가이드,3,published,2026-06-26T01:00:00.000Z,,sha256:d4ebe4015fabc47c88ed91a65236ccbd69a6543125b978982ebadbd9f87aee20,2,UNVERIFIED,not_semantically_classified,,,,false,NEEDS_HUMAN_REVIEW,Repository seed inventory only; body value and source support require separate review,db/seeds/blog-posts-20.ts,true
blog-286,/blog/pet-travel-airline-rules-guide,blog,반려동물 비행기 탑승 규정 완전 가이드 — 국내선·국제선 기준과 준비 절차,4,published,2026-06-07T09:00:00.000Z,,sha256:860d35f63aa0cee8d33c12fffa020a30d2b89a298f97ec552ddf5f2a744ea1c9,3,UNVERIFIED,not_semantically_classified,,,,false,NEEDS_HUMAN_REVIEW,Repository seed inventory only; body value and source support require separate review,db/seeds/blog-posts-33.ts,true
blog-pet-travel-guide,/blog/pet-travel-guide,blog,강아지·고양이와 함께 여행하는 법 — 준비부터 숙소까지,5,published,2026-03-26,,sha256:0d7e89438b4718dc946fa73f3cf4a50ee126bcae3ba645fca5ecd76b3c5d5a81,3,UNVERIFIED,not_semantically_classified,,,,false,NEEDS_HUMAN_REVIEW,Repository seed inventory only; body value and source support require separate review,db/seeds/blog-posts-3.ts,true
guide-pet-travel-korea,/guide/pet-travel-guide-korea,guide,반려동물과 여행하기 완벽 가이드 — 이동·숙박·준비물,5,published,,,sha256:9e5b315b4cc72f2c4c8bd83f965642782de970eb800a53309b2a47b811fd8cae,0,UNVERIFIED,not_semantically_classified,,,,false,NEEDS_HUMAN_REVIEW,Repository seed inventory only; body value and source support require separate review,db/seeds/guides-batch-1.ts,true
seed-guide-pet-treats-guide,/guide/pet-treats-guide,guide,반려동물 간식 선택 가이드 — 성분·급여량·추천 유형,2,published,2026-05-22T00:00:00.000Z,,sha256:6707a29af914856e5bd0a1ec237c47329706a708e6599edfb92087635387e9da,3,UNVERIFIED,not_semantically_classified,,,,false,NEEDS_HUMAN_REVIEW,Repository seed inventory only; body value and source support require separate review,db/seeds/contents.ts,true
seed-guide-vaccination-schedule,/guide/pet-vaccination-schedule,guide,반려동물 예방접종 일정 완전 정리 — 강아지·고양이,3,review_queue,,,sha256:c1cf118bf439b13ba9e99a305ec5740ac118829dcde8143db03730f1a2d548cb,3,UNVERIFIED,not_semantically_classified,,,,false,NEEDS_HUMAN_REVIEW,Repository seed inventory only; body value and source support require separate review,db/seeds/contents.ts,true
blog-169,/blog/pet-vet-visit-guide,blog,동물병원 방문 전 준비 완전 가이드 — 스트레스 줄이는 방법,3,published,2026-06-19T19:00:00.000Z,,sha256:58e56fab980abdda22d81bcbad384ec7e9294b53cadde32f3d780eeae72220dd,3,UNVERIFIED,not_semantically_classified,,,,false,NEEDS_HUMAN_REVIEW,Repository seed inventory only; body value and source support require separate review,db/seeds/blog-posts-17.ts,true
blog-744,/blog/pet-vitamin-d-toxicity-risk,blog,반려동물 비타민D 과잉 — 보충제 과다 투여의 위험,2,published,2027-01-22T11:00:00.000Z,,sha256:d6dc04790596c3fcd7c637c3bc9e7a7c0a05ce8029f95c6a49466c117ef82928,2,UNVERIFIED,not_semantically_classified,,,,false,NEEDS_HUMAN_REVIEW,Repository seed inventory only; body value and source support require separate review,db/seeds/blog-posts-124.ts,true
blog-212,/blog/pet-wearable-guide,blog,반려동물 웨어러블 기기 — 건강 모니터링 완전 가이드,5,published,2026-06-28T18:00:00.000Z,,sha256:b4a3657d4d84a385318f9cacd5fadf61504d664170f96f330b3c7322ee28cd67,0,UNVERIFIED,not_semantically_classified,,,,false,NEEDS_HUMAN_REVIEW,Repository seed inventory only; body value and source support require separate review,db/seeds/blog-posts-22.ts,true
blog-378,/blog/pet-will-care-plan-guide,blog,내가 먼저 세상을 떠난다면 — 반려동물 위탁 계획 세우기,4,published,2026-07-23T09:00:00.000Z,,sha256:4ffb2bd71ce8b8d5052efb4a3f3466be5b5ca2b6d840779aea20096cec46a7a5,3,UNVERIFIED,not_semantically_classified,,,,false,NEEDS_HUMAN_REVIEW,Repository seed inventory only; body value and source support require separate review,db/seeds/blog-posts-51.ts,true
blog-pet-will-guide,/blog/pet-will-guide,blog,반려동물을 위한 유언장 작성 가이드 — 내가 없을 때 아이를 지키는 법,6,published,,,sha256:7cb097368eb3aa483374d5546abb06cbb18f6339c8bc716e6243d6a209515868,3,UNVERIFIED,not_semantically_classified,,,,false,NEEDS_HUMAN_REVIEW,Repository seed inventory only; body value and source support require separate review,db/seeds/blog-posts-13.ts,true
blog-365,/blog/petloss-anniversary-grief,blog,"반려동물 기일 — 슬픔이 다시 찾아오는 날, 어떻게 보낼까",6,published,2026-07-16T11:00:00.000Z,,sha256:79f0605d31457a0c7eef9d4b8f8db453d348212a90e1b553fe16bf56fc209894,3,UNVERIFIED,not_semantically_classified,,,,false,NEEDS_HUMAN_REVIEW,Repository seed inventory only; body value and source support require separate review,db/seeds/blog-posts-48.ts,true
seed-guide-petloss-care,/guide/petloss-care-guide,guide,펫로스 케어 가이드 — 반려동물을 떠나보낸 후 회복하기,6,published,2026-05-01T00:00:00.000Z,,sha256:8b3d9d853e2a9bff4de9f264d29b7be46098dc1c0abdc3ad585d67d5877d7684,3,UNVERIFIED,not_semantically_classified,,,,false,NEEDS_HUMAN_REVIEW,Repository seed inventory only; body value and source support require separate review,db/seeds/contents.ts,true
blog-328,/blog/petloss-children-explanation-guide,blog,아이에게 반려동물의 죽음을 어떻게 설명할까,6,published,2026-06-28T09:00:00.000Z,,sha256:aefa7cd913961bd82f7442c8b9962abf3a0fcb6818cc5cebb800cc80bad1e8d3,3,UNVERIFIED,not_semantically_classified,,,,false,NEEDS_HUMAN_REVIEW,Repository seed inventory only; body value and source support require separate review,db/seeds/blog-posts-41.ts,true
seed-guide-petloss-faq,/guide/petloss-faq,guide,반려동물 장례 자주 묻는 질문 — 실무 Q&A,6,published,2026-05-22T00:00:00.000Z,,sha256:6dfc2cfb97fcc65ca667406584ac421376e64afcdaeb55bdf5560b68195a6457,3,UNVERIFIED,not_semantically_classified,,,,false,NEEDS_HUMAN_REVIEW,Repository seed inventory only; body value and source support require separate review,db/seeds/contents.ts,true
blog-375,/blog/petloss-grief-support-resources,blog,펫로스 이후 혼자 감당하지 않아도 된다 — 도움 받을 수 있는 곳들,6,published,2026-07-21T11:00:00.000Z,,sha256:16c1db66a85e0d5322d948ac642e7715fe4dad5564dcee07b5f71acf95dbb198,3,UNVERIFIED,not_semantically_classified,,,,false,NEEDS_HUMAN_REVIEW,Repository seed inventory only; body value and source support require separate review,db/seeds/blog-posts-50.ts,true
blog-434,/blog/petloss-guilt-coping-guide,blog,펫로스 죄책감 — '내 잘못이 아니다'라고 스스로에게 말해줘야 하는 이유,6,published,2026-08-20T09:00:00.000Z,,sha256:7740a7003d8376b24902a617284e9873e9dbc08af3cf56c2025675dc4862aed6,2,UNVERIFIED,not_semantically_classified,,,,false,NEEDS_HUMAN_REVIEW,Repository seed inventory only; body value and source support require separate review,db/seeds/blog-posts-62.ts,true
blog-425,/blog/petloss-legacy-donation-memorial,blog,반려동물을 기억하는 기부 — 그 사랑을 다른 생명으로 이어가기,6,published,2026-08-15T11:00:00.000Z,,sha256:9f1f2cc3701c3506416a3b21b0fc287b10c86ee958567b7e5e99eab77fb86822,3,UNVERIFIED,not_semantically_classified,,,,false,NEEDS_HUMAN_REVIEW,Repository seed inventory only; body value and source support require separate review,db/seeds/blog-posts-60.ts,true
blog-539,/blog/petloss-memorial-keepsake,blog,반려동물 기억 간직하기 — 애도를 도와주는 방법들,6,published,2026-10-11T11:00:00.000Z,,sha256:4042e02272942c281fb60e5f2701a58b76d6cb8a8f0913b446d09939576e9edd,2,UNVERIFIED,not_semantically_classified,,,,false,NEEDS_HUMAN_REVIEW,Repository seed inventory only; body value and source support require separate review,db/seeds/blog-posts-83.ts,true
blog-520,/blog/petloss-recovery-timeline,blog,펫로스 회복 — '언제쯤 괜찮아지나요'에 대한 솔직한 답,6,published,2026-10-02T09:00:00.000Z,,sha256:2e930e201247615afb549cffc8a492819e7fc263b85a2234428f986a4ebcf5a4,2,UNVERIFIED,not_semantically_classified,,,,false,NEEDS_HUMAN_REVIEW,Repository seed inventory only; body value and source support require separate review,db/seeds/blog-posts-79.ts,true
blog-247,/blog/petloss-return-to-daily-life,blog,펫로스 후 일상으로 돌아가기 — 직장과 사회생활을 다시 시작하는 방법,6,published,2026-06-02T15:00:00.000Z,,sha256:e71cbbbdebf20bdb44591926680163b9dd567c31505a1d8f5a86f82fdee252c2,3,UNVERIFIED,not_semantically_classified,,,,false,NEEDS_HUMAN_REVIEW,Repository seed inventory only; body value and source support require separate review,db/seeds/blog-posts-26.ts,true
blog-650,/blog/petloss-returning-to-daily-life,blog,펫로스 후 일상 복귀 — '이제 괜찮아도 되는가'라는 죄책감,6,published,2026-12-06T09:00:00.000Z,,sha256:2d6ad37b6857344b62f6f13b5649152b9133870a9caf55786818c9ebd54b2a63,2,UNVERIFIED,not_semantically_classified,,,,false,NEEDS_HUMAN_REVIEW,Repository seed inventory only; body value and source support require separate review,db/seeds/blog-posts-105.ts,true
blog-560,/blog/petloss-support-community-guide,blog,펫로스 지지 모임 — 혼자 슬퍼하지 않아도 된다,6,published,2026-10-22T09:00:00.000Z,,sha256:891e10dc86f225694aaa05a08ba4c17d6297fa382ae9ba9e9c79f720e0b276a7,2,UNVERIFIED,not_semantically_classified,,,,false,NEEDS_HUMAN_REVIEW,Repository seed inventory only; body value and source support require separate review,db/seeds/blog-posts-87.ts,true
blog-275,/blog/petloss-telling-others-how-to,blog,반려동물을 잃은 후 주변에 알리는 방법 — 말하기 어려울 때 도움 받는 법,6,published,2026-06-05T13:00:00.000Z,,sha256:024c9fc45b6675f1e4260a30fda982b9b7e8584c775d6deb613f64a8e6c24f0e,3,UNVERIFIED,not_semantically_classified,,,,false,NEEDS_HUMAN_REVIEW,Repository seed inventory only; body value and source support require separate review,db/seeds/blog-posts-30.ts,true
blog-644,/blog/petshop-purchased-dog-consumer-rights,blog,펫숍 강아지 구입 후 질병 — 소비자 권리와 반품·환불 가능 여부,4,published,2026-12-03T09:00:00.000Z,,sha256:e9c59c5f7904b92370fc92d864f29564c626e2c907142fd18fe2652b2ea96bf9,2,UNVERIFIED,not_semantically_classified,,,,false,NEEDS_HUMAN_REVIEW,Repository seed inventory only; body value and source support require separate review,db/seeds/blog-posts-104.ts,true
blog-184,/blog/pomeranian-care-guide,blog,포메라니안 완전 케어 가이드 — 털 관리·건강·특성,5,published,2026-06-22T22:00:00.000Z,,sha256:6e8306cb664e1acfc2f1ca44448ede5f04be07e5e9a8e49d8224fc3edaf2a1e5,0,UNVERIFIED,not_semantically_classified,,,,false,NEEDS_HUMAN_REVIEW,Repository seed inventory only; body value and source support require separate review,db/seeds/blog-posts-19.ts,true
blog-446,/blog/positive-reinforcement-training-guide,blog,강아지 양성 강화 훈련 완전 가이드 — 처벌 없이 더 빠르게 배우는 이유,1,published,2026-08-26T09:00:00.000Z,,sha256:edcbdc2abe7f81426811a3e49012a503565e26d6b1d0f0d648c277429ad9abc1,2,UNVERIFIED,not_semantically_classified,,,,false,NEEDS_HUMAN_REVIEW,Repository seed inventory only; body value and source support require separate review,db/seeds/blog-posts-65.ts,true
blog-695,/blog/positive-reinforcement-vs-dominance-training,blog,긍정강화 vs 지배 기반 훈련 — 어떤 방법이 실제 효과적인가,5,published,2026-12-28T11:00:00.000Z,,sha256:2e2d3f4c2e387202b199712084388536cce051c805df593f1f81a2c595be3809,2,UNVERIFIED,not_semantically_classified,,,,false,NEEDS_HUMAN_REVIEW,Repository seed inventory only; body value and source support require separate review,db/seeds/blog-posts-114.ts,true
blog-447,/blog/pregnant-pet-care-guide,blog,임신한 반려동물 케어 — 개·고양이 임신 기간 관리 완전 가이드,1,published,2026-08-26T11:00:00.000Z,,sha256:3f209b0bc797d0d7bcc5f610b9cb1ac3d3968ff8f9a7158a791c0edc88df0d3b,2,UNVERIFIED,not_semantically_classified,,,,false,NEEDS_HUMAN_REVIEW,Repository seed inventory only; body value and source support require separate review,db/seeds/blog-posts-65.ts,true
blog-444,/blog/prolonged-grief-petloss-guide,blog,펫로스 슬픔이 오래 지속될 때 — 복잡 애도와 일반 슬픔의 차이,6,published,2026-08-25T09:00:00.000Z,,sha256:c2634fb11137591c68a3b9116a650590923d46d04563cad6a35763e65b669440,2,UNVERIFIED,not_semantically_classified,,,,false,NEEDS_HUMAN_REVIEW,Repository seed inventory only; body value and source support require separate review,db/seeds/blog-posts-64.ts,true
blog-339,/blog/puppy-feeding-schedule-guide,blog,강아지 나이별 급식 횟수와 양 — 생후 8주부터 성견까지 완전 가이드,2,published,2026-07-03T11:00:00.000Z,,sha256:d25057d4ab928e10736de67d003f89a735ab79957d9e752acbd9917b91944c68,3,UNVERIFIED,not_semantically_classified,,,,false,NEEDS_HUMAN_REVIEW,Repository seed inventory only; body value and source support require separate review,db/seeds/blog-posts-43.ts,true
blog-261,/blog/puppy-first-night-home-guide,blog,강아지 첫날 밤 — 울음 달래는 법과 보호자가 해야 할 것,1,published,2026-06-04T09:00:00.000Z,,sha256:bd564e7ad35937307a9fe0200b601295703d4f746b0d70dcd43998ece2fb26cc,2,UNVERIFIED,not_semantically_classified,,,,false,NEEDS_HUMAN_REVIEW,Repository seed inventory only; body value and source support require separate review,db/seeds/blog-posts-28.ts,true
blog-350,/blog/puppy-first-vet-visit-guide,blog,강아지 첫 동물병원 방문 — 무엇을 확인하고 무엇을 질문할까,1,published,2026-07-09T09:00:00.000Z,,sha256:f97a3ef533b3fdfdb9094e61028081e7f39ae3e7d27a81d59710d6b6383b1996,3,UNVERIFIED,not_semantically_classified,,,,false,NEEDS_HUMAN_REVIEW,Repository seed inventory only; body value and source support require separate review,db/seeds/blog-posts-45.ts,true
blog-puppy-first-week-guide,/blog/puppy-first-week-guide,blog,강아지를 처음 집에 데려온 첫 주 가이드,1,published,,,sha256:af36fd30b51fc812eef58ad7ac5a97f23cbd8bcc841a3eebe6cdcd388b174991,3,UNVERIFIED,not_semantically_classified,,,,false,NEEDS_HUMAN_REVIEW,Repository seed inventory only; body value and source support require separate review,db/seeds/blog-posts-5.ts,true
seed-guide-puppy-first-year,/guide/puppy-first-year-guide,guide,퍼피 첫 해 완전 가이드 — 입양부터 1세까지,1,published,2026-05-17T00:00:00.000Z,,sha256:8e6890d29995df88007670e8f59cd7c01d6b2cce227d50b10b0c23f7ba7b6914,3,UNVERIFIED,not_semantically_classified,,,,false,NEEDS_HUMAN_REVIEW,Repository seed inventory only; body value and source support require separate review,db/seeds/contents.ts,true
blog-371,/blog/puppy-food-transition-timing,blog,"강아지 사료 언제 바꿔야 할까 — 퍼피에서 성견, 성견에서 시니어까지",2,published,2026-07-19T11:00:00.000Z,,sha256:e4f342d0f0bfa67103a5d3878ae6c1c1a00c2945950f3a16bc399fdf4d3b5903,3,UNVERIFIED,not_semantically_classified,,,,false,NEEDS_HUMAN_REVIEW,Repository seed inventory only; body value and source support require separate review,db/seeds/blog-posts-50.ts,true
blog-416,/blog/puppy-mill-awareness-consumer-guide,blog,공장식 번식장의 실태 — 소비자가 알아야 하는 것,1,published,2026-08-11T09:00:00.000Z,,sha256:e5968203f3ee72a5ea4408cbf55728134cb715eb9c1e67cfa9c23d98b4a8ad39,3,UNVERIFIED,not_semantically_classified,,,,false,NEEDS_HUMAN_REVIEW,Repository seed inventory only; body value and source support require separate review,db/seeds/blog-posts-59.ts,true
blog-506,/blog/puppy-mill-red-flags-guide,blog,강아지 공장 식별 체크리스트 — 강아지 사기 예방의 첫걸음,1,published,2026-09-25T09:00:00.000Z,,sha256:22e767287633fb125a2984a0eaf19465f490d299c0866b2e9712622c99af66d7,2,UNVERIFIED,not_semantically_classified,,,,false,NEEDS_HUMAN_REVIEW,Repository seed inventory only; body value and source support require separate review,db/seeds/blog-posts-77.ts,true
seed-guide-puppy-potty-training,/guide/puppy-potty-training,guide,강아지 배변훈련 완전 가이드 — 퍼피부터 성견까지 단계별 방법,1,published,2026-05-22T00:00:00.000Z,,sha256:f355c4c281454ee94f3a6a6bd04774f401d1fb6d8a28846ecf8e625b614c7e8d,2,UNVERIFIED,not_semantically_classified,,,,false,NEEDS_HUMAN_REVIEW,Repository seed inventory only; body value and source support require separate review,db/seeds/contents.ts,true
blog-664,/blog/puppy-socialization-critical-period,blog,퍼피 사회화 골든타임 — 8~16주에 반드시 할 것들,5,published,2026-12-13T09:00:00.000Z,,sha256:1da4cf7463f7ec571cb4c3e7f5076b19cf6a0c7a3bf85eabd6bd333d571a9c89,2,UNVERIFIED,not_semantically_classified,,,,false,NEEDS_HUMAN_REVIEW,Repository seed inventory only; body value and source support require separate review,db/seeds/blog-posts-108.ts,true
blog-464,/blog/puppy-socialization-critical-period,blog,강아지 사회화 결정적 시기 — 3~12주가 평생을 바꾼다,1,published,2026-09-04T09:00:00.000Z,,sha256:8ff5a002387bb2424930361707cbd7545db93f7917ca14977186edbc1094ac0d,2,UNVERIFIED,not_semantically_classified,,,,false,NEEDS_HUMAN_REVIEW,Repository seed inventory only; body value and source support require separate review,db/seeds/blog-posts-68.ts,true
seed-guide-puppy-socialization,/guide/puppy-socialization-guide,guide,강아지 사회화 훈련 가이드 — 결정적 시기와 올바른 방법,5,published,2026-05-21T00:00:00.000Z,,sha256:8b4795b37524cf791865c01add10f1434512e78ae3d5c953d6e730fb60088975,3,UNVERIFIED,not_semantically_classified,,,,false,NEEDS_HUMAN_REVIEW,Repository seed inventory only; body value and source support require separate review,db/seeds/contents.ts,true
blog-317,/blog/puppy-socialization-period-guide,blog,강아지 사회화 기간 — 3주~14주가 평생 성격을 결정한다,1,published,2026-06-22T11:00:00.000Z,,sha256:96cbba1b0a1c55de9c0a598fbac55a12239fb491dbaaed697f0cbaca915732bc,3,UNVERIFIED,not_semantically_classified,,,,false,NEEDS_HUMAN_REVIEW,Repository seed inventory only; body value and source support require separate review,db/seeds/blog-posts-39.ts,true
blog-600,/blog/puppy-vs-adult-dog-adoption,blog,"강아지 입양 — 어린 강아지 vs 성견, 무엇이 나에게 맞는가",1,published,2026-11-11T09:00:00.000Z,,sha256:134695dd6174e947a54682695b787bfbd7a290459ef372066591dc807e36c78c,2,UNVERIFIED,not_semantically_classified,,,,false,NEEDS_HUMAN_REVIEW,Repository seed inventory only; body value and source support require separate review,db/seeds/blog-posts-95.ts,true
blog-291,/blog/puppy-vs-adult-dog-adoption-comparison,blog,"강아지 입양 — 퍼피 vs 성견, 어떤 선택이 나에게 맞을까?",1,published,2026-06-08T09:00:00.000Z,,sha256:37c9b4bdccd572f6c4873f6dee47a1b2f463b228f2da27d0bbf0522fa5f0955a,3,UNVERIFIED,not_semantically_classified,,,,false,NEEDS_HUMAN_REVIEW,Repository seed inventory only; body value and source support require separate review,db/seeds/blog-posts-34.ts,true
blog-698,/blog/rabbit-adoption-beginner-complete,blog,토끼 입양 입문 — 생각보다 어려운 반려 토끼의 현실,1,published,2026-12-30T09:00:00.000Z,,sha256:115da69af0f5a5ab597b1ab73020e858183df092b45fed9fe3d1d83905ece90c,2,UNVERIFIED,not_semantically_classified,,,,false,NEEDS_HUMAN_REVIEW,Repository seed inventory only; body value and source support require separate review,db/seeds/blog-posts-115.ts,true
blog-580,/blog/rabbit-adoption-beginner-guide,blog,토끼 입양 초보자 가이드 — '쉬운 반려동물'이라는 오해,1,published,2026-11-01T09:00:00.000Z,,sha256:3b72bed1ac6b3209df4ed8bd00d5fd57255472d69f907a4669a9d6734066d36f,2,UNVERIFIED,not_semantically_classified,,,,false,NEEDS_HUMAN_REVIEW,Repository seed inventory only; body value and source support require separate review,db/seeds/blog-posts-91.ts,true
blog-326,/blog/rabbit-adoption-guide,blog,토끼 입양 전에 알아야 할 것 — 개·고양이와 전혀 다른 반려 토끼의 현실,1,published,2026-06-27T09:00:00.000Z,,sha256:d068790bcd4b7950370d1a8dccd950a32e552d5aca001f204889a345b518610a,3,UNVERIFIED,not_semantically_classified,,,,false,NEEDS_HUMAN_REVIEW,Repository seed inventory only; body value and source support require separate review,db/seeds/blog-posts-41.ts,true
blog-440,/blog/rainy-day-indoor-cat-activities,blog,비 오는 날 고양이와 함께하기 — 실내에서 자극을 만드는 10가지 방법,5,published,2026-08-23T09:00:00.000Z,,sha256:2db03264886cf4b83a52d2d3a39874406c00ecf7d928461e622eae8a304cfcbf,2,UNVERIFIED,not_semantically_classified,,,,false,NEEDS_HUMAN_REVIEW,Repository seed inventory only; body value and source support require separate review,db/seeds/blog-posts-63.ts,true
blog-380,/blog/raw-cooked-kibble-comparison,blog,생식·자연식·건식 3가지 완전 비교 — 강아지·고양이에게 어떤 선택이 맞는가,2,published,2026-07-24T09:00:00.000Z,,sha256:3938c7f43077f750c5fc9d94238b59d17e5ed6460b240788bca51f65fe61c990,3,UNVERIFIED,not_semantically_classified,,,,false,NEEDS_HUMAN_REVIEW,Repository seed inventory only; body value and source support require separate review,db/seeds/blog-posts-51.ts,true
blog-674,/blog/raw-dog-food-safety-reality,blog,강아지 생식(Raw Food) 급여 — 위험성과 현실,2,published,2026-12-18T09:00:00.000Z,,sha256:daf8fa0dadf813644b6f3816f4a100b007e2bc28bacb676d596fc4a40898ad4a,2,UNVERIFIED,not_semantically_classified,,,,false,NEEDS_HUMAN_REVIEW,Repository seed inventory only; body value and source support require separate review,db/seeds/blog-posts-110.ts,true
blog-406,/blog/raw-eggs-for-dogs-guide,blog,강아지에게 달걀 줘도 되나 — 날달걀 vs 익힌 달걀,2,published,2026-08-06T09:00:00.000Z,,sha256:d0fdd3d94bba8904507274f09a9a7f6b0147b192f8b29e4df248d82131782be7,3,UNVERIFIED,not_semantically_classified,,,,false,NEEDS_HUMAN_REVIEW,Repository seed inventory only; body value and source support require separate review,db/seeds/blog-posts-57.ts,true
blog-494,/blog/raw-feeding-bacteria-safety,blog,생식(Raw Feeding) 세균 오염 위험 — 알아야 할 불편한 사실,2,published,2026-09-19T09:00:00.000Z,,sha256:83b494d1a955c2d699cfedc5e5ac06429ccec8ed28f3f0aebbfc7b25a3f53265,2,UNVERIFIED,not_semantically_classified,,,,false,NEEDS_HUMAN_REVIEW,Repository seed inventory only; body value and source support require separate review,db/seeds/blog-posts-74.ts,true
blog-455,/blog/remaining-pet-grief-behavior,blog,남겨진 반려동물도 슬퍼한다 — 동반 동물의 애도 행동 이해하기,6,published,2026-08-30T11:00:00.000Z,,sha256:3329e91212e438f2b0405f566bd01cb5ced604ed31616d10d2322c1ebddf8e21,2,UNVERIFIED,not_semantically_classified,,,,false,NEEDS_HUMAN_REVIEW,Repository seed inventory only; body value and source support require separate review,db/seeds/blog-posts-66.ts,true
blog-367,/blog/rescue-animal-first-week,blog,구조 동물 첫 주 — 학대·방치 이력이 있는 동물의 적응 특수성,1,published,2026-07-17T11:00:00.000Z,,sha256:4228f9403f7a7c669c6ffca714f030ce31bbf28eb233181b450deb27dd4efd46,3,UNVERIFIED,not_semantically_classified,,,,false,NEEDS_HUMAN_REVIEW,Repository seed inventory only; body value and source support require separate review,db/seeds/blog-posts-49.ts,true
blog-482,/blog/rescue-cat-333-rule,blog,구조묘 입양 후 3-3-3 규칙 — 왜 서두르면 안 되는가,1,published,2026-09-13T09:00:00.000Z,,sha256:5c5b2577f01b0c22ddc5df060b3eff7a33e55970103a8e20916c75c2cee88471,2,UNVERIFIED,not_semantically_classified,,,,false,NEEDS_HUMAN_REVIEW,Repository seed inventory only; body value and source support require separate review,db/seeds/blog-posts-72.ts,true
blog-497,/blog/second-cat-introduction-guide,blog,두 번째 고양이 도입 — 첫 고양이가 새 고양이를 받아들이는 단계별 방법,1,published,2026-09-20T11:00:00.000Z,,sha256:f32d1568196ad739a230503823419879b7dbf1a88f6fb0bd8ada1ed9a72aba3b,2,UNVERIFIED,not_semantically_classified,,,,false,NEEDS_HUMAN_REVIEW,Repository seed inventory only; body value and source support require separate review,db/seeds/blog-posts-75.ts,true
blog-437,/blog/second-cat-right-timing,blog,두 번째 고양이를 맞이하는 적절한 시기 — 서두르면 둘 다 불행해진다,1,published,2026-08-21T11:00:00.000Z,,sha256:46ae5656e6eba4191467e4d86d428d2862909a59b288d514b975cbdffee16d1f,2,UNVERIFIED,not_semantically_classified,,,,false,NEEDS_HUMAN_REVIEW,Repository seed inventory only; body value and source support require separate review,db/seeds/blog-posts-63.ts,true
blog-715,/blog/second-dog-adoption-timing,blog,두 번째 강아지 입양 시기 — 먼저 온 아이가 받아들이는 조건,1,published,2027-01-08T09:00:00.000Z,,sha256:ba128959e246a21f7198a9a62b37b3614e7890dbd26d645ac73104d16455be07,2,UNVERIFIED,not_semantically_classified,,,,false,NEEDS_HUMAN_REVIEW,Repository seed inventory only; body value and source support require separate review,db/seeds/blog-posts-118.ts,true
blog-257,/blog/second-pet-right-timing-guide,blog,두 번째 반려동물 입양 — 적절한 시기는 언제인가,6,published,2026-06-03T15:00:00.000Z,,sha256:c8d361381d63c78ba34f071d4b1ee5eb7c43f4d409197e51d641802829b35b8f,2,UNVERIFIED,not_semantically_classified,,,,false,NEEDS_HUMAN_REVIEW,Repository seed inventory only; body value and source support require separate review,db/seeds/blog-posts-27.ts,true
blog-senior-cat-adoption,/blog/senior-cat-adoption,blog,노묘 입양의 모든 것 — 7세 이상 고양이를 가족으로 맞이하는 법,1,published,,,sha256:d93af13948d116ea773290e8c2a3e85c27bf84c144e41358da03a2eb6669efce,3,UNVERIFIED,not_semantically_classified,,,,false,NEEDS_HUMAN_REVIEW,Repository seed inventory only; body value and source support require separate review,db/seeds/blog-posts-5.ts,true
blog-564,/blog/senior-cat-adoption-guide,blog,노령묘 입양 — 10살 이상 고양이를 입양한다는 것,1,published,2026-10-24T09:00:00.000Z,,sha256:9a4c5fe463516b6217662b1f40cbbee269ee6c562fd5d774b8fb1eeeaff35164,2,UNVERIFIED,not_semantically_classified,,,,false,NEEDS_HUMAN_REVIEW,Repository seed inventory only; body value and source support require separate review,db/seeds/blog-posts-88.ts,true
seed-guide-senior-cat-care,/guide/senior-cat-care-guide,guide,노령 고양이 케어 가이드 — 7세 이후 건강 관리,3,published,2026-05-22T00:00:00.000Z,,sha256:734cc9a79f5d9c40ffbbe7e4ee4b44de6356d8f9edc51be3750644fc754afd15,3,UNVERIFIED,not_semantically_classified,,,,false,NEEDS_HUMAN_REVIEW,Repository seed inventory only; body value and source support require separate review,db/seeds/contents.ts,true
blog-senior-cat-food-guide,/blog/senior-cat-food-guide,blog,노령묘 사료 선택 가이드 — 7세부터 달라지는 영양 요구,2,published,,,sha256:3e550b0c754a85af9b60f6b934e80673e17eee28f8206d68d8b5e32835dc6972,3,UNVERIFIED,not_semantically_classified,,,,false,NEEDS_HUMAN_REVIEW,Repository seed inventory only; body value and source support require separate review,db/seeds/blog-posts-6.ts,true
blog-545,/blog/senior-cat-food-guide,blog,노령묘 사료 선택 — 7살부터 달라지는 영양 요구량,2,published,2026-10-14T11:00:00.000Z,,sha256:338bf75476875fb01df0b96cdfc5a7070cb9511eff75ceb38811f581be436b3d,2,UNVERIFIED,not_semantically_classified,,,,false,NEEDS_HUMAN_REVIEW,Repository seed inventory only; body value and source support require separate review,db/seeds/blog-posts-84.ts,true
blog-346,/blog/senior-cat-food-transition-guide,blog,7살 이후 고양이 식이 — 시니어 사료로 바꿔야 하는 시점과 방법,2,published,2026-07-07T09:00:00.000Z,,sha256:085d58a8f7bfadfa0c1992cf1fb60201e1f26a6f389de7bedc2ba3022cdd765b,3,UNVERIFIED,not_semantically_classified,,,,false,NEEDS_HUMAN_REVIEW,Repository seed inventory only; body value and source support require separate review,db/seeds/blog-posts-45.ts,true
blog-445,/blog/senior-cat-hydration-strategies,blog,노령 고양이 수분 충족 전략 — 신장 지키는 가장 기본적인 방법,2,published,2026-08-25T11:00:00.000Z,,sha256:4a8dbf29f06defee6e8d079d898ef5486c27eb05b30e457466c215da501b4561,2,UNVERIFIED,not_semantically_classified,,,,false,NEEDS_HUMAN_REVIEW,Repository seed inventory only; body value and source support require separate review,db/seeds/blog-posts-64.ts,true
blog-362,/blog/senior-cat-protein-nutrition,blog,노령 고양이에게 단백질을 줄이면 안 되는 이유,2,published,2026-07-15T09:00:00.000Z,,sha256:f2a93cc873917310f79e5889206be2565b186ad5fc175faa9488ce9d9942946f,3,UNVERIFIED,not_semantically_classified,,,,false,NEEDS_HUMAN_REVIEW,Repository seed inventory only; body value and source support require separate review,db/seeds/blog-posts-48.ts,true
blog-senior-dog-adoption,/blog/senior-dog-adoption,blog,노견 입양의 모든 것 — 7세 이상 강아지를 가족으로 맞이하는 법,1,published,,,sha256:3559e49dd324e248a0d8af8c5b309afb71f501a4acb82fb25cf28d5c9b1bb646,3,UNVERIFIED,not_semantically_classified,,,,false,NEEDS_HUMAN_REVIEW,Repository seed inventory only; body value and source support require separate review,db/seeds/blog-posts-4.ts,true
blog-481,/blog/senior-dog-adoption-guide,blog,노령견 입양 — 7살 이상 강아지를 입양한다는 것의 의미,1,published,2026-09-12T11:00:00.000Z,,sha256:52ffae4bbd3285eae5680b83ccb77bf4d4010b3069610dd33efbbca62fc40ae4,2,UNVERIFIED,not_semantically_classified,,,,false,NEEDS_HUMAN_REVIEW,Repository seed inventory only; body value and source support require separate review,db/seeds/blog-posts-72.ts,true
blog-295,/blog/senior-dog-arthritis-management-guide,blog,노령견 관절염 완전 가이드 — 계단을 안 오르려 한다면 통증 신호일 수 있다,3,published,2026-06-10T09:00:00.000Z,,sha256:f3deb09572a1dd6ead99cd9fd845464c4507b39193256af1fd1921463ad94b76,3,UNVERIFIED,not_semantically_classified,,,,false,NEEDS_HUMAN_REVIEW,Repository seed inventory only; body value and source support require separate review,db/seeds/blog-posts-34.ts,true
seed-guide-senior-dog-care,/guide/senior-dog-care-guide,guide,노령견 케어 가이드 — 7세 이후 건강·생활 관리,5,published,2026-05-17T00:00:00.000Z,,sha256:2ee967c73fe82b4559e6c9a54cd41d93f2b088cfa14bca61226bd4913fe10350,3,UNVERIFIED,not_semantically_classified,,,,false,NEEDS_HUMAN_REVIEW,Repository seed inventory only; body value and source support require separate review,db/seeds/contents.ts,true
blog-643,/blog/senior-dog-gentle-exercise-guide,blog,노령견에게 맞는 운동 — 무리 없이 움직임을 유지하는 방법,5,published,2026-12-02T11:00:00.000Z,,sha256:8017af77414d453c7afcab63f39d939be69fd81449c9159882e9c1e240c9a029,2,UNVERIFIED,not_semantically_classified,,,,false,NEEDS_HUMAN_REVIEW,Repository seed inventory only; body value and source support require separate review,db/seeds/blog-posts-104.ts,true
blog-senior-dog-health-management,/blog/senior-dog-health-management,blog,노령견 건강 관리 — 7세부터 달라지는 돌봄의 기준,3,published,,,sha256:b539c0e1441922eb4b04289d6ab82598e1014873990913aaf09b99b1e13c307e,3,UNVERIFIED,not_semantically_classified,,,,false,NEEDS_HUMAN_REVIEW,Repository seed inventory only; body value and source support require separate review,db/seeds/blog-posts-8.ts,true
blog-629,/blog/senior-dog-kidney-preventive-diet,blog,노령견 신장 예방 식이 — 신부전 전에 미리 할 수 있는 것,2,published,2026-11-25T11:00:00.000Z,,sha256:c4196e9ba86416c53c556764f54ec86dab8a2e98cd1f9dd13eb4fca943b560b5,2,UNVERIFIED,not_semantically_classified,,,,false,NEEDS_HUMAN_REVIEW,Repository seed inventory only; body value and source support require separate review,db/seeds/blog-posts-101.ts,true
blog-559,/blog/senior-dog-mobility-aids,blog,노령견 이동 보조 도구 — 다리가 불편한 강아지를 돕는 방법,5,published,2026-10-21T11:00:00.000Z,,sha256:33bea97fed43f91bc3c33463ac9508dba3c29ee5c472d9b92d6455cc0245fe72,2,UNVERIFIED,not_semantically_classified,,,,false,NEEDS_HUMAN_REVIEW,Repository seed inventory only; body value and source support require separate review,db/seeds/blog-posts-87.ts,true
blog-392,/blog/senior-dog-new-puppy-introduction,blog,노령견과 새 강아지 합사 — 나이 차이가 큰 두 개의 공존,1,published,2026-07-30T09:00:00.000Z,,sha256:d36ad9385566d421519a5eb61628b0ba4172ea2f8a0aced1e33903fbe369a053,3,UNVERIFIED,not_semantically_classified,,,,false,NEEDS_HUMAN_REVIEW,Repository seed inventory only; body value and source support require separate review,db/seeds/blog-posts-54.ts,true
seed-guide-senior-dog-nutrition,/guide/senior-dog-nutrition-guide,guide,노령 강아지 영양·사료 가이드 — 7세 이후 식이 관리,2,published,2026-05-22T00:00:00.000Z,,sha256:c6bb6d4e5ca6609b50806eeddc54b900b81b71b7001f908b3fdacc2fbb3fffcb,3,UNVERIFIED,not_semantically_classified,,,,false,NEEDS_HUMAN_REVIEW,Repository seed inventory only; body value and source support require separate review,db/seeds/contents.ts,true
blog-486,/blog/senior-dog-nutrition-transition,blog,"노령견 사료 전환 — 언제, 어떤 사료로, 어떻게 바꿔야 하나",2,published,2026-09-15T09:00:00.000Z,,sha256:be5f220446571818c7b584708e89e626fb379426c9a68bd3076c1e49ce6d17d7,2,UNVERIFIED,not_semantically_classified,,,,false,NEEDS_HUMAN_REVIEW,Repository seed inventory only; body value and source support require separate review,db/seeds/blog-posts-73.ts,true
blog-415,/blog/senior-dog-supplement-guide,blog,노령견 보충제 — 무엇이 효과 있고 무엇이 마케팅인가,2,published,2026-08-10T11:00:00.000Z,,sha256:8adabb8094d481db3b3c0259920f6e35687d44728f3fa36227b561cfa4569ec7,3,UNVERIFIED,not_semantically_classified,,,,false,NEEDS_HUMAN_REVIEW,Repository seed inventory only; body value and source support require separate review,db/seeds/blog-posts-58.ts,true
blog-537,/blog/senior-dog-supplement-guide,blog,노령견 보충제 — 무엇이 효과 있고 무엇이 마케팅인가,2,published,2026-10-10T11:00:00.000Z,,sha256:22f52501e5d2e9c5e8bf37b50b2a01108ec039e4eaed412867ab91ed26feecd7,2,UNVERIFIED,not_semantically_classified,,,,false,NEEDS_HUMAN_REVIEW,Repository seed inventory only; body value and source support require separate review,db/seeds/blog-posts-83.ts,true
guide-senior-pet-adoption-complete,/guide/senior-pet-adoption-complete-guide,guide,노령 반려동물 입양 완벽 가이드 — 노견·노묘 입양의 장단점과 준비,1,published,,,sha256:a99155aeb6a66f3bbfbab9a4283f29f5e972277a3d8fe8c7c42d637e3f9ded35,0,UNVERIFIED,not_semantically_classified,,,,false,NEEDS_HUMAN_REVIEW,Repository seed inventory only; body value and source support require separate review,db/seeds/guides-batch-3.ts,true
blog-305,/blog/senior-pet-adoption-what-to-know,blog,노령 반려동물 입양 전에 알아야 할 것 — 7살 이상을 선택하는 이유와 현실,1,published,2026-06-16T09:00:00.000Z,,sha256:865270b196d595bdb0603e3e403b92449c8c6ef79433113d4f9a4da969b38aa9,3,UNVERIFIED,not_semantically_classified,,,,false,NEEDS_HUMAN_REVIEW,Repository seed inventory only; body value and source support require separate review,db/seeds/blog-posts-36.ts,true
blog-708,/blog/senior-pet-first-adoption-guide,blog,노령 반려동물 입양 — 처음 만나는 시니어와 함께 시작하기,1,published,2027-01-04T11:00:00.000Z,,sha256:518e3b848659ed350029ce409723f6188acd64861b20ecd6d71774c971705776,2,UNVERIFIED,not_semantically_classified,,,,false,NEEDS_HUMAN_REVIEW,Repository seed inventory only; body value and source support require separate review,db/seeds/blog-posts-117.ts,true
blog-206,/blog/senior-pet-insurance-guide,blog,노령 반려동물 펫보험 현실 가이드 — 나이 제한과 현명한 선택,4,published,2026-06-27T12:00:00.000Z,,sha256:8abd5be5bb1c5df4de75c3a663c69272794b4ad4c8d8daf7096adb58df63e778,3,UNVERIFIED,not_semantically_classified,,,,false,NEEDS_HUMAN_REVIEW,Repository seed inventory only; body value and source support require separate review,db/seeds/blog-posts-21.ts,true
blog-222,/blog/senior-young-pet-introduction,blog,노령 반려동물과 어린 반려동물 합사 완전 가이드,5,published,2026-06-30T20:00:00.000Z,,sha256:042da735bc895e60e59974986d2513bfda9f984dae5f0002b3271a38de8b0290,0,UNVERIFIED,not_semantically_classified,,,,false,NEEDS_HUMAN_REVIEW,Repository seed inventory only; body value and source support require separate review,db/seeds/blog-posts-23.ts,true
guide-shelter-animal-adoption,/guide/shelter-animal-adoption-guide,guide,유기동물 보호소 입양 가이드 — 절차와 준비사항,1,published,,,sha256:86f2a9bd41fdb3c7d69b028038bf767ff33b1beb2a0eae6942cf0649c3203ba5,0,UNVERIFIED,not_semantically_classified,,,,false,NEEDS_HUMAN_REVIEW,Repository seed inventory only; body value and source support require separate review,db/seeds/guides-batch-1.ts,true
blog-660,/blog/shelter-cat-adjustment-guide,blog,보호소 출신 고양이 입양 후 적응 — 숨는 고양이 대처법,1,published,2026-12-11T09:00:00.000Z,,sha256:6c2d14540373bbaa9124465c7dc9c0379b763347281b972e1b2fe9fce77aa4ef,2,UNVERIFIED,not_semantically_classified,,,,false,NEEDS_HUMAN_REVIEW,Repository seed inventory only; body value and source support require separate review,db/seeds/blog-posts-107.ts,true
blog-185,/blog/shih-tzu-care-guide,blog,시추 완전 케어 가이드 — 털·눈·건강 특성 관리,5,published,2026-06-23T03:00:00.000Z,,sha256:eb530d0b0023859b93d980e74b71f1c0859689422d7848e4150e3ed6a5883a85,0,UNVERIFIED,not_semantically_classified,,,,false,NEEDS_HUMAN_REVIEW,Repository seed inventory only; body value and source support require separate review,db/seeds/blog-posts-19.ts,true
blog-550,/blog/shy-cat-bonding-guide,blog,소심한 고양이와 유대 형성 — 강요 없이 천천히,1,published,2026-10-17T09:00:00.000Z,,sha256:6c227d41c26248d9c9e537254063f27534a52bbca0a4e82d231310fc188164b7,2,UNVERIFIED,not_semantically_classified,,,,false,NEEDS_HUMAN_REVIEW,Repository seed inventory only; body value and source support require separate review,db/seeds/blog-posts-85.ts,true
blog-187,/blog/siamese-cat-care-guide,blog,샴 고양이 완전 케어 가이드 — 특성·건강·행동 이해,5,published,2026-06-23T13:00:00.000Z,,sha256:40e894f45b6f4ec8dadefeb31f03a29b9951a5bca85cd6a2498aa4b2ac94b9d1,0,UNVERIFIED,not_semantically_classified,,,,false,NEEDS_HUMAN_REVIEW,Repository seed inventory only; body value and source support require separate review,db/seeds/blog-posts-19.ts,true
blog-376,/blog/small-breed-dog-ownership-guide,blog,소형견 키울 때 알아야 할 것 — 작다고 쉽지 않다,1,published,2026-07-22T09:00:00.000Z,,sha256:2e2cdc31e37621bf6c33705af4379aa8f6733bae9c35591277d9115618e0192a,3,UNVERIFIED,not_semantically_classified,,,,false,NEEDS_HUMAN_REVIEW,Repository seed inventory only; body value and source support require separate review,db/seeds/blog-posts-51.ts,true
blog-280,/blog/small-pet-rabbit-hamster-first-guide,blog,토끼·햄스터·기니피그 처음 키우기 — 소동물 입양 전 비교 가이드,1,published,2026-06-06T13:00:00.000Z,,sha256:6c610526cb0c6bae7cdfbd61b6ec8c4272b6403c7bc48958688f0305a9b14898,3,UNVERIFIED,not_semantically_classified,,,,false,NEEDS_HUMAN_REVIEW,Repository seed inventory only; body value and source support require separate review,db/seeds/blog-posts-31.ts,true
blog-211,/blog/smart-home-pet-guide,blog,스마트 홈과 반려동물 — 자동화 기기 활용 완전 가이드,5,published,2026-06-28T13:00:00.000Z,,sha256:3455658c2a9efce2fcb253f01d309109dcf4eaeded94281f7eb2abd11b487d1c,0,UNVERIFIED,not_semantically_classified,,,,false,NEEDS_HUMAN_REVIEW,Repository seed inventory only; body value and source support require separate review,db/seeds/blog-posts-22.ts,true
blog-578,/blog/spay-neuter-myths-facts,blog,"중성화 수술 오해와 진실 — '살찐다', '성격 변한다'는 사실인가",4,published,2026-10-31T09:00:00.000Z,,sha256:b56ed41689e4e96f3906e8be62a0ff22e27fb916d1e967dc467b65818517336c,2,UNVERIFIED,not_semantically_classified,,,,false,NEEDS_HUMAN_REVIEW,Repository seed inventory only; body value and source support require separate review,db/seeds/blog-posts-91.ts,true
blog-588,/blog/spay-neuter-timing-guide,blog,중성화 수술 최적 시기 — 언제 해야 가장 좋은가,1,published,2026-11-05T09:00:00.000Z,,sha256:615d4e859b0623e536403313b30ae7ec044feaccada4a42b8ec7c54776267d27,2,UNVERIFIED,not_semantically_classified,,,,false,NEEDS_HUMAN_REVIEW,Repository seed inventory only; body value and source support require separate review,db/seeds/blog-posts-93.ts,true
blog-645,/blog/special-needs-pet-adoption,blog,장애·특수 반려동물 입양 — 다름이 덜 사랑스러운 것이 아니다,1,published,2026-12-03T11:00:00.000Z,,sha256:073741b28d2a2c2a5b34390c0866cf3717cb1aecd7549593aa943bcd7ffece15,2,UNVERIFIED,not_semantically_classified,,,,false,NEEDS_HUMAN_REVIEW,Repository seed inventory only; body value and source support require separate review,db/seeds/blog-posts-104.ts,true
blog-191,/blog/spring-pet-care-guide,blog,봄철 반려동물 케어 완전 가이드 — 진드기·꽃가루·환절기 대비,5,published,2026-06-24T09:00:00.000Z,,sha256:77bd6454b8741104f1e201ad099e926579b024b5f40191bdacc6bd6e119286fc,0,UNVERIFIED,not_semantically_classified,,,,false,NEEDS_HUMAN_REVIEW,Repository seed inventory only; body value and source support require separate review,db/seeds/blog-posts-20.ts,true
blog-728,/blog/stray-animal-rescue-legal-status,blog,유기동물 임시 보호 법적 지위 — 구조자가 알아야 할 것,4,published,2027-01-14T11:00:00.000Z,,sha256:76b28b2747e948a3e65f7c2c3422074deb9acf0ec46891c71cdd03d09ab6ba1a,2,UNVERIFIED,not_semantically_classified,,,,false,NEEDS_HUMAN_REVIEW,Repository seed inventory only; body value and source support require separate review,db/seeds/blog-posts-121.ts,true
blog-stray-cat-adoption-guide,/blog/stray-cat-adoption-guide,blog,유기묘 입양 완전 가이드 — 보호소 방문부터 첫 주 적응까지,1,published,,,sha256:07867acd0daad6beec7c1baa58692dfc3b78c0ae5712b83755b7e5904a1aed0d,3,UNVERIFIED,not_semantically_classified,,,,false,NEEDS_HUMAN_REVIEW,Repository seed inventory only; body value and source support require separate review,db/seeds/blog-posts-4.ts,true
blog-333,/blog/stray-cat-feeding-legal-guide,blog,"길고양이 급식, 법적으로 문제없나 — 이웃 갈등과 권리·의무 정리",4,published,2026-06-30T11:00:00.000Z,,sha256:5d275c0bc915996f41c3fd11a0d63eb3b4f4cc6ef4de954b82bb8dbd08d3987f,3,UNVERIFIED,not_semantically_classified,,,,false,NEEDS_HUMAN_REVIEW,Repository seed inventory only; body value and source support require separate review,db/seeds/blog-posts-42.ts,true
blog-475,/blog/stray-cat-tnr-guide,blog,길고양이 TNR — 신청부터 완료까지 실제 절차 안내,1,published,2026-09-09T11:00:00.000Z,,sha256:fddb879c8403963c716feeb8ac6c6c6fe8b494272b110ed97a01220f8421801e,2,UNVERIFIED,not_semantically_classified,,,,false,NEEDS_HUMAN_REVIEW,Repository seed inventory only; body value and source support require separate review,db/seeds/blog-posts-70.ts,true
blog-402,/blog/stray-cat-tnr-participation-guide,blog,길고양이 TNR 직접 참여하기 — 지역 고양이 개체수 관리에 기여하는 방법,1,published,2026-08-04T09:00:00.000Z,,sha256:420d288a107aada34ca3a985dfeecf9262d0cd1a1148d0c5c81d2a3d46bfbba9,3,UNVERIFIED,not_semantically_classified,,,,false,NEEDS_HUMAN_REVIEW,Repository seed inventory only; body value and source support require separate review,db/seeds/blog-posts-56.ts,true
blog-stray-dog-adoption-guide,/blog/stray-dog-adoption-guide,blog,유기견 입양 과정 완전 가이드 — 보호소 방문부터 가정 적응까지,1,published,,,sha256:f5e527e10a24f112e42b1150d3a93a8a9da85b8c055c38166811dbba5b0eb035,3,UNVERIFIED,not_semantically_classified,,,,false,NEEDS_HUMAN_REVIEW,Repository seed inventory only; body value and source support require separate review,db/seeds/blog-posts-4.ts,true
blog-535,/blog/stray-dog-behavior-understanding,blog,유기견 행동 이해 — 왜 처음에 낯선 사람을 무서워하는가,1,published,2026-10-09T11:00:00.000Z,,sha256:dce352c44cfe27ab55ab44035fb431be1a02e2a18195fe308a499f5dd478da04,2,UNVERIFIED,not_semantically_classified,,,,false,NEEDS_HUMAN_REVIEW,Repository seed inventory only; body value and source support require separate review,db/seeds/blog-posts-82.ts,true
blog-738,/blog/stray-dog-rescue-process-korea,blog,국내 유기견 구조 절차 — 발견부터 보호소 입소까지,4,published,2027-01-19T11:00:00.000Z,,sha256:d8e84a6bd076af070bcd81e424d8e27196e53c997659f41a1b7aacdff7613054,2,UNVERIFIED,not_semantically_classified,,,,false,NEEDS_HUMAN_REVIEW,Repository seed inventory only; body value and source support require separate review,db/seeds/blog-posts-123.ts,true
blog-192,/blog/summer-dog-care-tips,blog,강아지 여름 케어 완전 가이드 — 열사병·수분·모기 예방,5,published,2026-06-24T14:00:00.000Z,,sha256:0bb0ab5963f5f1893df5255543bcdcb8439f3ae03623673c675e80880223b3f4,0,UNVERIFIED,not_semantically_classified,,,,false,NEEDS_HUMAN_REVIEW,Repository seed inventory only; body value and source support require separate review,db/seeds/blog-posts-20.ts,true
blog-348,/blog/two-cats-introduction-guide,blog,고양이 두 마리 합사 — 성공과 실패를 가르는 4~6주 단계별 프로토콜,5,published,2026-07-08T09:00:00.000Z,,sha256:7b0314f77a72f6963d2a4ad2bd141e024f06b62358f961c120c58ba1722a68cf,3,UNVERIFIED,not_semantically_classified,,,,false,NEEDS_HUMAN_REVIEW,Repository seed inventory only; body value and source support require separate review,db/seeds/blog-posts-45.ts,true
blog-224,/blog/two-dogs-management-guide,blog,강아지 두 마리 함께 키우기 — 급식·훈련·공간 관리,5,published,2026-07-01T06:00:00.000Z,,sha256:63d824fd007583da549fa96e124cf63b12000d5815f36c5484ac1e5f23df17fe,0,UNVERIFIED,not_semantically_classified,,,,false,NEEDS_HUMAN_REVIEW,Repository seed inventory only; body value and source support require separate review,db/seeds/blog-posts-23.ts,true
blog-251,/blog/vet-bill-reduce-strategy,blog,동물병원 진료비 절감 실전 전략 — 아끼는 것과 아끼면 안 되는 것,4,published,2026-06-03T09:00:00.000Z,,sha256:5718a5961306d568ca372c2eac960875c62d1f5e29c3f883d774b3099cd4f743,3,UNVERIFIED,not_semantically_classified,,,,false,NEEDS_HUMAN_REVIEW,Repository seed inventory only; body value and source support require separate review,db/seeds/blog-posts-27.ts,true
blog-209,/blog/vet-cost-breakdown-guide,blog,동물병원 진료비 구조 완전 이해 — 비용 책정과 합리적 이용,4,published,2026-06-28T03:00:00.000Z,,sha256:df668ae3a96f00e184802ae4ad9d843f113b67856d730757a47dd9f7a8c4e382,3,UNVERIFIED,not_semantically_classified,,,,false,NEEDS_HUMAN_REVIEW,Repository seed inventory only; body value and source support require separate review,db/seeds/blog-posts-21.ts,true
blog-vet-cost-saving-guide,/blog/vet-cost-saving-guide,blog,동물병원 비용 절약 — 진료비 줄이는 현실적인 방법,4,published,,,sha256:80370e73ff0c2e17c2c4cd82f985b2ff9bc32bef86d5473b432fdf0cbee855c8,3,UNVERIFIED,not_semantically_classified,,,,false,NEEDS_HUMAN_REVIEW,Repository seed inventory only; body value and source support require separate review,db/seeds/blog-posts-9.ts,true
blog-252,/blog/vet-diagnosis-certificate-guide,blog,동물병원 진단서·소견서·진료기록부 발급받는 방법 — 언제 무엇이 필요한가,4,published,2026-06-03T10:00:00.000Z,,sha256:25021da3e85f279dcc23bc3535237a201bef906b864b8077da089ce66106fff3,3,UNVERIFIED,not_semantically_classified,,,,false,NEEDS_HUMAN_REVIEW,Repository seed inventory only; body value and source support require separate review,db/seeds/blog-posts-27.ts,true
blog-359,/blog/vet-medical-dispute-guide,blog,동물병원 의료 분쟁 — 불만이 생겼을 때 권리 찾는 방법,4,published,2026-07-13T11:00:00.000Z,,sha256:59c1d4f6d50fb5795ade2430cd4c185f57fb4b90733e95f2f0b7870082aae5ae,3,UNVERIFIED,not_semantically_classified,,,,false,NEEDS_HUMAN_REVIEW,Repository seed inventory only; body value and source support require separate review,db/seeds/blog-posts-47.ts,true
blog-203,/blog/vet-second-opinion-guide,blog,"수의사 2차 소견 받기 — 언제, 어떻게, 왜 필요한가",3,published,2026-06-26T21:00:00.000Z,,sha256:f4b248ee133cd2bcafd8f814f814ec392b38b969fea1cefcf8d4c1a3dfc21628,3,UNVERIFIED,not_semantically_classified,,,,false,NEEDS_HUMAN_REVIEW,Repository seed inventory only; body value and source support require separate review,db/seeds/blog-posts-21.ts,true
blog-308,/blog/wet-food-vs-dry-food-complete-guide,blog,습식 사료 vs 건식 사료 — 어떤 개·고양이에게 무엇이 맞는가,2,published,2026-06-18T09:00:00.000Z,,sha256:6ece22f95f3a25049a7874e719b36f9c86f06e9ffcee8c84a4e6c725ba2d1e87,3,UNVERIFIED,not_semantically_classified,,,,false,NEEDS_HUMAN_REVIEW,Repository seed inventory only; body value and source support require separate review,db/seeds/blog-posts-37.ts,true
blog-when-to-get-new-pet-after-loss,/blog/when-to-get-new-pet-after-loss,blog,반려동물을 잃은 후 새 가족을 맞이하는 적절한 시기,6,published,,,sha256:920b15224d9f5369ad1f8769d381b8a7a6b09f864c0889ea39ac93da4804fb6d,3,UNVERIFIED,not_semantically_classified,,,,false,NEEDS_HUMAN_REVIEW,Repository seed inventory only; body value and source support require separate review,db/seeds/blog-posts-13.ts,true
blog-226,/blog/working-from-home-pet-guide,blog,재택근무와 반려동물 — 집중력과 유대감을 동시에,5,published,2026-07-01T16:00:00.000Z,,sha256:5aab09b46d099a087fe57e1888e5c1cd7346958a004107b3c0de40186f410d21,0,UNVERIFIED,not_semantically_classified,,,,false,NEEDS_HUMAN_REVIEW,Repository seed inventory only; body value and source support require separate review,db/seeds/blog-posts-23.ts,true
